DATE,STOCK_PC1,STOCK_PC2,STOCK_PC3
2021-01-05,2.125886996712575,-0.9267181127761265,-0.2601833114186221
2021-01-06,-0.4346608574749449,-0.8398220172966809,1.0338609716258622
2021-01-08,5.201901126806946,-1.0216545995321353,1.5651464581168846
2021-01-11,0.12266481258044452,-0.5999492067999063,-0.44128891417894256
2021-01-12,0.01690267545305613,-1.1790739017140017,-0.7012721019525836
2021-01-13,-0.02995227770860916,-0.8767680907610903,0.1111933411500196
2021-01-14,2.364059685905796,0.18880694728439465,0.5882968646021353
2021-01-15,-2.6246224016147255,-0.29387742155612223,-0.4466057923211656
2021-01-18,0.45170697806785015,0.0023069174784937263,0.11634807139778863
2021-01-19,-0.820230772089118,-0.003986646639074256,0.06747838915483495
2021-01-20,0.564255214195787,0.26661694022144267,0.8689842083757465
2021-01-21,-2.3000328969173265,0.8719328139176551,0.8063877835832012
2021-01-22,-1.3967618976895577,-0.03789562927003075,-0.32976555732959617
2021-01-25,0.6875849904433997,0.32334351881508505,-0.8223160273590547
2021-01-26,-0.23256419986024,0.6872055496204591,-0.23671702280462265
2021-01-27,-2.4633530842791145,-0.09217664279385553,-0.9584599737023428
2021-01-28,0.149773063242673,-0.1588800007929005,0.17313939192402578
2021-01-29,-3.7183925449657527,0.45044540560800794,-0.31621644578016556
2021-02-01,1.8019368908317142,-0.035449593605066505,0.5952071234981808
2021-02-02,1.143236705088215,-0.3799092738320729,-0.2432661769718289
2021-02-03,1.2884889466843656,-0.031051378148950416,0.11934969612909453
2021-02-04,1.3051218340435522,-0.26447767781353343,0.4922521620718818
2021-02-05,0.5857103710906112,-0.7129277912606338,-0.5540993576895288
2021-02-08,1.9884522594244123,-0.7504960609934964,0.1912897505361825
2021-02-09,-0.8137963636512303,0.5366764609732302,-0.6098094908161321
2021-02-10,-1.5711547670672805,0.29161949431037804,0.282138770669062
2021-02-11,-0.5098610074906451,-0.23712912811810993,0.17130711382328842
2021-02-12,1.968092122706852,-1.1964984994649404,-0.12828371922791523
2021-02-15,2.8082401010798854,-0.39514896287591567,0.3211319051340893
2021-02-16,0.05033686074875694,-0.03604222618789008,0.17840426448444233
2021-02-17,-1.3977561855039706,0.36159519679889573,0.7891672814902564
2021-02-18,-2.272040015105437,0.8388419973177699,0.7574978665671104
2021-02-19,2.341970165399103,0.2622533217024757,1.7432210533814012
2021-02-20,-0.6242194490609948,-0.12152365559979218,-1.0504193964082942
2021-02-22,-0.035407900243151186,-0.6951987109375083,-0.8689007530961673
2021-02-24,-1.5420084709245425,-1.3953751192080943,-1.6776074733873492
2021-02-25,-1.2169142919691478,-0.041960422152670596,-1.3882179580164213
2021-02-26,-1.2166986908871682,1.0762032794199508,0.8904610703548604
2021-03-01,1.9462540100734398,0.39163152364271026,0.8759095607638292
2021-03-02,0.796987320539092,-0.20085624617842562,-1.1915334145291656
2021-03-03,-0.050728233633387125,-0.6095223410653706,-0.2058540299479377
2021-03-04,-1.1760692429468633,-0.7985702448804287,-2.4956174933673543
2021-03-05,4.294631933416254,-2.8349027546745655,-0.38307296479431524
2021-03-09,2.604803004932287,-2.330893900809062,0.427418300855344
2021-03-10,-0.22532876533153584,1.2114984438698524,0.7677175151707188
2021-03-11,2.2357604411231478,-0.21637205418890001,-0.0843712256178686
2021-03-12,1.367321497980844,0.4496009636253009,1.167698853968825
2021-03-15,1.9775481602986522,0.014333613642735893,0.4013928462974422
2021-03-16,-1.9576485850361474,-0.14368345311954717,-1.2005447814919168
2021-03-17,-1.555127360802471,0.873591731729724,-0.11900354968962085
2021-03-18,-2.628387446667679,1.7028764852619709,0.057293671125184784
2021-03-19,1.3974601285192036,-0.08554483331723889,-0.39350293401385744
2021-03-22,0.28145134308066266,-0.030422247881049403,-0.27458231169874625
2021-03-23,-1.7102624953296077,-0.6818602439063358,-0.19966918792155733
2021-03-24,1.2514577697243323,-1.200717337155902,-1.3671127758168042
2021-03-25,-0.18956768205124597,-0.15050050566918458,-0.03530802004941511
2021-03-26,2.309703401305867,0.06768714011769314,1.3892923555385677
2021-03-29,0.41563530344601096,0.7882624150460033,1.4069975350493622
2021-03-30,-0.502888637030661,0.9643392634085866,0.9474901790694642
2021-03-31,0.9050217430928205,1.0666474354206712,1.3783497393607897
2021-04-01,-0.10051253816076877,-0.40158287994618425,-0.24500045122997224
2021-04-02,0.29455841826488127,0.3566176412860857,0.2980169101207291
2021-04-05,-1.57432624874207,0.5438886757519529,-0.10013047660753384
2021-04-06,-2.5165473785428345,0.5975378861842127,-0.10504836103830084
2021-04-07,1.3995383210006536,-0.42156611053721926,0.8027339501524521
2021-04-08,0.17527011519710525,0.7130052771761444,0.7833252824927043
2021-04-09,-0.9753420754642939,0.9097141087859935,0.6751863263121769
2021-04-12,1.9699178097115408,0.702661902349294,1.9291961449429833
2021-04-13,1.0184777215721987,-0.4807800077086068,0.19656826856734885
2021-04-14,0.4943909713330371,-1.118196888571912,-1.0741261494924883
2021-04-15,0.17498150116143663,0.8737805741540517,1.160869270729563
2021-04-16,1.496427497644972,1.665678432406984,1.222243629447168
2021-04-19,-1.3889737537316194,0.27284561945314917,-0.5266142216144589
2021-04-20,-0.7413633206786598,0.7713582904123116,0.3902407194751862
2021-04-21,1.2766594053903675,0.5577252775975757,0.8318620999442387
2021-04-22,0.8381658532218004,0.5216792935068634,0.9262698889644535
2021-04-23,0.28041621328305316,0.41894949985879,-0.08804316162044243
2021-04-26,0.07459530801551624,0.7371720173021364,0.5835199068356368
2021-04-27,-0.24807034820926066,-0.37982165573847376,-0.11292990587235956
2021-04-28,-1.6159219615878118,0.47485016214548253,-0.5536896441526964
2021-04-29,-0.9468982786764389,0.3863349109981163,0.7530353849775192
2021-04-30,-1.3449656209225926,0.017647280657794057,-1.1220306400702673
2021-05-04,2.2647131643487395,-1.2213657902269819,-0.09016597146350985
2021-05-05,1.122435323656722,-0.01384222048703312,0.003140642362505788
2021-05-06,0.6870630040893786,-0.10448151255687595,0.15229500634495266
2021-05-07,0.5857499977029876,0.8848884234640576,1.1416349628738198
2021-05-10,0.315805014516967,-0.29798478269095885,-0.13392182750848325
2021-05-11,-0.8170894755226221,0.7189835194433851,0.6183910340279661
2021-05-12,-0.3481642921375231,-0.5150538572469122,-0.09151082302993045
2021-05-13,0.3716910317255556,-0.11551342929033175,-0.36506885229649244
2021-05-14,-0.3369987042619988,0.3983764261254803,-0.24734869282785985
2021-05-17,0.42312393060178494,-0.026331360432861214,-0.14964376297281076
2021-05-18,1.0130085660399815,0.6589223511010858,-0.4138478140328372
2021-05-19,-1.771110591248427,1.036530203817384,-0.09639162173940061
2021-05-20,-1.2448455644339957,1.0229367677319525,1.293067032515473
2021-05-21,1.1689248405835808,-0.7381054600712899,-0.9030446309878924
2021-05-24,0.21352147310221614,-0.1963657194189928,-0.13926985013141324
2021-05-25,0.36574408350781046,0.10119959322391466,-0.5584878355113249
2021-05-26,0.6458953112988908,-0.6588669575771606,-0.3007125694951805
2021-05-27,0.6132064429091649,-0.15959328996175867,0.16765803297958637
2021-05-28,0.052707926698011276,0.25580292103733226,0.08767596330771212
2021-05-31,-0.16528998749154322,-0.8838882175874619,-2.2606509008912226
2021-06-01,2.015798277266995,-1.1256736362512043,0.19828947561737612
2021-06-02,2.0129350068789575,-1.4051075245507887,-0.23342732887212925
2021-06-03,-0.17524053892584254,-0.45770915567123144,-0.6036609774564088
2021-06-04,-0.0012412166222000424,-0.2774149740926913,-0.42606589509581827
2021-06-07,0.4749721730059501,0.22958073805551454,0.16162174035340418
2021-06-08,-0.3850634290132334,-0.016517793218145654,-0.4581917692485444
2021-06-09,0.8872811932068168,-0.5292787759962833,0.5014408976777114
2021-06-10,-0.6861804909565729,0.9316435751476636,-0.008624209961523405
2021-06-11,0.05008038691178279,0.5848749942781537,0.5479573810456432
2021-06-14,0.9510756773347849,-0.31297427907143494,-0.25410518241982405
2021-06-15,-0.7921164429826821,0.025752175948388776,-0.6368798749705936
2021-06-16,0.1107921666580795,-0.7744542840981674,-1.0515132903076252
2021-06-17,-0.49776268665682083,-0.3398028300023619,-1.3552880978559405
2021-06-18,-0.5915472982116787,-0.06523362589649691,0.06972676424802216
2021-06-21,0.9589358984955895,-0.17887509953948175,0.09802561400124456
2021-06-22,0.12593431483101047,-0.6221061557949006,-0.6027362583599181
2021-06-23,0.2247180326332652,-0.06825717860970186,0.229312851712788
2021-06-24,-1.6741866621452375,-1.0019230937836099,-1.0294500608365813
2021-06-25,0.8709859909980449,-0.18917801100643933,0.16907654153525656
2021-06-28,-0.5893918554542787,0.5857069257079198,0.6034814719460565
2021-06-29,-1.0512245790797405,0.07878664902138051,-0.5654241265113541
2021-06-30,2.075409957366014,-0.8766379467373693,0.7078455973248582
2021-07-01,1.3910315206763861,-1.166213063140948,-0.6639738938700261
2021-07-02,-0.19817275853821673,1.2798211997667914,0.49218946421079646
2021-07-05,0.26516722397127984,-0.6190874076825134,-0.2582364673600956
2021-07-06,-0.7936911931795693,-0.20386804597837688,-0.9988707057640411
2021-07-07,0.0024256024600402184,-1.6546559745789675,2.537347410205311
2021-07-08,-1.314652988955504,-0.2630726119212083,0.07718593785552402
2021-07-09,0.36928298557968825,1.1235925777869362,1.0949392252106327
2021-07-12,0.7104106876724028,0.7546837757835654,0.09520379348740657
2021-07-13,0.3915907577101554,0.762831895421553,1.1261096605630856
2021-07-14,-1.1669083191833172,0.49135946978712236,0.07312127002232724
2021-07-15,-1.5007230430890355,1.0959968876092827,0.7347067217739615
2021-07-16,-1.1268127006266957,-0.19323479943056668,-0.3129226082409024
2021-07-19,-2.491191245990415,0.7062819776973676,0.9623118608677661
2021-07-20,0.9778328001881338,0.0245914637846032,0.5303137497702686
2021-07-21,1.036189325476484,-0.6167732104621431,-0.48721971853093604
2021-07-22,0.5594952832594181,-0.029997826098350226,0.3625864959873811
2021-07-23,-0.6545195919762644,0.42784234498123697,0.02399892078588783
2021-07-26,1.3299559087845558,0.2890502565781645,-0.1324183904998097
2021-07-27,-0.40364786693980237,0.5396089199963655,1.1005039262323175
2021-07-28,1.6444740296503029,-0.42309859338624634,0.09064856094153642
2021-07-29,0.5372754951878145,-0.3269550719184197,-0.5515795555842657
2021-07-30,-0.6626632092792027,0.5229252490791783,0.600838329162314
2021-08-02,0.07744612385834557,-0.15906534566649813,-0.3402660848046832
2021-08-03,0.9035284046311657,0.08592010407436902,0.347138161521231
2021-08-04,-0.4214626331495039,0.2459861504453254,-0.10876017957364745
2021-08-05,1.387053569322202,-0.459441813447655,-0.19093541840771924
2021-08-06,-1.224731194117878,0.07456870242452573,-0.7520468177940051
2021-08-09,0.3981249838047558,-0.5079274491908695,-0.8324774936530005
2021-08-10,1.643383263290428,-0.5924191227106178,-0.10178929550599587
2021-08-11,-0.05968860343669356,0.02379006514020352,-0.3537679384757068
2021-08-12,0.8195973224443099,-0.36846898438012005,-0.32049140728913694
2021-08-13,-0.7560553955654421,0.27209546035981136,0.0620719318717213
2021-08-16,0.8254248533947515,-0.5329455276481817,0.19808515038502073
2021-08-17,0.7907039944348876,-0.10792100554787849,-0.3562536195825827
2021-08-18,-1.2653275409483635,0.5353550305701446,-0.9423277713081089
2021-08-19,-1.2892889146910562,0.3843425072390738,-0.6040003287794872
2021-08-20,-0.9818822866829904,0.13870381335194887,-0.33752213030685646
2021-08-23,2.0645240519128705,-0.3829063633297536,0.01961532246388159
2021-08-24,0.5390520684767901,0.22544755913801512,-0.19071740413616795
2021-08-25,-0.6143593918516272,0.5981728923744354,0.20422590947982203
2021-08-26,-1.4553699367705044,0.9845068354725772,-0.20682291869486408
2021-08-27,1.2729132922942696,-0.290019381586357,0.8694921647520045
2021-08-30,0.7439873484314771,-0.24511805366284434,0.4569697847260561
2021-08-31,-1.1617030772965624,0.48572828173910026,-0.25072675922354953
2021-09-01,1.4095491017138777,-1.513613974097553,-0.5992904553543011
2021-09-02,0.014401250534402603,-0.4446491077856842,-0.0016445975658614588
2021-09-03,0.4628558461693613,-0.21944639582111766,0.3714817504361481
2021-09-06,0.28302642353818025,-0.15577407600687798,0.7782265131504682
2021-09-07,-0.2986297341078492,-0.3130506923714877,0.3801026874382163
2021-09-08,0.7689578429227008,-0.054051002089426245,-0.8659026782604756
2021-09-09,-2.087220944853848,0.021258805416546567,-0.3509177200727191
2021-09-10,0.9200722945743113,0.25433212505228553,0.8380519293344333
2021-09-13,2.4260563794990104,-0.7014254706605544,-0.43879234353868435
2021-09-14,-0.14440809075554667,-1.0372832490719497,-1.1088387108219888
2021-09-15,1.4058343626253884,-0.7287617870047721,-0.6505242170042911
2021-09-16,-0.5104288887959852,0.23345588869679604,-1.2159617104870297
2021-09-17,-1.333851640605502,0.42951897963325275,-0.8721256913864032
2021-09-20,-2.7092874565563196,-0.3046892256111813,-1.1206249203854588
2021-09-21,0.9852345418586095,-0.4266355977127054,0.16591684307701712
2021-09-22,2.7731073083362854,-0.7462136384674601,0.9114790034044796
2021-09-23,1.1585580980892976,0.30948857687135817,-0.7044570815257505
2021-09-24,0.2989269370121922,-0.14413009663598433,-0.8277423711147366
2021-09-27,1.9704567331987528,-1.279868691753388,-0.9307138138718005
2021-09-28,-1.393918223308588,-0.2964191379310561,-0.625218752175165
2021-09-29,0.6656144499020502,-0.06505764364686963,-0.2070021441921597
2021-09-30,0.3110312411465945,-0.34439814568879384,-0.8318152920385344
2021-10-01,0.40994956832416185,-0.6858964571209708,0.2624201745040333
2021-10-04,0.9049191142613259,-1.8637230504781754,-1.5810836830248447
2021-10-05,4.293372702474755,-1.316573846189977,-0.8414989391524492
2021-10-06,-1.4767480443499799,1.864597799444889,0.6091916310526866
2021-10-07,1.0451115231896706,0.7418775282943625,0.8752045003715953
2021-10-08,0.19965156784235144,0.65594063753977,0.9928894501590317
2021-10-11,0.5827088917143687,-1.0630541633746464,0.22567322517956395
2021-10-12,-0.1849627115086366,-0.0571489100924551,-0.27248464923471016
2021-10-13,-0.4404357315996719,0.14770817251337665,0.5543179350878876
2021-10-14,0.20431946696778955,0.3784266843479851,0.3254012117325519
2021-10-15,0.08475159254593573,-0.8455284506805795,-0.034749681537468546
2021-10-18,-0.0047266973764082025,1.071713618966135,1.0957062579699322
2021-10-19,1.4244329036843717,0.06737107720842356,0.44757414004541013
2021-10-20,-0.08474935286572632,-0.6478800197222004,-0.5020528105382052
2021-10-21,-2.4361674142046255,0.7399935469360297,0.4436151194384443
2021-10-22,-0.30009855696665955,0.25620878369012234,-0.7759356862184623
2021-10-25,2.2990159855500636,-0.8164448994539891,-0.41843001672379765
2021-10-26,-0.4735169643242611,0.18003951234796675,-0.4661696760347048
2021-10-27,-1.3753352180167875,0.786385162643406,-0.4031049958039694
2021-10-28,-0.5795882202725589,0.036096438658542784,0.22639438159806383
2021-10-29,-1.3444563248223467,-0.04112220139646234,0.3162861756015816
2021-11-01,2.4014897729901845,0.02242494303487529,0.40284461035031377
2021-11-02,-1.129178143610574,0.8141206973710646,-0.6373127508544426
2021-11-03,-0.4827785569533579,0.548660151814665,-0.017893180567206422
2021-11-05,-0.46708775563161203,-0.33666946649972584,-0.8342577987536348
2021-11-08,1.0020548910600788,0.17872047229183613,0.524332633737601
2021-11-09,-0.20502512199711748,0.571785149626647,0.6044839730648737
2021-11-10,-1.8143622747394463,-0.1677204448310092,-0.6811295607555276
2021-11-11,1.5780479775708407,0.3633890830800689,0.4856261520256859
2021-11-12,-2.2794949874503576,1.3130137715402292,1.076617253158819
2021-11-15,0.17330674882765887,-0.42285987219199456,0.4277311868563326
2021-11-16,0.002725227306010776,0.3108051413516846,0.29880097382176257
2021-11-17,-0.4711079308947469,-0.632144585840486,0.5032585986986772
2021-11-18,-2.0921057930579887,0.31928523979212964,0.7784328040702503
2021-11-19,-3.0198929210360452,1.3771969432776163,-0.007023442672418173
2021-11-22,-3.7364731809991123,0.4327724298725458,0.8007557319004488
2021-11-23,4.499671001930312,-1.4964538370697111,-0.20832234819400053
2021-11-24,-0.8630430307938879,-0.29012822404413824,-0.05057649206050298
2021-11-25,-0.8319049948901348,1.2069969488131203,-0.13486194107870034
2021-11-26,-5.4523072042183784,0.3502006024548522,0.5557633740105341
2021-11-29,3.060910702367846,-1.286796586318094,-0.2353276040172411
2021-11-30,-1.6779587068228967,-0.7335006030374843,-0.2765252932682066
2021-12-01,2.08976444315101,-0.37576292495406777,0.11964157257268491
2021-12-02,2.4821847014646936,-0.9826186633776579,-0.02138493652475379
2021-12-03,-1.648962015171477,-0.05382639738279175,0.06365835220607882
2021-12-06,-1.6222808336058696,0.21033627708980818,0.2293350599085467
2021-12-07,2.305673949262601,-0.4967205814880589,0.40363987763170894
2021-12-08,-2.16654888645134,0.647410862948823,0.6132450619624895
2021-12-09,0.5112797038254172,-0.027012551321400593,-0.13852295777170529
2021-12-10,-1.1093747868821608,0.2594105259133296,0.3466123648956948
2021-12-13,-7.282403533908518,-0.015719431883182512,-0.9438105205475863
2021-12-14,1.92989941104758,-1.5655018711695918,-0.5758628253187198
2021-12-15,1.592440935687849,-0.3578674891391947,-0.2267338814886506
2021-12-16,2.4123542725241705,0.7556147640601609,-0.30956240268360335
2021-12-17,0.22881986985056996,0.26277433204734485,0.6074672227716232
2021-12-20,-1.661238253998455,0.9732298948130906,0.9553726861738273
2021-12-21,1.2268963681098788,-0.22221668207857145,0.30524600299992877
2021-12-22,1.1717062986163258,-0.042361492467890595,0.2665668296835947
2021-12-23,-0.972843283315498,0.6060061798690776,0.06844556097611985
2021-12-24,0.04427962066397586,0.46184216923850013,0.09319452044951775
2021-12-27,2.237175511880598,-0.08673438956708819,0.5881573397080274
2021-12-28,0.8357061154324857,-0.3261217725576258,-0.21996076882559096
2021-12-29,-0.7060474133707523,-0.411701346039573,0.1879100789742107
2021-12-30,1.1754714613857584,0.2778857172729296,0.447156096649306
2022-01-03,3.1601076762777938,-0.23791576079582177,-0.15160768605558367
2022-01-04,0.18345425031112408,-0.23810777661619154,-0.4066743107915085
2022-01-05,-4.842091268746269,0.8488143788835052,0.8150632060822854
2022-01-06,2.493521947310829,-0.6446343534079575,-0.2218392729061074
2022-01-07,0.02263554993341474,0.021803951826614494,0.005765808379281087
2022-01-10,-0.18471423495156478,-0.9426772651562725,0.2317367140548277
2022-01-11,1.185051182877933,-0.19802005987975524,0.3071231396039196
2022-01-12,1.6729790265177822,-0.29709774836536285,0.23200683902606165
2022-01-13,-5.268729028660492,0.39030689416168807,-0.01907670670033168
2022-01-14,-1.309576677514474,-0.509717046842862,0.035110605626768876
2022-01-17,-3.179397016100386,-0.4123722593827904,-0.8505377679653693
2022-01-18,-7.579168258390843,0.6160956914036921,0.17587277509021113
2022-01-19,4.452040394576153,-0.8325297566355426,0.941490898486283
2022-01-20,-0.35055951501511934,0.7179720510534009,0.5190154822037291
2022-01-21,-0.4686289875976986,-0.048642996762913074,-0.08419891681578655
2022-01-24,-4.71562495752477,0.3064853650877328,-1.059233081919314
2022-01-25,2.9505715890188475,-0.5449061416897647,-0.6474100640313247
2022-01-26,-1.8251336438504044,0.8565363203879774,0.9790678570405541
2022-01-27,5.617638226901226,-1.9304294390130319,-0.2901713636262979
2022-01-28,1.2101048935622953,0.5921197654051177,-0.8093090422182008
2022-01-31,2.3524400335945015,0.1485375404734105,-0.518088728513681
2022-02-01,-0.05928194023254486,0.8275825195391552,0.2940495504568832
2022-02-02,-0.0143555404297418,-0.14058604648351855,0.06149077169250875
2022-02-03,-1.8328093879590752,0.4299182239241359,0.21618296268329865
2022-02-04,1.20007963830292,-0.4962759588917958,-0.36337997277811246
2022-02-07,-0.35477758417089944,0.3700835088675835,0.1901699017288131
2022-02-08,2.6457406124683165,1.0369649283784923,1.3838049385585092
2022-02-09,2.113119362494708,0.11519365204285265,0.6031751783462173
2022-02-10,-1.3157281178458275,0.6676573748876049,-0.6966899172193527
2022-02-11,-5.54604344033413,0.017009166047714297,0.2629140501792286
2022-02-14,1.192453731389615,-1.007887300629888,1.3038812654419916
2022-02-15,4.005072751685796,0.3854638046358288,-1.250507552133139
2022-02-16,1.1405763915108897,0.1763513829478543,-0.27748404954751377
2022-02-17,-4.913103430127138,0.5379749289604514,-0.08204716803367237
2022-02-18,-4.575509390400077,0.8545007823893371,1.9569253072719597
2022-02-21,-20.76646187035789,0.13272187119310702,2.570627601858998
2022-02-22,8.794096960453643,2.4880873120782234,1.021456018319721
2022-02-23,0.02263554993341474,0.021803951826614494,0.005765808379281087
2022-02-24,-42.70244261501051,1.8354441461694997,5.9907120294147695
2022-02-25,8.472124905006545,-2.571877295264037,0.8684254136383082
2022-02-28,0.02263554993341474,0.021803951826614494,0.005765808379281087
2022-03-01,0.02263554993341474,0.021803951826614494,0.005765808379281087
2022-03-02,0.02263554993341474,0.021803951826614494,0.005765808379281087
2022-03-03,0.02263554993341474,0.021803951826614494,0.005765808379281087
2022-03-04,0.02263554993341474,0.021803951826614494,0.005765808379281087
2022-03-09,0.02263554993341474,0.021803951826614494,0.005765808379281087
2022-03-10,0.02263554993341474,0.021803951826614494,0.005765808379281087
2022-03-11,0.02263554993341474,0.021803951826614494,0.005765808379281087
2022-03-14,0.02263554993341474,0.021803951826614494,0.005765808379281087
2022-03-15,0.02263554993341474,0.021803951826614494,0.005765808379281087
2022-03-16,0.02263554993341474,0.021803951826614494,0.005765808379281087
2022-03-17,0.02263554993341474,0.021803951826614494,0.005765808379281087
2022-03-18,0.02263554993341474,0.021803951826614494,0.005765808379281087
2022-03-21,12.529279412160545,-8.838880806016093,1.0177592794331862
2022-03-22,0.02263554993341474,0.021803951826614494,0.005765808379281087
2022-03-23,0.02263554993341474,0.021803951826614494,0.005765808379281087
2022-03-24,0.02263554993341474,0.021803951826614494,0.005765808379281087
2022-03-25,-4.691707786567805,-3.099553952887573,1.101976099150391
2022-03-28,-4.611739311075062,-1.0319354586929608,-0.8482270144041466
2022-03-29,-1.2603709420316183,-2.328597362637511,-0.45781217770986127
2022-03-30,8.632645366595224,10.148551023287363,-7.134528658966624
2022-03-31,8.511453271063962,-1.7904161278390929,-1.8672868404362786
2022-04-01,2.3342680613158184,1.3255065743191685,1.8603919459885865
2022-04-04,0.8154629477783109,-0.2988407009348159,0.10628617833671686
2022-04-05,-7.240872255055079,-1.3315809805478287,-0.21349127027319748
2022-04-06,-2.780942194080682,0.11793408197406943,0.5670383960741628
2022-04-07,1.4232613383791732,0.2943556211530926,-0.8604371453539844
2022-04-08,-1.4799799860984864,1.0874534722051834,0.11723225996845839
2022-04-11,-2.2672335269643,-0.7411559329098607,-0.8616245933543419
2022-04-12,-0.5993506766971409,0.466731485437935,0.5558980629572896
2022-04-13,-1.0674134681920882,-0.16983141191345794,-0.5723589278068668
2022-04-14,-6.54109317605536,0.6944717156145094,-0.2969230003371247
2022-04-15,1.0552738319511634,0.0834842661734305,0.20436394379010822
2022-04-18,-3.623020322705811,1.0591267835071028,1.2254237279565654
2022-04-19,-1.1789675364104992,1.0419350229675632,0.6651164880834421
2022-04-20,1.8802999050022353,0.8809137209824426,2.090945506647174
2022-04-21,-3.1452461760116743,0.789930140554496,1.5263917297696064
2022-04-22,-1.28803408474208,-0.4082569116205735,-0.25222402969448465
2022-04-25,-0.5569594156427654,-0.21600427308361186,0.4776670621781508
2022-04-26,7.9369254839378165,-0.5840872442389697,-0.9133812411054045
2022-04-27,5.0319835296221544,0.8208445801429186,-1.9889342646020634
2022-04-28,-3.1136261018537432,0.046300691226890886,0.47078098686491915
2022-04-29,4.353200705966149,-0.7612593079243718,-0.2091810478042756
2022-05-04,-3.5568672431366726,1.930732337918591,-0.1290886265795473
2022-05-05,1.9068877476270107,0.7992796732685984,-0.40398091228931693
2022-05-06,-0.17258787892417254,-0.2432614093672286,0.6736679421650733
2022-05-11,-0.19241918361773452,0.16007888595342296,-0.13496434827557494
2022-05-12,-4.7740859867367975,0.18622349910255645,1.32224879287365
2022-05-13,0.23082747581658689,-0.48081830565215167,-0.13613219529829934
2022-05-16,3.6847437592926773,0.7043595099545192,-1.1220748455778278
2022-05-17,3.2213214070331135,-0.06800650957814805,-1.3053282395860177
2022-05-18,2.69958523697272,3.595182583934499,-2.0901503737084655
2022-05-19,-0.26135329822395237,0.375884672537829,0.2064056357303363
2022-05-20,-3.83838458550138,-0.6512709074768066,-0.05691291242031966
2022-05-23,-5.2461142871984325,0.5354872741967293,-0.9924549992964681
2022-05-24,-1.358489395089164,1.2599090881634445,-0.9204750983851192
2022-05-25,4.00856737211955,-0.11449222201317874,-0.8789378895082738
2022-05-26,2.730145038353778,-2.2752459100278513,-0.062123790463663654
2022-05-27,-0.10988055569178101,-0.4058913879172857,-0.36453973515348415
2022-05-30,-0.5643668905315009,1.4128166535290172,-1.3556064505721832
2022-05-31,-2.195868242072973,0.8519072211020551,-0.268121495752486
2022-06-01,0.6757521180816505,-0.16039345872261165,-0.35029595531402435
2022-06-02,-4.18523281273558,-1.4594264021951266,-3.856985150876
2022-06-03,-2.842212739125136,-1.8963302569423435,-2.587278496576953
2022-06-06,-0.5527830257403588,1.3868965332327698,-0.35466442510312873
2022-06-07,1.1628590109112935,0.20273252689179413,-0.5493770516116429
2022-06-08,1.24398646342067,-0.26252789721229075,-0.004742539522770279
2022-06-09,-0.8141394137052893,-0.3451927836365202,0.24273425699381493
2022-06-10,-0.12444615181561772,-0.19507481292416373,-1.5240109263584136
2022-06-14,0.20086150239633058,-0.4462327363859888,-0.7195662967130417
2022-06-15,2.246469291344906,-0.9963802145808881,-0.3602720196889481
2022-06-16,3.32982709977642,-0.7135605382549493,0.19833580003540893
2022-06-17,-1.3191764170343288,0.026711118919842108,0.042440176845329275
2022-06-20,3.5210440475570763,-0.6699049430809998,0.9567557333605876
2022-06-21,-1.6435961986212837,0.6083568914874881,0.38966389817212976
2022-06-22,1.650382161425427,0.23473729086437117,0.11139968972767149
2022-06-23,1.1139990264852582,0.45615290725681595,0.3679768196075807
2022-06-24,-0.5209524501867955,0.8434777373648259,0.031850444791847024
2022-06-27,0.5693986031830007,-0.3861531821683986,-0.2548164307179988
2022-06-28,-1.3173601667001071,0.0846988261409165,-0.8209450273675897
2022-06-29,-0.7252705810183948,0.05548042875410292,0.3384383969704562
2022-06-30,-7.281151007899758,3.3026589303549363,1.0820963004509836
2022-07-01,0.30968249301694534,0.2617662292991303,-0.8656463757883751
2022-07-04,0.019068719057190705,0.945326350839814,-0.304296909578884
2022-07-05,-0.140375018843389,-0.6703706947270123,-1.4861487505967803
2022-07-06,-0.21607970773341498,-1.0400252607086953,0.40648268432237333
2022-07-07,-0.5758965142778586,1.258050362991928,-0.22917645096198597
2022-07-08,-0.4209933483740998,0.8503562339386007,0.2679746984126839
2022-07-11,-5.018907976610442,-3.743348758797227,2.561761904118278
2022-07-12,-2.3182067423822907,-0.26586621801225957,-0.8081160201918866
2022-07-13,-4.0163142478688965,0.4333646768699836,-1.0450420669112597
2022-07-14,-1.138834299496793,-0.2995566056139295,0.681063583142456
2022-07-15,3.6651310263787225,-0.27998053321018745,-1.1578674272444696
2022-07-18,-1.2993606472116075,-0.13707876190158244,-0.8727414810238922
2022-07-19,-1.5490705354215042,-0.31561943768559725,-0.3981096048148895
2022-07-20,0.3718998114149478,-0.7118664092832931,-0.12368245763804664
2022-07-21,-1.870107030961111,-0.6244314124940112,-0.4546664709264408
2022-07-22,2.771659001257749,-0.9415738262020378,-0.8858512067799785
2022-07-25,0.554312873694506,0.13981955976298927,0.3418970152561527
2022-07-26,4.415330072239311,0.24845189026845094,2.016272078478301
2022-07-27,1.460266182019332,0.29344022958305876,-0.233335813242266
2022-07-28,-0.11381072311149697,0.9629881732941289,-1.8723787027863867
2022-07-29,2.614928051802548,-0.1252043090095511,1.158787120177468
2022-08-01,-2.282891037186396,-0.03798312977466801,-0.5160187078152225
2022-08-02,-2.1393266662205153,0.7834372341290905,-0.7733104625700591
2022-08-03,-0.9169414693048322,0.3954817960310277,-2.344951077517095
2022-08-04,-0.11128890085829717,0.8956789389083546,-0.06201904512043622
2022-08-05,-3.6557311283739655,-0.6844234854572935,0.21294402709646298
2022-08-08,1.658375150868213,0.4637999516534614,-0.3972781021360396
2022-08-09,4.339904159655997,-0.6333797227251263,0.8778962462020069
2022-08-10,0.17452211070024531,-0.3540946701657773,-0.7795109599456571
2022-08-11,-1.2678396209700276,-0.012258611010745582,0.6212776027557815
2022-08-12,1.0561486494429948,-0.5064192055455531,-0.6795320484948655
2022-08-15,1.170446192396376,0.1662576905643094,0.8563137750553249
2022-08-16,2.720501777022852,-0.9152605507889838,0.2654518178820182
2022-08-17,-1.514142158302571,0.3644891024035179,0.03478440700004698
2022-08-18,0.3785327110968166,-0.7001197468430858,-0.6061603123895405
2022-08-19,-0.4092325313294395,-0.15724179625164142,0.844365835469476
2022-08-22,2.1769783279744366,-1.3455691512669814,0.4470254444228927
2022-08-23,1.44813388165304,-0.7230129798514174,-0.05992837272225429
2022-08-24,-0.19799784642005114,-0.727441300337813,0.0524781356933624
2022-08-25,-0.3494047948186956,1.0881104968103728,-0.6041605808154091
2022-08-26,1.5056532129898694,0.0683263095181839,-0.4262095752284516
2022-08-29,1.8428274114929624,0.03786761261538774,0.7783138592563724
2022-08-30,0.19979396728282242,-0.18825945800046054,0.515359306648144
2022-08-31,4.25299075526671,-2.1215480165615643,0.5804182093971826
2022-09-01,1.9949741682173296,-0.7580841461644992,-0.6490938878784444
2022-09-02,1.8658545206673272,0.5340728548827275,0.8013425782605038
2022-09-05,1.726082187169592,0.3963784587627906,0.8774123882040326
2022-09-06,-3.0315443006235827,0.30873233894173374,-0.00216296520609533
2022-09-07,-1.439778514632172,0.05703857946689905,-0.009619530941041714
2022-09-08,-0.8165360887872862,0.2311082592962615,-0.20089825519262564
2022-09-09,1.9131332218536798,-0.05793136895934476,0.582822253576932
2022-09-12,1.1756789399601728,-0.17153352348804704,-0.5521794327623255
2022-09-13,-1.233004536117929,-0.05423483986375768,-0.19089865813783535
2022-09-14,-0.3064152125611056,-0.1902191468033138,-0.596889256565041
2022-09-15,0.30353009314852897,0.04810331260739925,0.159512943132599
2022-09-16,-0.7562286489044143,0.44366915145807073,0.551872786951517
2022-09-19,-0.5496590985901466,-0.08722868655470221,-0.1831352562014499
2022-09-20,-10.567687994768104,1.5984012926391324,-0.06226454077558445
2022-09-21,-6.25578104414534,-0.4513305020481721,0.8031900572608778
2022-09-22,3.092808032046841,-0.9352433356821694,0.07169623800812912
2022-09-23,-5.796977027826555,-1.2341545206304347,0.17117133904058732
2022-09-26,-13.24587284922342,-1.626855242051766,-1.3315234725384402
2022-09-27,5.419925007085698,-1.8028858503980318,0.972279632860856
2022-09-28,-0.4085963609876583,0.05299082905036418,-1.4758882839839063
2022-09-29,-2.7268935502789815,-1.9329770925892227,-1.605369373156955
2022-09-30,2.9497966556294215,2.4335592753252455,-0.044587976295922066
2022-10-03,5.871882815242513,-0.10149478815139201,0.06283777619653427
2022-10-04,-1.72463684290789,0.42590926917035127,-1.4862480379320775
2022-10-05,-1.3197321721706141,-0.1490912495630943,-1.6756294822339053
2022-10-06,-0.3206905786469001,0.05389155502828997,-0.771286255348733
2022-10-07,-7.550820618593982,0.20343751289944859,0.9526933389192821
2022-10-10,1.8026322477758439,1.9918828273230351,1.3676854970079462
2022-10-11,2.881996918075319,1.5576023710104687,-0.9460051461704032
2022-10-12,-0.876226022236514,-1.2604987261880731,0.5392726538830018
2022-10-13,0.4395445285466704,-0.7196151241987532,-0.501555195032408
2022-10-14,0.7849167525863618,1.8785565041383552,0.3364188915458527
2022-10-17,5.656346982330478,1.778260143604777,0.5375529013308341
2022-10-18,-2.195797017599567,-0.572959587903498,0.537316009665269
2022-10-19,0.6240904847420312,0.3703893226589,-0.4612717911231381
2022-10-20,2.5024120684393574,0.39858370329002646,0.27822743246818804
2022-10-21,2.2516061477420326,0.6215898043158671,1.1188344812161815
2022-10-24,0.3364690414007088,-0.3540143222512459,-0.3339924172100108
2022-10-25,4.619605991883504,-0.3712843958504624,0.20407527466689357
2022-10-26,0.3873111660437831,-0.08681141858556189,-0.20857879785074215
2022-10-27,2.3698078872811243,0.7347133251187472,1.0639995175189736
2022-10-28,0.5329634171273256,0.1595271369511274,0.3826965925019632
2022-10-31,-0.5724199649429019,-0.1408872618203094,-0.27821569972749993
2022-11-01,0.0431821562097477,0.13401513059341547,-0.31351727400227664
2022-11-02,-1.5637702097563804,-0.7439612791943006,-0.39269772582230245
2022-11-03,0.5818475309260407,-0.14148501925985166,0.36267766950420305
2022-11-07,4.257350940429526,0.802733073585731,1.3877968842719477
2022-11-08,-0.5514926234381128,0.5643526681040848,-0.305600619428582
2022-11-09,-3.0714939628955618,-1.0754769040436711,-0.41809522423421464
2022-11-10,2.8220673515946944,0.2860972637629201,0.1260888856235196
2022-11-11,0.7995789181550772,1.4741513930341505,0.88835099802079
2022-11-14,0.5573853157826484,0.3400481141122352,1.4116784656093164
2022-11-15,-3.48046759766039,0.055970524157096885,-0.5513399429744572
2022-11-16,2.4994665650877996,0.007031623881098125,0.25229899403691797
2022-11-17,-1.0712380659136933,0.22148081729791422,-0.5035253133999225
2022-11-18,-0.5116913469085345,-0.23806769776115258,0.5613257810074633
2022-11-21,-1.914056907234673,-0.2894118531010673,-0.38661128961654656
2022-11-22,0.7607001135179364,0.328455069031141,0.44833750848825804
2022-11-23,1.0603426259423956,0.4442813819334007,-0.41941082658441764
2022-11-24,-0.3738447227963644,0.2881396507716786,-0.2114481983994027
2022-11-25,-0.22287006570888765,0.34759143597067466,-0.5421697795279814
2022-11-28,-0.9124478236872344,0.16339102273901046,0.06607884009278023
2022-11-29,0.1749538554033903,0.3082351521560951,-0.4330327306304334
2022-11-30,-0.09093988611214637,-0.09979711336793375,-0.19854999199851447
2022-12-01,-0.0029322516170558013,-0.28659336949661435,0.8035275760659161
2022-12-02,-1.10570682803418,-0.21691799161650932,-0.13408731930757326
2022-12-05,1.0547577963557677,-0.3120170862544016,0.5654293494538807
2022-12-06,-0.9314109632297146,0.28127829907936586,0.17388315338920712
2022-12-07,0.5737392496329227,0.41589248141436436,0.8315381523142487
2022-12-08,-0.3689099707668332,0.06719225051441804,0.2858186641922741
2022-12-09,0.29862244209199973,0.03419589876055916,0.08279194809800201
2022-12-12,0.0047573062152471484,0.2794055866187868,0.11906904292424518
2022-12-13,0.10345693490042217,0.3817148199379971,1.0956526794285621
2022-12-14,-1.133747089094794,-0.5362002338157685,0.06560332936971248
2022-12-15,-2.237724680518016,-0.30006838625152504,0.07366794446823251
2022-12-16,1.4571736686134666,0.8223874134735872,0.07634383555746148
2022-12-19,-0.43183596328970536,-0.03767467455407496,1.446884279043859
2022-12-20,0.5237999472192283,1.901969897754369,0.972134976634865
2022-12-21,-0.7452128395280759,-0.5618634607783941,0.2716749808364234
2022-12-22,0.4043327915161998,0.9737593266413883,0.09493780769466614
2022-12-23,0.006193371608286127,0.05826672309793809,0.15171583357267382
2022-12-26,1.6281763355298529,0.29562425204609827,-0.34342643626202785
2022-12-27,0.5986404920233578,0.33033958849414535,0.7414695520154647
2022-12-28,-0.6551799542709561,0.129027693463026,-0.8068913692805993
2022-12-29,0.9403478598893588,0.06357352684924084,-0.15825114126551984
2022-12-30,0.7520818649885753,0.027186314969533183,0.4052961026718607
2023-01-03,0.6565233821307431,-0.4652694722131738,0.07992254407092829
2023-01-04,-0.36721928906324386,0.32061724878189307,-0.2263590009788378
2023-01-05,-0.7527783537323787,-0.09120013255957277,-0.44196377775890505
2023-01-06,0.2618116868734806,0.05546459948636596,0.18745721673074497
2023-01-09,-0.03566615030520616,-0.03664705992960148,-0.6067175069445614
2023-01-10,-0.40676861021765404,0.16746772577789376,-0.3693956379146032
2023-01-11,1.0218636152572758,1.1224362106087165,0.04805418689570544
2023-01-12,0.23378281350830088,0.4329267799067171,-0.17329642240657786
2023-01-13,0.24044602715246044,0.14998070497543795,-0.019469529324125993
2023-01-16,1.230702052216865,1.1231661230222132,0.6616951869096874
2023-01-17,-1.8574160522424585,-0.3665749774267777,-0.09538884184019841
2023-01-18,-0.13626680722687584,0.039829803064416476,0.32050011912864823
2023-01-19,-1.619444452430533,0.08562959223810099,-0.21080704832010785
2023-01-20,0.1448193503852752,0.6486600414426793,-0.5138893529722052
2023-01-23,0.6376879448841267,-0.16050043439195594,-0.6173314379904241
2023-01-24,-1.2104192883331084,-0.21406835422976805,-0.48459431403693687
2023-01-25,0.32686965313182087,0.27455354627811657,0.04381456939815277
2023-01-26,-0.36942855801041363,0.2881463255872379,0.13583812797317987
2023-01-27,0.9344352704528023,0.5189208333661681,0.5513583232210775
2023-01-30,0.7666033030337774,0.7623244473628736,0.23013531934700548
2023-01-31,1.0145712373015052,0.918518170363614,-0.2455666262571788
2023-02-01,0.882698971573309,1.1294337328337913,1.0869864169353856
2023-02-02,0.39758508635081913,1.1956403374602427,-0.14094785357349987
2023-02-03,0.16871681445194292,0.06812960480685505,0.18356173639991094
2023-02-06,2.299868772693826,0.000392315447485852,-0.13654103981319765
2023-02-07,-0.0914937359213411,-0.4036349704092881,-1.0582657415506092
2023-02-08,-1.272479951780235,0.007278408021469772,-0.32391794844467575
2023-02-09,0.3293042148081243,0.011092654737818144,0.9961862499342911
2023-02-10,0.244169733869915,0.16491772010153044,0.109320509996199
2023-02-13,-0.12907853621290494,0.2623836875821204,-0.15891451563773012
2023-02-14,-1.630681831620058,-0.9946387674522238,0.14172490186886844
2023-02-15,-3.939214333610509,-0.7173207634406814,0.42966276745917503
2023-02-16,0.679980276019473,0.32518419604745474,-0.41533807993673666
2023-02-17,0.6334801255938703,0.24046643563394884,-0.14433085029268794
2023-02-20,0.43571730090601557,-0.2990326954041502,0.369646710185871
2023-02-21,2.012749862673513,0.8465639248961448,0.15090331046923616
2023-02-22,-0.24821475903119536,0.12404888137282298,-0.0995922678385642
2023-02-24,0.019384512249515103,0.4662221124574817,0.1011246723789767
2023-02-27,2.1787669402969083,0.3498249551530958,0.13172774767546944
2023-02-28,1.0155984957381219,-0.253173156431364,-1.075970636990573
2023-03-01,1.5105906936460964,-0.9042593296005432,0.4690592388376567
2023-03-02,-2.0387755711103708,-0.0945485585091506,0.0711594226122263
2023-03-03,1.58820454449018,0.40146750018772764,-0.29077194671228823
2023-03-06,0.76281091564383,-0.9351517676726319,-0.4255039769731693
2023-03-07,0.1518727355234076,0.0989011880299879,0.2907899299632494
2023-03-09,-0.489031332391885,0.044625492081044625,-0.08409273714328988
2023-03-10,-0.3335733939555356,0.2580243306360949,-0.022270345090379905
2023-03-13,-0.4054202062537575,-0.1286207643201772,-0.10490806172336946
2023-03-14,0.5651339148144918,-0.3934135011299871,-0.3115823175761751
2023-03-15,-1.4527686546837397,-0.617117543649023,0.2264176291123781
2023-03-16,0.42857418278085746,-0.4907411011354418,0.31406422313547255
2023-03-17,2.875287758290264,-0.7523444407212644,-0.611584203726689
2023-03-20,4.562492819531136,-0.6758014828282766,0.46147184246538553
2023-03-21,-1.132180915946527,0.47292705385977324,-0.7749858741049491
2023-03-22,0.07725071419203143,0.14590789327924505,0.5227270681551227
2023-03-23,-0.40622434805193036,0.03375227665207437,0.00543311534441395
2023-03-24,0.5812038829493946,-0.557771177347744,0.17339354779134525
2023-03-27,2.8298328656778624,-0.6983072887189828,-0.6827883515988092
2023-03-28,0.027222564695044065,0.16283724620643686,-0.23847265512581944
2023-03-29,0.8930377286171787,0.4496554482006692,0.22450097964162255
2023-03-30,0.4439042315341998,-0.334379665704383,-0.7876513688539566
2023-03-31,-0.5994343835936486,0.06175636834698577,0.006906946635409493
2023-04-03,1.5079088149106845,-1.1085533777119119,-0.182293298434346
2023-04-04,0.18170741130872217,-0.8242302724101357,0.6052496789785827
2023-04-05,0.5390654895712236,-0.2371371982569332,-0.046018755302728295
2023-04-06,0.13894162386760173,-0.011831420692759175,0.02322648820127037
2023-04-07,1.106818365483382,-0.49288049114153987,-0.292941356536344
2023-04-10,1.440796659610762,-0.06538120983188389,-0.22075933166184766
2023-04-11,-1.6357721472227789,-0.10271160019212631,-0.07535932609245573
2023-04-12,1.0844850776110238,0.17335016724403765,-0.31242208069393473
2023-04-13,-0.15441764941480499,-0.1167752655775341,0.24043413532709082
2023-04-14,1.087374364603818,-0.18478499591572514,0.8192131504090968
2023-04-17,1.8399573300006309,0.07800965417420862,0.03356662222883567
2023-04-18,1.2046481474699922,1.1144137977245916,-0.542944529148016
2023-04-19,-1.2268893998627077,0.12988394909356102,-0.2867313543574966
2023-04-20,1.58709307492403,-1.0656140198596031,-1.260788560816658
2023-04-21,-0.04388835866098627,-0.1296549037030834,0.3286919984474886
2023-04-24,0.16158572899136783,0.24313127067095305,-0.570034751807635
2023-04-25,-0.6638044314820964,0.3883377689104263,-0.4185425691472373
2023-04-26,-0.5830095098262278,0.04459829793239362,-0.6467782540845372
2023-04-27,1.3218364105605303,-0.3522041457594033,-0.1499694317927593
2023-04-28,-1.60804267485039,-0.3575980755132847,-1.0679704810644768
2023-05-02,-2.256380629633118,0.3795816395106138,-0.47765422538119445
2023-05-03,-3.506318350901547,0.3100430901602191,0.6835121928430882
2023-05-04,1.0852427217723823,0.16730416760909128,-0.3647431652075406
2023-05-05,-1.0611940910287576,-0.13433789549001987,-0.0012680852386978338
2023-05-08,0.33540116487883403,-0.6458223832969969,-0.1810458755847587
2023-05-10,3.0671547497497533,0.3339406338060998,0.4420448542519689
2023-05-11,-0.037347693236577766,-0.15891127083164439,-0.39792981735805855
2023-05-12,0.6023624076053778,0.14888612360999956,-0.17427194295857895
2023-05-15,3.016360716986438,0.12473274952008291,-0.8103946738124365
2023-05-16,0.7624700304235058,1.0945309367909626,-0.5531286320575263
2023-05-17,0.09276685282060278,-0.10616601171903478,0.10179333144516033
2023-05-18,0.6480937384968031,2.161120085131625,-1.7849136033684638
2023-05-19,-0.4651775368451388,-0.4287449473505149,0.10905153513924722
2023-05-22,0.24122338386638306,-0.847397442482148,-0.4488744801745762
2023-05-23,0.4269151497565744,-0.5500949170598538,0.37110522735244655
2023-05-24,0.35262591957510087,-0.8226907506693059,0.24214229874664744
2023-05-25,-1.1246553019809078,0.1809481111944095,0.4598821060786497
2023-05-26,1.512253292882477,-0.15567808881222392,-0.437041850531601
2023-05-29,1.946137179739792,-0.20959028521544926,-0.6012848894680239
2023-05-30,-0.5514880940946328,0.691953689788259,-0.21471961372013612
2023-05-31,1.2227240296622415,-0.2408564003710277,-0.716650845332892
2023-06-01,0.5632629480280634,-0.08450591196757576,-0.17938568544550387
2023-06-02,1.01666831011414,1.0467667866993235,0.41324905211462776
2023-06-05,-1.3556373524642034,0.5619211257177408,0.18090220248965974
2023-06-06,0.4278206150447224,-0.6151598283053067,-0.3053820238298191
2023-06-07,-0.3000080566685772,0.1700008802424068,0.05800952991600005
2023-06-08,0.3694500689274378,0.2613652325052937,0.8263428766995771
2023-06-09,0.3554880303088212,0.0040881185140607,-0.17062453908882166
2023-06-13,3.103576993973212,-0.4984638860946841,0.011997913190213315
2023-06-14,-0.1456838935769377,-0.07533372283395963,-0.19544103823924266
2023-06-15,2.8419229750388,0.38513035445352534,-0.06539270736428555
2023-06-16,0.8185944909713314,1.5886752851126011,-0.9791409037753648
2023-06-19,0.7675977115760004,1.7271759096798747,1.9196938129499581
2023-06-20,-0.6020112445840652,0.326459879261422,-0.6571001012012088
2023-06-21,0.6277539479368628,0.8320646171087679,0.475291959775332
2023-06-22,-1.0564830243678118,-0.24627810571241246,-0.3398573270951715
2023-06-23,-2.523846434105881,0.08665842125550524,0.7201302778496804
2023-06-26,0.831084006221448,0.020610709266709045,-0.9686262202240568
2023-06-27,1.1300879875956804,0.4612321831869496,0.021950735314655564
2023-06-28,-0.8257235900173807,-3.8182180847952965,1.9677116161760695
2023-06-29,0.1813396187499005,-0.6805460706629098,-0.028305800123921428
2023-06-30,-0.48185057816642246,-0.502231957959031,0.4184685967224531
2023-07-03,0.21801430066126942,0.044218877089032875,1.1171036836402586
2023-07-04,-0.1938509730685943,0.3656508783502672,-0.5991166867314833
2023-07-05,1.353837882378532,0.5511504654333574,-0.3453198657008052
2023-07-06,0.5776605658138804,-0.7940701612982921,0.8605980808503543
2023-07-07,0.9762179039741692,-0.6157147386789977,-0.46810166811588905
2023-07-10,1.0066039761778518,1.5446314447520222,0.03574672749046495
2023-07-11,0.3434771189728806,-0.363367253564042,0.3409414545689486
2023-07-12,1.1831295697566295,-0.4692245653548886,0.7041091040758214
2023-07-13,-0.36986015264179944,0.09828326480104024,0.09525436891927438
2023-07-14,0.41632296756056125,-0.09891206947227175,0.2636327470278707
2023-07-17,0.8613921230927462,0.10839389379818619,1.0727448132811983
2023-07-18,1.6815808863876813,0.28742344077623,0.9451702546129203
2023-07-19,-0.362940687994685,0.3450399842440789,0.28555125939855747
2023-07-20,-2.793467861676649,-0.3177674157402566,-0.4012776069270454
2023-07-21,2.0041433852124824,-0.07823686974018353,-0.17575654265059323
2023-07-24,0.5491579806372572,0.021557913835451716,0.10463735991993674
2023-07-25,1.4786262242593429,-0.10550013484921317,0.20150580903407914
2023-07-26,-0.4610911019776601,-0.5134347624693895,0.09840783348468637
2023-07-27,0.7220989542510559,-0.10912934500104567,0.39313446973411365
2023-07-28,1.2113107854381562,-0.8266769104363614,-0.23297547393363313
2023-07-31,2.764562574798821,0.2188389967648251,0.5969985094145116
2023-08-01,0.7094858528608671,-0.2871828324170659,0.31988984906890966
2023-08-02,0.637856207332497,-0.9516532058810876,-0.9065787586964106
2023-08-03,1.7172255081311067,-0.2622058606020854,0.5290797323366423
2023-08-04,-2.328944874852247,-0.5673353651795645,-0.7052915304362062
2023-08-07,-0.3668074105051356,-0.34130547939956685,-0.5523243937168177
2023-08-08,0.8143067444846652,-0.24640087001708882,-0.5416186918596412
2023-08-09,0.7274687397117846,-0.5347025077610618,0.32924692316917575
2023-08-10,1.8137688065901822,-0.11747333947036388,0.47354643115938067
2023-08-11,0.5494967961233388,-0.42544901171283844,-0.34783912755866164
2023-08-14,-2.4812763200736,-0.935816070848408,0.2741610211737377
2023-08-15,-0.029636005650152394,-0.15473774148911473,-0.259425201314744
2023-08-16,-1.979715265320664,0.10370918386139147,-0.46292919677308914
2023-08-17,1.1129516468725962,-0.307940051704797,-0.0809523529236513
2023-08-18,2.2773494974649227,1.0218513599505623,-0.5370097831004829
2023-08-21,1.0545821497970769,0.023615560337886875,-0.2792624795873913
2023-08-22,1.4914951303940032,-0.5909631009543136,0.035911977874782446
2023-08-23,-3.246408886735059,-0.20353327130585913,0.4443194703497969
2023-08-24,2.1585999093580317,0.37675642884500826,0.12304482298571423
2023-08-25,0.4529951950126123,0.17119460235542763,0.20457705971357767
2023-08-28,2.0052456984041256,0.44014554695807845,0.9855754767683348
2023-08-29,0.2276385498223456,-1.1885458909841686,-0.7447806500833031
2023-08-30,0.21116935609311474,-0.053179453792964515,0.7016938161866981
2023-08-31,0.772137977395867,0.5661222294988184,0.8271522217827508
2023-09-01,0.16599726721933414,-0.10706119174645558,-0.008359111286362651
2023-09-04,1.4568936461537716,0.09819538453841273,0.03046964374088871
2023-09-05,0.07064360226105128,-0.7851113367409196,-0.38064230035983865
2023-09-06,-1.0404483984837363,-0.6325651094045666,-0.659519079443303
2023-09-07,-2.8127592962708716,-0.09859502445536468,-0.21623960844529933
2023-09-08,-1.5093259814224855,-0.18329655331703043,-0.20444675056434353
2023-09-11,-1.6558901412451263,0.1418693214158463,-0.011166529208351367
2023-09-12,3.500261380750765,-0.4431653641930458,-0.07173513433455517
2023-09-13,-1.94740412123797,-0.39046593034021343,0.15730558231927935
2023-09-14,-0.04439027361983726,0.4392595490016254,-0.36270101855592124
2023-09-15,1.112648627044034,-0.0625448341750446,0.2947824648170658
2023-09-18,-0.7555415419262725,-0.6150821462845061,-0.2508466925064178
2023-09-19,-3.1306250757980267,0.342063863151928,0.5437033715655349
2023-09-20,0.09140532859318973,-0.26257661734423043,0.648223221113594
2023-09-21,-2.5782145041169686,0.4347559184141081,0.1974083032693198
2023-09-22,2.4009066360205993,0.48282068203588624,0.4971636990345139
2023-09-25,-0.6155261508511132,-0.022525378476100918,-0.3114369321071521
2023-09-26,0.6713770788891011,1.0324148087724834,0.6312473035833019
2023-09-27,1.6714804370312122,-0.0505352245566207,-0.3605445453354597
2023-09-28,1.4740361334141865,-0.6474217962533155,0.012218292986910304
2023-09-29,-0.08273906099587523,-0.5200898569492136,-0.239164126542484
2023-10-02,0.4935430195737853,-0.5589117279341015,0.6159031365758431
2023-10-03,-0.05994660810496667,-0.6999178184669611,-0.4443101811763556
2023-10-04,-0.6142457642308641,0.6482153501235993,0.08370599565011563
2023-10-05,0.3428145263459671,-0.29049378097356976,0.3970482096786679
2023-10-06,0.5962346057451846,-0.39784837975521375,-0.024339702447418718
2023-10-09,1.4946438831626516,-0.5424459185277337,-0.41841357172152754
2023-10-10,0.19751385622855347,0.6850123513077975,-0.3164284044118664
2023-10-11,-1.8722719479102552,0.1062386445426645,0.027435332661685
2023-10-12,1.4197063691757719,-0.3938730481262672,-0.007527124492857555
2023-10-13,1.1739968765985702,-0.6017564514582656,-0.21923820515831577
2023-10-16,1.722287804870532,0.5030490495011843,-0.030058426956717555
2023-10-17,0.7835910984161565,0.3208554369770799,0.10604444472545708
2023-10-18,0.22675322693707037,-0.7091705828521417,-0.3897216549014395
2023-10-19,0.44717586767758266,-0.23880034773213987,0.32336985098757426
2023-10-20,0.7660837203251001,0.5197073180574086,0.47661416613204005
2023-10-23,-0.35539779914673336,0.5426152036321389,-0.3535960938790308
2023-10-24,0.26119755094333913,0.9774942710552652,-0.4529125916937278
2023-10-25,0.5247600033592552,0.37942150012423326,0.09749571077594098
2023-10-26,-2.052508446341323,-0.13256855496232103,0.3421760948178384
2023-10-27,1.109094922706931,0.03850241494490158,-0.2994036173888662
2023-10-30,-0.5370487149033069,-0.18728309633911877,0.8845736964375971
2023-10-31,-1.7666783146978484,-0.34650257764160075,0.7190660382142662
2023-11-01,0.8834774230343044,0.007026661413721196,-0.07200742087275587
2023-11-02,-0.08122064133936834,-0.05449304737444423,0.8085268674404672
2023-11-03,-0.3071342178311164,0.5391187099838667,-0.2976802928499142
2023-11-06,1.3795347180749418,-0.5517690881155679,-0.3478816954800155
2023-11-07,0.05718252362564125,0.6082134609474482,-0.30959649802857725
2023-11-08,-0.04445111770401038,0.1052003083440203,-0.9829812314551435
2023-11-09,-0.30572263246009523,0.1647061406181139,-0.4637980473273874
2023-11-10,0.6005387230723395,-0.637865479002816,-0.018804034746126897
2023-11-13,0.5697223379124545,0.7893506584215187,-0.10279955376459493
2023-11-14,-1.9357477367810194,-0.547584797654222,0.06179730625049356
2023-11-15,0.028299121453806905,0.6848866255920201,-0.48798218502130947
2023-11-16,-1.9331843451344193,-0.24061643818562212,0.5486186068701139
2023-11-17,1.1115812854456868,-0.6327833497057465,-0.03500204572529161
2023-11-20,-0.05899957487996319,-0.064628469778161,-0.4708591125804684
2023-11-21,0.7194704334116483,0.05358027940964418,-0.2800192232712291
2023-11-22,0.6577662745170221,-0.1526171213458007,0.11647656223425872
2023-11-23,-0.10055407543037458,-0.09999890282764408,-0.2031847742842905
2023-11-24,-0.024104290882529758,-0.7876183211468056,-0.4722782795292991
2023-11-27,-1.2273829849222504,-0.21477967920518404,0.09306940762481083
2023-11-28,0.6640854657230041,0.03719978348420469,-0.09901138223016834
2023-11-29,-0.7515315787473857,-0.4777259497915319,0.050636778235778585
2023-11-30,-0.5415195652051092,-0.774107103663555,-0.5030818284870309
2023-12-01,-1.107453679319679,-0.1692939092282957,0.19489661833821234
2023-12-04,-1.020871204451501,0.39424937370245994,0.9975905856253101
2023-12-05,2.308140679356016,0.19195684908189986,-0.2738294759973342
2023-12-06,-2.825991661670202,-0.4363222052428658,-0.5476862331557663
2023-12-07,0.5289385120398493,0.32488011454699967,0.7812088964186066
2023-12-08,0.4412266092746294,-0.20687023794946666,0.23716773331500485
2023-12-11,-2.175749256524991,-0.004573688595030854,0.32206395685907874
2023-12-12,-0.31045464261542305,-0.00916137244506172,-0.5673431791745918
2023-12-13,1.0090793308134232,0.07442325804559859,-0.05889606473659054
2023-12-14,-2.5860561461096547,0.4617632775731132,0.40219746942093254
2023-12-15,3.290390087885613,1.254886542498238,0.6773664584703057
2023-12-18,1.5249213632951528,-0.2362549466447566,-0.1317950409002144
2023-12-19,0.9149439238799985,0.25916971148825124,0.34809491311551666
2023-12-20,0.537365937522611,-0.07604254038252983,0.14092012541989235
2023-12-21,-0.7764065040771754,0.47693060953215444,-0.002810039661009171
2023-12-22,0.7758817909892428,-0.29964068845250097,-0.19994990669402019
2023-12-25,0.7545271527617392,0.16008063377079357,-0.33076020143340285
2023-12-26,0.3019572606782759,-0.3688039378490757,-1.116459437400872
2023-12-27,0.2634678382178259,-0.17412789011784047,-0.2257939661959814
2023-12-28,-0.1659510539849418,0.61484216655071,0.11202762775125759
2023-12-29,0.2159817307148084,-0.05426778599607606,0.08286508654774916
2024-01-03,1.9766372152749918,0.06341392153208526,-0.006971390414571435
2024-01-04,0.008212794562101012,0.15016493138876005,-0.3801711163017472
2024-01-05,0.28029279246425554,0.29678007195197215,0.2630043982466925
2024-01-08,0.6143794940353318,0.6845012976682413,0.43699968036115455
2024-01-09,-0.4566287241551466,0.7949384169531044,-1.037476421337684
2024-01-10,0.9470819373400838,0.25107575159998546,-0.26284436939430145
2024-01-11,-0.4286327423620786,1.09255680582962,1.7958918457859754
2024-01-12,0.5861802807858302,0.48579099738331477,-0.2133770947526064
2024-01-15,-0.36170964991690446,0.06401125635258995,-0.11404896280117248
2024-01-16,-0.7012484873071947,-0.05847811593302244,0.29172447230980264
2024-01-17,0.24548122181911947,-0.1018202267858778,0.17745753687286295
2024-01-18,-0.5019651057402758,-0.22873824760823516,-0.14604078529918868
2024-01-19,0.005781786871521854,0.6247945774159139,0.3830801506940252
2024-01-22,0.4028806805335307,0.4716133357725521,0.37042250656994985
2024-01-23,-0.022259214587777257,0.042353594163804596,-0.3383440003341093
2024-01-24,-0.06282111571537442,0.7043962270826699,-0.12756714721396145
2024-01-25,-0.3541419440611346,0.05202057277433904,-0.060238223536238804
2024-01-26,0.08432508135878863,0.0161773117771586,-0.20481626356748944
2024-01-29,0.8227289431706407,0.5479135768603397,-0.08113475445844166
2024-01-30,0.7706349060535308,0.6227441275672987,0.4923837720267889
2024-01-31,0.6171511954076835,-0.5749694618368031,-0.7602555078278244
2024-02-01,0.38992015308146555,0.21174642101074123,0.052171448811564956
2024-02-02,-0.134590125767589,-0.5381516334636749,-0.7873360361796005
2024-02-05,0.9070137827846765,-0.16854953018583038,-0.24280055187205288
2024-02-06,0.09508106547593775,-0.09214252296538292,-0.5073118677824484
2024-02-07,0.471026438390737,-0.40384103871901805,-0.3953445291982585
2024-02-08,-1.1833061934885145,-0.10916364745713603,-0.7825941644814267
2024-02-09,0.32994642447074346,0.5258548217586486,0.11621980904976628
2024-02-12,-0.18201496755103638,-0.07925756704865308,-0.43370266416814085
2024-02-13,0.38041627110286724,0.4837408853724726,-0.29496440266319096
2024-02-14,-0.03852750234425804,0.6815553740822423,-0.8008670810396545
2024-02-15,0.19306904450944906,-0.250512643329946,0.034248156196590294
2024-02-16,-0.6954445511779809,-0.11128133989698663,-0.09395580780193727
2024-02-19,-0.4743460293892496,0.1588932108968193,-0.18684828264685216
2024-02-20,-2.4571375973057608,-0.5301034754952924,-0.49074344424060934
2024-02-21,-0.9113903586688356,0.9662247381605309,-0.01978002726529773
2024-02-22,0.3156906283625918,0.27926268523657344,-0.34896684672703265
2024-02-26,2.504788207256855,0.25762795688006596,0.3405790001991622
2024-02-27,-0.029854882390241044,0.34579979539096056,-0.11326293399145737
2024-02-28,0.7150373864579167,0.25607869191182614,-0.5152629315630247
2024-02-29,1.3520284810975127,0.2407767022103417,-0.6722021188848083
2024-03-01,0.406171053398675,0.07353515704882721,0.20707868294258477
2024-03-04,1.191444077908084,0.03417314987895768,0.3510615121440809
2024-03-05,-0.1866327499096591,-0.19170745616217597,0.2509226565962473
2024-03-06,0.7859329713013876,-0.47582619782562824,0.6220078967394017
2024-03-07,0.7276166893233268,0.24366738724308834,-0.06117134552508844
2024-03-11,0.4342725154304927,0.1309882239945212,-0.11806999365168167
2024-03-12,0.5382899966762303,0.15474410745761366,-0.01004837134617831
2024-03-13,-0.8192341202405284,0.855098807801817,0.20345133522358422
2024-03-14,-0.7076071887325792,-0.6938365809182013,0.13512672232928583
2024-03-15,-0.016026469932975733,0.852045842336036,0.19221927893607493
2024-03-18,-0.33466542428333135,0.08927389977726662,0.1786175008358828
2024-03-19,-1.8699434190018607,0.21541559496927853,-0.041258675510226564
2024-03-20,0.3440634625751049,0.7060308446558892,-0.016221871121073633
2024-03-21,0.6424689582818363,0.5195547317152788,0.8400070286147937
2024-03-22,-1.8460168520666895,-0.13523149823328556,0.25717462245549766
2024-03-25,1.878219882000163,0.5862322929383674,0.9427682684026848
2024-03-26,-0.039719240651529146,1.285794698965482,-0.6265466886787289
2024-03-27,0.5961268185452508,0.834088647017978,0.35669533714572516
2024-03-28,0.2917574074907321,-0.47231206869343767,-0.49735040228984667
2024-03-29,0.49811956212852904,-0.012785573429023594,-0.28878091534439954
2024-04-01,0.9195612748815076,-0.37403699017780123,-0.9489001321487558
2024-04-02,-0.044991368630612615,-0.16501019340443637,0.0910814784462101
2024-04-03,0.38703052533747084,0.09885480604666415,-0.39561501458617687
2024-04-04,-0.05642644100147253,-0.8603529151539812,-0.1461012122684738
2024-04-05,-0.22314319473986524,0.35693410389925634,-0.1765283188313572
2024-04-08,1.1156570111255673,0.5954187918479196,0.18934439500422753
2024-04-09,0.665396742438235,0.6428570181322854,2.582175005828934
2024-04-10,0.25669266590911194,-0.2090380730202143,-0.41090120900264376
2024-04-11,0.07691513004967479,-0.045687811596559026,-0.7316355889056259
2024-04-12,0.505139508315212,0.05119064725533571,0.5387893392833778
2024-04-15,1.5890612130283917,0.1267835242174372,-1.4447650132052434
2024-04-16,-0.23239764716647493,0.8981189040591826,-1.2313638675002965
2024-04-17,-0.3426356955467219,0.2718667930104681,0.7325031728193835
2024-04-18,-0.5149779614902454,0.09613633739352113,0.15495417663620717
2024-04-19,0.4899862705712562,0.1357413882498465,-0.27614395890689825
2024-04-22,0.31836791462853725,0.5901114467946507,-0.01923464633264441
2024-04-23,-1.315623116558323,-1.0806663855317185,-0.10188203433434698
2024-04-24,-0.38802375103956477,-0.037313585741371884,0.22037937253487153
2024-04-25,0.3296286061320747,0.09835006825661512,0.31143018180261095
2024-04-26,0.36768513663717606,0.12061308916176863,-0.6028516343816921
2024-04-27,0.26182937210514823,0.13958594546641936,-0.11950274849570904
2024-04-29,0.6725214992964337,0.047591673136096656,0.09960209987577813
2024-04-30,-0.2764762882761283,0.015521981145098979,-0.11499128315693731
2024-05-02,-0.6809981119805574,-0.061337459759663024,0.009872657507094674
2024-05-03,-0.2471967561684214,0.17644332071620036,0.26725961856248787
2024-05-06,-0.6134470463759937,0.15781970325069944,0.2869446174095215
2024-05-07,-0.056204241641367426,0.5925995029859626,0.2224419604146355
2024-05-08,0.11522416818493934,0.35313745898235394,-0.28970693155894295
2024-05-10,0.7070852485126324,0.36116696494866146,-0.19791587878360384
2024-05-13,0.6355237589203031,-0.2038759975022787,-0.021969869526414006
2024-05-14,-0.1848257754992102,0.015601678312133944,-0.030049211412757366
2024-05-15,0.8051783645211994,0.05973165785360522,-0.3481379842162047
2024-05-16,0.28885400225493785,-0.36819858418821777,0.0020150507504517485
2024-05-17,0.041493506957014634,-0.10710427974137497,0.8285056717992083
2024-05-20,-2.1796198203667623,0.34807997644683375,-0.7874277737711635
2024-05-21,-0.7105386367920878,0.2595417744588583,-0.46205445079290797
2024-05-22,0.562541052693654,0.010232782097928337,0.733291951806982
2024-05-23,-0.3579476127404146,0.47885903556951315,0.7427290145738502
2024-05-24,-1.6773167238287419,0.621027912886423,-0.000773773268454631
2024-05-27,-2.445092987445982,-0.05524421803803822,-0.1832718025017839
2024-05-28,-0.7094774627815503,-0.4277082785575486,-0.6505769157665152
2024-05-29,1.0891173429069265,-0.014376886477408169,0.8221988460702931
2024-05-30,-3.3039116162498865,-0.7247027897240963,-1.1239257821638975
2024-05-31,-3.7957064657818305,-2.070620543883985,-0.11783061415961943
2024-06-03,-0.8371919541028567,0.9119465751659797,0.7352526407663216
2024-06-04,2.059016304863908,0.7351709022158031,-0.8443986387818257
2024-06-05,-1.4095818937802518,-0.3531361260095184,0.15414286193397778
2024-06-06,0.10607778169314606,0.299474404362096,0.28002726347542356
2024-06-07,1.0778424857489985,0.36483708705124673,-0.13458660269543032
2024-06-10,-2.3133466206626085,-0.007334176008480322,0.302016840353371
2024-06-11,0.19922036107731644,-0.9251497718736839,0.3089138120159501
2024-06-13,-0.7291106433096937,1.1481815829678772,0.00880571869225713
2024-06-14,2.317950160734808,-0.8937400538445095,-0.29986384407619054
2024-06-17,-1.2597584311469499,0.10507967349910234,-0.22420049946878523
2024-06-18,-4.240250334839095,-1.9572581472087476,-3.254539785670779
2024-06-19,-2.3349751899473095,0.16933789921705716,-0.2637224849959821
2024-06-20,3.180735521945209,0.16400721900465476,0.34076697820179597
2024-06-21,-1.1165180742922771,-0.440949834520264,-0.09346930737721718
2024-06-24,-1.1544035253086709,-0.040077535463392336,-1.1341021090503511
2024-06-25,1.9041138102555322,-0.25828083970454674,-0.4370368312264737
2024-06-26,0.5307296745591689,-0.843531612332579,-0.3649687357339304
2024-06-27,-0.33354148595335226,0.4005574635908093,-0.33452051426566176
2024-06-28,0.7267977557583147,-0.4406041900019637,0.4549159410028048
2024-07-01,2.5483740446059833,0.33341839587061967,-0.050308528567422246
2024-07-02,0.9919061183996328,-0.5563624051898369,0.601132644085105
2024-07-03,-1.2829668652442026,0.0405198713252164,-0.22826475385213962
2024-07-04,-2.1263459660944686,-0.2056797512423596,-0.41140216650140604
2024-07-05,0.9658147720268079,0.09674494330180376,0.9701565583480204
2024-07-08,-0.5083544984457401,-0.062314109086837,-0.43367109667276915
2024-07-09,-4.7968516497165306,-0.48417766578859744,0.08264818036285669
2024-07-10,-5.644734835920505,-0.9952580675132503,0.24159552918947685
2024-07-11,3.9577305928594626,1.2371440154174789,-0.017053034000121984
2024-07-12,-1.1309276659843168,-0.4295117752541029,0.28713109681437626
2024-07-15,-3.592471334740042,-1.4371634021244126,0.4293809732517191
2024-07-16,-0.15402149286034725,-5.8086412718798295,4.692896115099671
2024-07-17,-0.7498807647945998,-0.19567636080415696,-0.4507402485731816
2024-07-18,3.7099608464668705,0.8443378470810531,0.4152200404247176
2024-07-19,1.477923414090375,1.576856305399681,-0.5399429383644578
2024-07-22,0.7533247640925617,-0.8007772593941475,-0.5498804283983209
2024-07-23,-0.31471850087093944,0.07321555215836088,-0.37825646786682504
2024-07-24,0.28206784133897195,-0.3465853390838646,0.5380658828030085
2024-07-25,-0.6463463392346747,-0.07218989308892299,0.09594240598641872
2024-07-26,-1.6465051755801958,-0.5993929927084418,-0.10099870144771649
2024-07-29,-3.4392636911279384,-0.15438145764589953,0.2813159165052746
2024-07-30,1.7286588192042986,0.11957023493104686,0.5182016119398385
2024-07-31,0.20496762497353385,0.5964748991624159,0.4333225512033554
2024-08-01,-1.631693717152871,-0.11827544022391484,0.1107915638356214
2024-08-02,-1.0175681500556804,0.15993746386666158,0.16216826049612557
2024-08-05,-3.5133361879668543,-0.24417158877313314,-0.12517046467128573
2024-08-06,0.6796351316545929,0.10262192179478252,-0.050108767280035736
2024-08-07,1.5872536428697812,-0.22975554398860928,-0.4541835116900975
2024-08-08,-1.311034188881672,0.11684379296176743,-0.06617909208769573
2024-08-09,0.22067926211643052,0.1261246956178859,0.19991293023122625
2024-08-12,0.45086387544074413,0.14849002100429087,0.8477775049156042
2024-08-13,1.5023434875942805,0.4255166910134262,0.2242834635480121
2024-08-14,-1.3957297308201149,-0.3159956217031113,-0.23706458225266183
2024-08-15,-0.9877826284733012,0.2013371576507725,-0.014772508532721395
2024-08-16,-1.5737790608832016,-0.01516173849985404,0.8997283125857644
2024-08-19,-1.5866405848081175,-0.4565919130493702,0.5105408622483109
2024-08-20,-0.9406140646383541,-0.4392863617211302,-0.12890215260689503
2024-08-21,-0.43495491969480055,-1.7541949154236884,-0.6994429274014397
2024-08-22,-2.9635543802157915,-2.070138786482609,0.26086577516736575
2024-08-23,-2.142559784930106,-0.6505374722243535,-2.0728182261232027
2024-08-26,5.826542033734585,0.10319794512286193,1.389838166325961
2024-08-27,-3.080542190289059,-0.8492015019106864,-1.2959775011285886
2024-08-28,-0.8256425774564893,0.13724337764681807,0.19043727728477697
2024-08-29,0.6417640217028993,-0.07715078414979402,-0.4102520083450858
2024-08-30,-4.1606011656373525,-0.9326456759971969,0.2626386115298409
2024-09-02,-4.197976540087323,-1.1882422783014697,-0.9478810214332495
2024-09-03,0.6769191125487743,0.5977887936074467,-0.33166917443997423
2024-09-04,3.3020062370042043,0.5230849638327629,0.8675945397158236
2024-09-05,-0.20618170448008044,0.5546529127216475,-0.9852416427871095
2024-09-06,1.1395447524177822,-0.2143194861051958,0.6562461876240904
2024-09-09,4.137840649905497,0.5944710595101225,-0.06309426719514377
2024-09-10,-2.204761136832906,-0.04567037655539181,-1.1783246844764887
2024-09-11,-2.2476160173745665,-0.9110513188274629,-1.0447381586625033
2024-09-12,-0.5530687116337338,-0.37482240218696694,-0.3721417212290742
2024-09-13,2.784618155927958,-0.01649664718015722,-0.2963511539834279
2024-09-16,4.603626797288767,1.863625510975914,-0.8859129410784398
2024-09-17,2.023980121226672,0.8457252509205158,-0.3276277529072841
2024-09-18,-1.7033869090494498,-0.6288106079818988,0.35397566236023226
2024-09-19,1.2347800925253596,0.366525015338056,1.2263883878759152
2024-09-20,2.0069095466412574,0.015383954877457562,-0.5174862267382023
2024-09-23,1.2618102741898365,-0.805067967788769,-0.19161919394360147
2024-09-24,1.930447187207573,0.12224092960613887,1.061899346354006
2024-09-25,-2.0425877506504633,-0.10845950839679898,0.22320976143071386
2024-09-26,0.25551861656254105,-0.04607244093191059,-0.09340869991048745
2024-09-27,0.6115576479470259,-0.18283129907438783,0.33347825837316153
2024-09-30,-1.523748288992277,-0.16078647145417424,-1.0009673127472938
2024-10-01,-0.9591534784503899,-0.5916727217240757,0.09832228545052106
2024-10-02,-2.982964599307423,-0.38505213193422794,-0.14962935849186063
2024-10-03,0.8869580642034263,-0.37054682972187997,-0.9474064776210759
2024-10-04,0.466450852471386,-0.23897575321205664,-0.1258654426705741
2024-10-07,-0.26122456319412907,-0.6669312997378968,-0.3696777510252508
2024-10-08,-1.3865537858439643,1.059086677930902,0.9809736660206495
2024-10-09,-1.4871833741807732,0.33736182038289503,-0.770200558615258
2024-10-10,0.4096161453409391,-0.09009156785187178,-0.056098909427810074
2024-10-11,-1.4842838555113111,0.17076458559245822,-0.5051702071376796
2024-10-14,1.6262389747589943,0.4704846766284257,1.3595996174951843
2024-10-15,1.1349433047672208,0.18800389137327458,0.3727781720940023
2024-10-16,-0.5077939662078952,-0.31093795322387346,-0.15775273026578676
2024-10-17,-2.3356816220980314,-0.7020108852457323,-1.015283786180939
2024-10-18,0.14554786868537056,-0.037063761195683054,-0.04600128403918702
2024-10-21,0.31754463821725043,0.07674734282906061,0.4660665191520452
2024-10-22,-0.7798381010833144,-0.4218483408653853,0.703156482570795
2024-10-23,-2.117819988299665,-0.14286088558944782,-0.33872415462047245
2024-10-24,-0.030464521318302944,-0.049551412125472205,0.3723957274380218
2024-10-25,-3.636275761689551,-0.4247335738588236,-0.23823637660364017
2024-10-28,-4.945621797599985,-0.07858157841276148,-1.1503957438016683
2024-10-29,1.4620289050634074,-0.23298698774365423,1.5002637007065316
2024-10-30,-1.3961578119574458,-0.16222213631753524,-0.6789000946116032
2024-10-31,-0.7007681982636589,-0.16155861098957133,0.2299743897897245
2024-11-01,1.4341369555042638,0.3634901022075821,-0.18394633427228263
2024-11-02,1.7938420659731247,-0.34840119514265344,0.3231668237536658
2024-11-05,0.8160933620772373,0.3122121716231613,1.264330583407504
2024-11-06,3.038153068127873,0.011220464634553425,0.2018504214055708
2024-11-07,3.261589400596965,-0.01208665456064769,0.3256241572799401
2024-11-08,2.6745126880887296,1.0975354735831966,0.11761195162553124
2024-11-11,1.6207904037791838,2.0219630222477396,0.6009005476372729
2024-11-12,-2.1083157742664245,-1.1615610729455679,0.5472077837401538
2024-11-13,-1.1417158785332404,0.7104528262740479,-0.566478201875119
2024-11-14,-1.5962755147720937,-0.1575970184214655,0.14205720409337813
2024-11-15,2.3656251199031137,0.34235377880213164,1.0150924305606102
2024-11-18,-2.6292923601450204,-0.06353506108992736,0.01665058266799307
2024-11-19,-4.429158360084054,-1.5587099722208004,0.22866454490489538
2024-11-20,-2.7490722585902048,-0.2841533578104616,-0.6874473552698375
2024-11-21,1.8709831490826592,-1.252646826281486,0.008094262058171837
2024-11-22,-1.8298624479964438,0.14611150851771504,0.453541277075825
2024-11-25,-3.630859908176547,-1.1334693971995538,-0.14673173305322626
2024-11-26,-2.1968307073632136,-0.3282175256668853,0.2272307264327378
2024-11-27,4.069647632866127,0.6741618128096544,1.2092082066758982
2024-11-28,0.716755084006626,0.1554277333222522,-0.966670515525568
2024-11-29,3.292802760479628,1.2153513814678403,0.028747706554463962
2024-12-02,0.7862892519633728,-0.42841833040593075,0.9807807323030434
2024-12-03,-2.7627859344201076,-1.4164736801500573,-0.8241704533503537
2024-12-04,-4.608717393432803,-0.8751939549699377,-1.151790260843225
2024-12-05,3.9620995855103485,0.10495255061342915,0.3383522906378065
2024-12-06,1.0827315900379777,0.847599861223302,-0.5734612284432455
2024-12-09,1.010971459680637,-0.14913127942161672,-0.06633024787986166
2024-12-10,-2.5927148645301585,-0.815426601982562,-0.5428756681968263
2024-12-11,0.7109471049680197,-0.2691628206320549,0.06100550684062692
2024-12-12,-2.5379888413665883,-0.07705047603935404,-0.9768577050951184
2024-12-13,0.21410543749494595,0.3983325269564895,-0.17787880367825704
2024-12-16,-3.6121478194605188,-1.0243043914876473,-0.7622374160011172
2024-12-17,-1.5057776300589774,0.1665942972088272,-0.43902594066081163
2024-12-18,2.1527327839021706,0.26672705545064185,-0.2948642980542853
2024-12-19,0.9750085275529834,0.7137310538589483,-0.0784531265522719
2024-12-20,13.141295879883076,3.6186326935207607,-0.41358105125042105
2024-12-23,3.0444126728910383,-2.4531585096558812,-0.6873382341484942
2024-12-24,-0.7749755620812108,0.4855472551218965,-0.3494761286770293
2024-12-25,2.928818557529315,-0.07788213231473097,0.5743653440338123
2024-12-26,0.8249271480073054,0.332310009113114,0.6682180327260823
2024-12-27,0.973510156968268,0.034839335997669925,0.3515520139518034
2024-12-28,1.510617934190294,0.9780012614855378,1.0798838451901975
2024-12-30,4.854414438531221,1.0980571031500677,0.6146634964329686
2025-01-03,-3.4738159249633433,-0.44147831520749065,-0.4791966134166669
2025-01-06,-0.28214477388612474,0.14734437031186126,0.6559528230518396
2025-01-08,0.009521137791415979,0.10508487582625131,-0.06981766978619075
2025-01-09,-3.609522137976118,0.29278222088700917,-0.8308437590979151
2025-01-10,3.378571626808527,1.8129035625306387,1.1780835868992208
2025-01-13,0.2265385775358452,-1.2801845274719137,1.2331018087495356
2025-01-14,1.0129420295653664,0.8814118241248834,-0.2750724159210981
2025-01-15,1.050561058960372,0.008191370519325272,-0.7329867887803427
2025-01-16,-0.3107207307433979,0.02287230972432284,-0.1089740828284996
2025-01-17,2.3952731247976873,0.6553776262045666,1.6266635584053
2025-01-20,-2.207748341403583,0.5982668825881045,-0.6027399586003642
2025-01-21,1.2604153512598089,-0.3061006070458782,-0.06093022283427018
2025-01-22,-0.5742878962058627,-0.7265698133030993,-0.4851706128024179
2025-01-23,0.46209373380209945,-0.16812358785549494,0.5210814072284722
2025-01-24,-0.23971039164705807,0.2550336224266196,-0.584117011974682
2025-01-27,-3.436608008043061,-0.0745731976581191,-0.32844987550782934
2025-01-28,2.5839840243232595,-0.06531653859853268,0.325485098781063
2025-01-29,0.7858250506048622,0.3627127036254131,-0.36351617857093693
2025-01-30,1.8428476841794033,0.606844229059531,0.26245376447390933
2025-01-31,-1.6267356878198744,-1.3348649181522452,-0.9714298256469426
2025-02-03,-1.0961720468179708,-0.08228211104148762,-1.0424053095421422
2025-02-04,-1.027597058347798,-0.04930247794282827,-0.3782803918684626
2025-02-05,2.4549682776863424,0.17075525288985147,0.9283884620876452
2025-02-06,0.5110855756193299,-0.6402571334332193,0.2816229569566559
2025-02-07,0.08389444852953686,-0.197586492125118,0.6397990926231906
2025-02-10,0.9662595069054435,0.23580588142420597,-0.8894607673674335
2025-02-11,2.517996176660508,1.156392304450599,-0.45919654237187507
2025-02-12,8.17103141601834,-0.007858179696593868,0.21139859857762036
2025-02-13,-0.22744845557113194,0.5363955565009121,0.6634919000404996
2025-02-14,-0.5649277452740096,0.3672609588391284,0.5346372713484315
2025-02-17,6.039991602842536,-0.6193853659540555,1.206892024738303
2025-02-18,-3.57678567205148,-0.7530857292564314,-0.5752297906485051
2025-02-19,2.233407844593938,0.709585742299976,0.620836364588612
2025-02-20,0.4693692166885262,0.20055510212400796,-0.23619629575213333
2025-02-21,0.529349405495171,0.6854453240990154,0.4325807656329051
2025-02-24,2.2117327434898857,0.9331011270014838,2.880787132650623
2025-02-25,-0.3203514502760909,-0.7930351794658037,-1.3903541394054941
2025-02-26,-4.324764363303112,-0.09126396310852633,-0.765247384583492
2025-02-27,-2.8132276433728105,-0.6055007878193028,0.35205602998137214
2025-02-28,2.2157858145756406,0.3838361845407686,0.6206359231312242
2025-03-03,-3.2508228969385433,-0.5708320613789688,0.07124652042996817
2025-03-04,3.5107311784768003,1.458622374220889,0.6811946559957953
2025-03-05,-2.4029940697253367,-0.06951862637899667,-0.8505386410859703
2025-03-06,-0.11225592767235669,0.3384004078735209,0.6692663700840871
2025-03-07,-0.3146054982675972,-0.48048023976325915,-0.06880116928499719
2025-03-10,-0.7184200807195692,-0.28682103924153224,0.5570322314029641
2025-03-11,0.33656480672969913,0.07337138641004118,-0.7795425619195216
2025-03-12,-0.692560545133734,-0.2045098153662967,-0.46481773444522245
2025-03-13,-0.17435425090271697,0.22364471042982764,-0.9225132249481099
2025-03-14,0.7717863689030273,-0.22749285071587028,-1.0205068834971263
2025-03-17,2.013414882877878,0.561471938351732,1.151255237395099
2025-03-18,-1.431783666187967,-0.5741517393795175,0.19769962024914287
2025-03-19,0.1376129326960754,-0.26802614319031004,0.07329710932088118
2025-03-20,-0.5276244287297773,-0.41959671283379474,-0.11304864995342909
2025-03-21,-0.5084094515527096,-0.47126880550374095,-0.39955175033467727
2025-03-24,-2.569160141106162,-0.5771230305398165,-1.1474735210751161
2025-03-25,1.2102728833587948,0.2619447329866492,1.2504829868080989
2025-03-26,-2.50010197447773,-0.3870313360875162,-0.7727610279020152
2025-03-27,-2.714182888310453,-0.6277133028294678,-0.5770294993849662
2025-03-28,-2.662412522706122,-1.096775705963401,-0.33507287914247974
2025-03-31,0.027518644608899183,1.6448850254384741,0.8292001809853544
2025-04-01,-3.260581813922554,0.4838904449813729,-1.138679565855116
2025-04-02,2.2198410541177815,-0.5449576976832777,0.032408386882404175
2025-04-03,-3.2444046922213112,0.10289625384455045,-0.6040342906262072
2025-04-04,-7.197801498743134,-0.12410429265640191,0.291423496635611
2025-04-07,-0.48023205851055933,-1.1077647805287625,-0.27567851452333
2025-04-08,-4.302898139200806,-0.08432067020969852,-1.9206929824115753
2025-04-09,6.754604498767201,2.1973996247337317,1.4450903584366934
2025-04-10,-1.1127297295066785,0.21493758264980822,-1.688237402221815
2025-04-11,3.8041622454861344,-0.8148575709713631,0.9749027878688346
2025-04-14,-1.5117032372679513,-1.1781603420553386,-0.35844990217801553
2025-04-15,0.3908621803607681,-0.3355692567967715,-0.2601499853592159
2025-04-16,1.0106978648982106,-0.21135318114399565,0.10051804283074675
2025-04-17,3.1278803778613735,-0.8973559817107839,0.3737695809025841
2025-04-18,-2.351406474964281,-0.8595442003836969,-1.291897097715924
2025-04-21,2.751243472992751,-0.25264347781033175,0.42388640002057143
2025-04-22,1.961686951538168,0.7147470143259137,1.5370051307607797
2025-04-23,-1.7572791000057972,-0.17856474061284047,-0.8027167303887608
2025-04-24,0.1924758693973208,0.3411786141529772,0.0545503012537305
2025-04-25,3.9653373413136497,-0.5830353889768553,1.0045760147531537
2025-04-28,-0.3767171004832317,0.325020754165101,-1.1463863447287934
2025-04-29,-3.9356641417548506,-0.7262071430266787,-0.844459419897234
2025-04-30,-0.5025531766700985,0.6575828730072897,0.8179738292336307
2025-05-02,-5.492922474673557,-0.027382158413252578,-0.8642472067086545
2025-05-05,-2.921916849039223,0.6364971700307588,-0.3003380785638392
2025-05-06,2.215424889836064,0.32765538724698395,-0.19568817988128104
2025-05-07,1.6302670310544505,-0.1448603458906402,-0.038253448688926654
2025-05-08,1.240310360755912,-0.44225366278725553,0.6883875062255348
2025-05-12,4.046794424701371,0.017239768591333828,0.10353367242057047
2025-05-13,-0.69352692028603,-0.2359808863432154,-0.11673598296416328
2025-05-14,-3.218817173734372,0.31476539188036934,-0.22435003935586412
2025-05-15,0.002234113678336001,0.8786775876496885,-0.22230705740000004
2025-05-16,-0.2724165484690725,-0.46626584499844065,0.2783354797943686
2025-05-19,0.2593794453074893,-0.2876983435435489,-0.2733960024337622
2025-05-20,-1.4678366133828635,0.8174721928746164,-1.0292934608530984
2025-05-21,-0.9582924642844252,-0.913279032939302,-0.14158610814009195
2025-05-22,-2.2682437244493827,0.4188604698643731,0.21934980829379544
2025-05-23,-1.1115487725428328,-0.5188816955780258,-0.4465869446492217
2025-05-26,-3.7437912847457806,-0.4474447113123708,-0.9013783834947341
2025-05-27,0.8884605817414274,0.3089384693001095,0.16306757156796664
2025-05-28,4.586087988263131,-0.01267565787111843,1.7475239405467722
2025-05-29,-1.4359854365683675,-0.22633865920990875,-0.47914924557842214
2025-05-30,2.0339786110933584,0.12229279074953534,0.3211627246611265
2025-06-02,-0.2535480598184163,0.8372448806529703,-0.27839285598942487
2025-06-03,1.9608752644476397,2.997110250605603,1.4855456994300835
2025-06-04,-0.8594742557722477,0.5124796141725309,0.46302203089977517
2025-06-05,0.5479823147135999,0.5933167346095235,-1.1698634373891506
2025-06-06,-3.1299312161784663,-0.30329423099955544,-0.1628683008805697
2025-06-09,-1.5337397702644908,-0.19366295754368418,0.6337444392875324
2025-06-10,-2.5140656027145103,0.40914620978718164,-0.8695208194147273
2025-06-11,0.5974699909031839,0.11418532926739322,0.20922645996546865
2025-06-13,2.0946491922624424,-1.9415712030559216,-1.2303348794151199
2025-06-16,-0.9288107097225551,0.9602781617887325,-0.048205298978289096
2025-06-17,3.7430350869668976,-0.5516755103343635,1.5646820836714317
2025-06-18,-0.5905833666907894,0.2579281528617873,-0.6263598991768141
2025-06-19,-0.5263135503104811,0.1794864138084199,-0.38267907712805777
2025-06-20,-1.4843973986047247,0.2366555742492898,-0.2632318263721047
2025-06-23,-1.1104949695870223,-0.1461023680638936,-0.05393883307544912
2025-06-24,0.816864565536767,1.236096568192943,-0.32184115416585507
2025-06-25,1.6987508655876702,-0.023551958931744287,0.9186828201390964
2025-06-26,0.055254022974939046,0.21290693494615726,1.1109047233582663
2025-06-27,1.438786900668494,-0.238936683039685,0.4869332358845413
2025-06-30,1.0839060790209074,0.5658788167268131,-0.12090226193480291
2025-07-01,-0.24919410935623615,0.15693995261128182,-0.2695861794202044
2025-07-02,-0.9500482156513034,0.1963761297562749,0.7666926224967968
2025-07-03,-1.4076484570938879,0.014209085374330657,0.475800306404302
2025-07-04,-0.6989509519615364,-0.754474213267682,-0.252970792850264
2025-07-07,-3.695625490980162,-5.068623731129675,1.9675044248737803
2025-07-08,-2.3318987639672013,0.9661915583132161,-0.704591415596277
2025-07-09,-0.5384224528450399,0.16950153902553608,1.0893405806243999
2025-07-10,0.7413840107011467,0.0756067660184334,-0.560372988261955
2025-07-11,-3.7251842971861997,0.4302728881899992,-0.2580852626196167
2025-07-14,5.119490759692474,-0.5415726683676864,1.9433014076319481
2025-07-15,0.9518894104093977,1.3709549146886548,-0.13543606364156832
2025-07-16,0.7193882499731222,0.24103484125587865,-0.3959684493943994
2025-07-17,-0.45125027969185183,-0.10562363479530924,-0.7903440740565458
2025-07-18,2.99901606671149,0.3908868895565498,1.6804916836796082
2025-07-21,1.0482675685075291,-0.03217373904971258,0.0261781796092971
2025-07-22,1.0487760827631574,0.4778598040620078,0.8341756324084089
2025-07-23,-0.17267652386631924,-0.37258667261872047,-1.0195288981038333
2025-07-24,-0.5028502241214324,0.06147799951902579,0.020957922875935828
2025-07-25,-1.8000608495700432,-0.12448975178770404,-1.1130498050820503
2025-07-28,-1.8369289294537259,0.4659651685217422,1.249382908422511
2025-07-29,1.1608501102385937,0.15868442326574506,1.3103619573613832
2025-07-30,-1.4469307662613353,-0.14080860626633437,-0.6304704242755629
2025-07-31,0.5418082781684904,0.756034940513007,0.026313955293686887
2025-08-01,-0.35466353667926503,-0.2458502986906146,0.0035183798927587735
2025-08-04,2.6972693162622083,-1.1657941362949753,-0.2038337840729054
2025-08-05,0.9720972279070917,0.6328153994513273,0.054068483247304316
2025-08-06,2.0421944006314843,-0.5855089635068105,0.324373442419899
2025-08-07,2.6046057818744512,-0.08132237063482081,0.13075957254401607
2025-08-08,3.9024584407029113,-0.12967208136122244,0.44708089583840915
2025-08-11,0.965617574192035,0.5032283194848695,1.1924033293181757
2025-08-12,0.24827598620097477,-0.5116449952561927,-0.4771285344529408
2025-08-13,-0.866716280772396,0.2936452848027673,-0.019706197179028908
2025-08-14,2.2157029624346056,-0.023275490817011663,0.8121526605284721
2025-08-15,0.9702281404286188,-0.4173463829493278,-0.48612057270317527
2025-08-18,-1.3415985222559312,0.7705523701844248,-0.020015545690593307
2025-08-19,-1.0070626900418955,0.7588322596627916,-0.25730969141055815
2025-08-20,-1.536482601594703,0.3957032217832968,-0.8033014030121705
2025-08-21,-3.1624334070542024,-0.16538617634733627,-1.2046482291587686
2025-08-22,0.8783533761108154,-0.0481332279927541,0.1532681243896407
2025-08-25,-0.8424279349216869,-0.37834141101128255,0.8041347834263641
2025-08-26,0.4600437137160212,0.6430321210273905,-0.34038833548537395
2025-08-27,1.7868515452113378,0.0995747755419575,1.5947967313354015
2025-08-28,-1.8770083367548775,-0.6319299998380976,-0.5714466351185621
2025-08-29,0.9105546358459098,-1.192833586633019,0.15024208571030542
2025-09-01,-1.207376691031036,-0.16502709596997098,-0.2235084180369563
2025-09-02,-1.0722665281454378,0.27518735436916697,0.14591298644460932
2025-09-03,0.8782380774509435,0.4677390124705328,0.4924520986494215
2025-09-04,0.20070421976259314,0.15967289337409715,-0.36601235549698685
2025-09-05,1.4396652446935843,0.139833374943819,-0.03949368390361787
2025-09-08,0.3934293442272868,0.2691571290616479,1.0109929125141794
2025-09-09,0.8959151245138106,0.05982289762838187,0.7364748428063838
2025-09-10,-1.4489500803425284,-0.5184451712354654,-0.12494207338000278
2025-09-11,-0.12517073660436345,-0.5143947770620043,-0.5858752739105735
2025-09-12,-3.374314860807917,-0.2777254641475484,-0.15024435772968087
2025-09-15,-1.3203193446130275,-0.44565182528289815,0.017872314450538933
2025-09-16,-0.6738793213905225,0.31809982341145443,0.1852493338054538
2025-09-17,1.0223602119923476,-0.008573316152724476,0.30557016710813734
2025-09-18,-1.8833686046881135,0.0571803666027656,-0.24977164390320736
2025-09-19,-2.807847366945156,-0.6348630518299169,-0.9568672951163084
2025-09-22,0.580336456003516,0.14490768618535632,0.6022109195793398
2025-09-23,-2.6114335464889225,0.5929568395345857,-0.6841441183376926
2025-09-24,2.976624963122412,0.6160709037904625,0.07443661417354616
2025-09-25,-2.1114763886552645,-0.8151653387442268,0.11898548372694008
2025-09-26,1.3828415626098858,-0.2256656967207567,0.34135359197503223
2025-09-29,-1.7785025302463515,0.7192251972018555,1.0908956638320875
2025-09-30,-0.8750867016251798,-0.8161883169601498,-0.41389695261729964
2025-10-01,-1.5512046725934863,-0.29459884889900634,-0.5655415911755203
2025-10-02,-0.4008795135691325,0.23220057622913692,0.5442937547743728
2025-10-03,-2.2001831519277126,0.23674362412232866,-0.27709008010488273
2025-10-06,2.841941375821117,-0.07513064619217275,0.6458154746717736
2025-10-07,1.2767813088717967,1.415222100551125,-0.18933411168430533
2025-10-08,-4.655512288359226,-0.04150695995200916,-0.7106449576973951
2025-10-09,4.096324891255764,-0.7139089366138177,1.2832757327200002
2025-10-10,-3.1130199706720916,0.04982022208929549,-0.15443860866419296
2025-10-13,0.31111210444590737,-0.21745238420339774,1.0305815103797276
2025-10-14,-1.856351922131822,0.18564206140793374,-0.33196690818622804
2025-10-15,-0.6035134992576228,-0.0660840942811322,-0.1206445338980386
2025-10-16,8.982673873222627,-0.07487599471410898,0.6488363460100708
2025-10-17,0.461309255222483,-0.2288141373242947,-0.8071425153361482
2025-10-20,0.6121631955394576,-0.5087588887729161,0.124734562476752
2025-10-21,-3.625009657414368,0.0276451580869405,-0.6821726942175514
2025-10-22,-2.493440145602741,1.102520238305802,0.27649388212765713
2025-10-23,-1.95285602670977,1.1312301264324853,0.5327609766958509
2025-10-24,-1.9368826183658576,-0.5382390259150368,0.11282453658902564
2025-10-27,-5.698216435553409,1.3448173115655704,-0.8292928194689706
2025-10-28,2.709267384419412,-0.3442583293048177,0.6807482179301779
2025-10-29,0.6333749663084278,-0.10335069571251052,0.24211899417667102
2025-10-30,2.6246928696652367,0.4779596825068223,-0.17446584973775833
2025-10-31,-2.3784637440101224,-0.25494593349397976,-0.6167201607322038
2025-11-01,0.6530749066548611,-0.07762270738456714,0.11848243281388497
2025-11-03,2.3108712156142355,-0.4638281908239841,-0.06397089904250433
2025-11-05,-1.4218458112734613,0.34737455741300716,-0.13364743077364413
2025-11-06,-0.3514888380987904,-0.22837979264495706,0.061272634757528255
2025-11-07,1.5790439589378895,0.21709570714679352,0.43762377692685095
2025-11-10,-0.6976617141879131,0.9960214823634053,0.4495917970433617
2025-11-11,0.9356124917096924,-0.0574238894834585,0.6560873147450873
2025-11-12,-2.3072838709522854,0.9136235374879911,0.09182086082047562
2025-11-13,0.28810612577374795,-0.16368220859772428,-0.18994765045850842
2025-11-14,-0.34587496659074135,-0.6917387810698222,-0.8435905610207236
2025-11-17,-1.83764239130042,0.5709764297725826,0.07525960570147094
2025-11-18,3.298349817244838,-0.38388971452315074,0.724815759455725
2025-11-19,4.432514267806313,-0.5888569565861012,0.3067733559261531
2025-11-20,4.067673743552137,-0.4499722627769962,0.3907126454787327
2025-11-21,-0.8334441212854348,-0.5543467214612731,0.02329209058157014
2025-11-24,-1.4348182330141186,-0.08790149106360158,-0.6293962780667165
2025-11-25,1.46608805073696,0.911105939643434,0.5310690772626896
2025-11-26,-1.0045378113774766,0.34751534043792,-0.3828055843781399
2025-11-27,-2.5758243365304416,0.1484447484408998,-0.20412326767544722
2025-11-28,3.233806165471722,-0.5105858824116583,0.48229157753878626
2025-12-01,0.1884702219628001,0.4004545287860665,0.16599220191842745
2025-12-02,-0.26483386370301193,0.26095196463894504,-0.32996882269791733
2025-12-03,-1.734086768445236,-0.17207921435622528,0.06778428059426017
2025-12-04,0.08533586475613006,0.22145630382897546,-0.07260101893743368
2025-12-05,3.135209921668469,-0.5503087830312534,0.8821166155097508
2025-12-08,-0.899950934494353,0.608227677944847,-0.380198224488583
2025-12-09,1.826690038744527,0.08818908500077899,1.2027311785866905
2025-12-10,0.2207242590631713,0.40240740935577846,-0.6743460901642166
2025-12-11,1.3085850887716606,-0.7188938458251865,-0.078332955239323
2025-12-12,-1.8797094258704965,0.19184215957575457,0.6762808452855675
2025-12-15,2.1015473176814092,0.5729943855714732,-0.10628358252768172
2025-12-16,0.9365739323040126,0.1761201630723024,0.62726073179655
2025-12-17,-0.03881724910636367,0.5730740437648673,-0.3568499901374467
2025-12-18,0.030936357393553656,0.03482328274208898,0.7601311940735174
2025-12-19,-0.5249648382906371,-0.13536916196047913,0.24389795829799527
2025-12-22,-2.168347667899685,0.30538384319678874,0.23046438874766292
2025-12-23,0.5931880130532411,0.21058837151291726,1.202624356167555
2025-12-24,-0.8260611676533354,-0.2614113671947303,-0.31364933143646906
2025-12-25,-0.5542784184517711,0.054208209471025004,0.5908764959831608
2025-12-26,2.821439868256685,-0.38484234213372354,0.8386698686253349
2025-12-29,-1.2017552883612415,-0.06265270649053993,-0.8091720954506613
2025-12-30,0.5560090502550615,-0.18960282217324356,-0.28121556976392764
