TRADEDATE,USD,EUR
2021-01-01,73.8757,90.7932
2021-01-12,74.5157,90.8123
2021-01-13,74.2663,90.3227
2021-01-14,73.5264,89.7831
2021-01-15,73.7961,89.6475
2021-01-16,73.5453,89.2546
2021-01-19,73.9735,89.3304
2021-01-20,73.7243,89.2064
2021-01-21,73.355,89.1483
2021-01-22,73.3694,88.9677
2021-01-23,74.3615,90.4087
2021-01-26,74.8569,91.1458
2021-01-27,75.6354,91.6701
2021-01-28,75.04,91.2186
2021-01-29,76.1854,92.131
2021-01-30,76.2527,92.2963
2021-02-02,75.5053,91.5426
2021-02-03,75.9051,91.625
2021-02-04,76.0801,91.5624
2021-02-05,75.7293,90.9206
2021-02-06,75.1107,89.885
2021-02-09,74.2602,89.4019
2021-02-10,74.1192,89.5286
2021-02-11,73.8526,89.5684
2021-02-12,73.7579,89.4388
2021-02-13,73.9378,89.6052
2021-02-16,73.3092,88.9754
2021-02-17,73.2895,88.9441
2021-02-18,73.7669,89.0809
2021-02-19,73.7755,88.87
2021-02-20,73.9717,89.5427
2021-02-21,73.9833,89.6604
2021-02-25,73.7532,89.6691
2021-02-26,73.4747,89.4995
2021-02-27,74.4373,90.3743
2021-03-02,74.0448,89.4461
2021-03-03,74.5755,89.5652
2021-03-04,73.5187,88.8768
2021-03-05,73.7864,88.9421
2021-03-06,74.4275,88.9334
2021-03-10,74.264,88.1736
2021-03-11,74.0393,87.9587
2021-03-12,73.4996,87.7585
2021-03-13,73.5081,87.7981
2021-03-16,73.2317,87.3508
2021-03-17,72.9619,86.9852
2021-03-18,73.1019,86.9693
2021-03-19,73.6582,88.1173
2021-03-20,74.139,88.433
2021-03-23,74.6085,88.6573
2021-03-24,75.3585,89.767
2021-03-25,76.1535,90.0515
2021-03-26,76.1741,89.9768
2021-03-27,75.7576,89.2576
2021-03-30,75.8287,89.349
2021-03-31,75.7023,88.8821
2021-04-01,75.6373,88.7452
2021-04-02,75.8073,88.9523
2021-04-03,76.0734,89.5916
2021-04-06,76.6052,89.9958
2021-04-07,76.3802,90.1821
2021-04-08,77.773,92.3321
2021-04-09,77.1011,91.6192
2021-04-10,77.1657,91.7809
2021-04-13,77.5104,92.0669
2021-04-14,77.2535,91.9162
2021-04-15,75.6826,90.5391
2021-04-16,76.9808,92.2307
2021-04-17,75.5535,90.4602
2021-04-20,76.2491,91.476
2021-04-21,76.0155,91.7507
2021-04-22,76.8198,92.2913
2021-04-23,76.4217,92.0423
2021-04-24,75.0893,90.4676
2021-04-27,74.768,90.4468
2021-04-28,74.9578,90.4666
2021-04-29,74.939,90.4289
2021-04-30,74.3823,90.1513
2021-05-01,74.8451,90.585
2021-05-05,75.2567,90.451
2021-05-06,74.8617,89.7742
2021-05-07,74.577,89.6788
2021-05-08,74.1373,89.506
2021-05-12,74.1567,90.004
2021-05-13,74.04,89.8475
2021-05-14,74.3566,89.9343
2021-05-15,73.9968,89.6249
2021-05-18,73.8537,89.6584
2021-05-19,73.6992,89.9057
2021-05-20,73.6778,90.1006
2021-05-21,73.6007,89.7708
2021-05-22,73.5803,89.9446
2021-05-25,73.5266,89.6877
2021-05-26,73.3963,89.9545
2021-05-27,73.4737,89.9392
2021-05-28,73.458,89.6555
2021-05-29,73.587,89.6731
2021-06-01,73.2965,89.3778
2021-06-02,73.2411,89.5958
2021-06-03,73.4979,89.6895
2021-06-04,73.2636,89.2644
2021-06-05,73.2721,88.7545
2021-06-08,72.9294,88.653
2021-06-09,72.8256,88.6433
2021-06-10,72.0829,87.8114
2021-06-11,72.1974,87.8065
2021-06-12,71.6797,87.3274
2021-06-16,71.8318,87.211
2021-06-17,72.0323,87.3536
2021-06-18,72.5048,86.7012
2021-06-19,72.2216,85.9943
2021-06-22,73.1987,86.8942
2021-06-23,73.1661,87.0677
2021-06-24,72.6671,86.7137
2021-06-25,72.326,86.3283
2021-06-26,72.1694,86.1919
2021-06-29,72.1777,86.1657
2021-06-30,72.3723,86.2026
2021-07-01,72.7234,86.5118
2021-07-02,72.9086,86.4113
2021-07-03,73.6175,87.0748
2021-07-06,73.354,87.0272
2021-07-07,73.266,87.0034
2021-07-08,74.058,87.5588
2021-07-09,75.1952,88.7755
2021-07-10,74.4675,88.1397
2021-07-13,74.6336,88.605
2021-07-14,74.0589,87.782
2021-07-15,74.1236,87.3917
2021-07-16,74.2197,87.8316
2021-07-17,74.1656,87.5673
2021-07-20,74.3463,87.6097
2021-07-21,74.491,87.7727
2021-07-22,74.4947,87.5983
2021-07-23,73.6945,86.9227
2021-07-24,73.7663,86.8451
2021-07-27,74.098,87.3171
2021-07-28,73.8471,86.9919
2021-07-29,73.6088,86.9173
2021-07-30,73.1904,86.8624
2021-07-31,73.1388,86.9913
2021-08-03,73.0156,86.7717
2021-08-04,72.8724,86.5578
2021-08-05,72.7857,86.4112
2021-08-06,73.168,86.6529
2021-08-07,73.1304,86.4621
2021-08-10,73.5078,86.4378
2021-08-11,73.5962,86.3578
2021-08-12,73.9695,86.6257
2021-08-13,73.5671,86.3457
2021-08-14,73.4721,86.2195
2021-08-17,73.392,86.5072
2021-08-18,73.4753,86.4804
2021-08-19,73.4633,86.121
2021-08-20,74.1503,86.615
2021-08-21,74.364,86.8646
2021-08-24,74.0666,86.7838
2021-08-25,73.9465,86.8058
2021-08-26,73.7428,86.5814
2021-08-27,73.9908,87.0576
2021-08-28,73.9866,87.0304
2021-08-31,73.5744,86.8104
2021-09-01,73.2781,86.666
2021-09-02,73.1912,86.3949
2021-09-03,72.8491,86.297
2021-09-04,72.8545,86.5366
2021-09-07,72.9538,86.5743
2021-09-08,73.1909,86.8922
2021-09-09,73.4421,86.9114
2021-09-10,73.129,86.4677
2021-09-11,72.76,86.1478
2021-09-14,73.0841,86.115
2021-09-15,72.7171,85.988
2021-09-16,72.852,86.0674
2021-09-17,72.4329,85.3622
2021-09-18,72.5602,85.4614
2021-09-21,73.3315,85.8785
2021-09-22,73.2067,85.8568
2021-09-23,72.8806,85.4889
2021-09-24,72.7245,85.204
2021-09-25,73.0081,85.6823
2021-09-28,72.6613,85.0355
2021-09-29,72.5083,84.6752
2021-09-30,72.7608,84.8755
2021-10-01,72.6642,84.305
2021-10-02,72.9215,84.4577
2021-10-05,72.9239,84.6355
2021-10-06,72.5686,84.1723
2021-10-07,72.5682,83.9251
2021-10-08,72.2854,83.6053
2021-10-09,71.9882,83.1248
2021-10-12,71.6373,82.9273
2021-10-13,71.8801,83.0934
2021-10-14,71.8577,83.0028
2021-10-15,71.7846,83.3347
2021-10-16,71.2371,82.7276
2021-10-19,71.1714,82.4592
2021-10-20,70.9674,82.6841
2021-10-21,71.0555,82.6162
2021-10-22,70.9904,82.6399
2021-10-23,70.8623,82.4979
2021-10-26,70.1345,81.7418
2021-10-27,69.5526,80.7019
2021-10-28,69.8104,81.0289
2021-10-29,70.5207,81.8393
2021-10-30,70.52,82.2898
2021-11-02,71.0863,82.1687
2021-11-03,71.4783,82.9577
2021-11-04,71.4876,82.8112
2021-11-09,71.3975,82.5355
2021-11-10,71.2866,82.6497
2021-11-11,70.695,81.787
2021-11-12,71.1964,81.6552
2021-11-13,71.8118,82.2173
2021-11-16,72.2724,82.7736
2021-11-17,72.5553,82.5244
2021-11-18,72.8228,82.3553
2021-11-19,72.6022,82.2583
2021-11-20,72.7617,82.5845
2021-11-23,73.4506,82.7715
2021-11-24,74.8327,84.1718
2021-11-25,74.3726,83.6394
2021-11-26,74.6004,83.6793
2021-11-27,75.5873,84.9526
2021-11-30,74.9818,84.482
2021-12-01,74.8926,84.8234
2021-12-02,73.9746,83.8354
2021-12-03,74.0637,83.8105
2021-12-04,73.7426,83.2406
2021-12-07,73.6694,83.1138
2021-12-08,74.1399,83.7114
2021-12-09,73.8453,83.364
2021-12-10,73.5998,83.3444
2021-12-11,73.6059,83.1158
2021-12-14,73.4107,82.866
2021-12-15,73.4698,82.8299
2021-12-16,73.851,83.2375
2021-12-17,73.5708,83.1571
2021-12-18,73.733,83.5026
2021-12-21,74.2947,83.6187
2021-12-22,73.8206,83.3213
2021-12-23,73.7901,83.1541
2021-12-24,73.3583,83.1223
2021-12-25,73.1886,82.93
2021-12-28,73.2329,82.9363
2021-12-29,73.4959,83.2194
2021-12-30,73.6514,83.204
2021-12-31,74.2926,84.0695
2022-01-11,75.1315,85.1315
2022-01-12,74.8355,84.8784
2022-01-13,74.5277,84.6709
2022-01-14,74.5686,85.4556
2022-01-15,75.7668,86.8894
2022-01-18,76.0404,86.8609
2022-01-19,76.3347,87.0216
2022-01-20,76.8697,87.1318
2022-01-21,76.4408,86.8215
2022-01-22,76.6903,86.9054
2022-01-25,77.3649,87.5925
2022-01-26,78.6422,88.9286
2022-01-27,78.9437,89.1511
2022-01-28,78.947,88.468
2022-01-29,77.8174,86.6419
2022-02-01,77.4702,86.5032
2022-02-02,77.1302,86.7869
2022-02-03,76.4849,86.2826
2022-02-04,76.6501,86.561
2022-02-05,76.0509,87.1163
2022-02-08,75.6806,86.5181
2022-02-09,75.3042,85.892
2022-02-10,74.8015,85.3784
2022-02-11,74.7241,85.3798
2022-02-12,74.9867,85.3574
2022-02-15,76.5762,86.8451
2022-02-16,76.166,86.2656
2022-02-17,75.0141,85.306
2022-02-18,75.7527,86.1308
2022-02-19,75.7619,86.1489
2022-02-22,76.7671,87.3379
2022-02-23,80.4194,90.882
2022-02-25,86.9288,97.7688
2022-02-26,83.5485,93.5994
2022-03-01,93.5589,104.4772
2022-03-02,91.7457,102.9112
2022-03-03,103.2487,114.5544
2022-03-04,111.7564,124.0161
2022-03-05,105.8124,116.5312
2022-03-06,105.8124,115.6212
2022-03-10,116.0847,126.4395
2022-03-11,120.3785,132.9581
2022-03-12,116.7517,128.9523
2022-03-15,115.1963,127.2343
2022-03-16,111.4823,122.4522
2022-03-17,108.0521,118.7601
2022-03-18,104.8012,115.9311
2022-03-19,103.9524,114.3996
2022-03-22,104.6819,115.6002
2022-03-23,104.0741,114.7833
2022-03-24,103.1618,113.2613
2022-03-25,96.0458,105.4679
2022-03-26,95.6618,105.2662
2022-03-29,93.7125,102.6714
2022-03-30,86.2843,96.0085
2022-03-31,84.0851,93.696
2022-04-01,83.4097,92.493
2022-04-02,83.4285,92.1468
2022-04-05,83.5932,92.3872
2022-04-06,83.352,91.7289
2022-04-07,82.5962,90.5998
2022-04-08,76.2547,83.293
2022-04-09,74.8501,81.7064
2022-04-12,79.1596,85.9752
2022-04-13,79.6274,86.7939
2022-04-14,79.8471,86.7219
2022-04-15,81.288,88.0024
2022-04-16,80.0437,87.0715
2022-04-19,79.4529,86.4289
2022-04-20,79.0287,85.9674
2022-04-21,77.0809,83.2705
2022-04-22,74.999,81.2239
2022-04-23,73.505,80.0249
2022-04-26,73.3611,77.4651
2022-04-27,72.7089,76.667
2022-04-28,72.8764,75.9224
2022-04-29,72.2953,75.3117
2022-04-30,71.0237,74.5589
2022-05-05,69.416,72.7815
2022-05-06,66.2378,70.0662
2022-05-07,67.3843,71.0963
2022-05-12,68.8389,72.6314
2022-05-13,65.7916,68.7835
2022-05-14,63.7799,65.7939
2022-05-17,63.4445,65.8166
2022-05-18,63.5428,66.3644
2022-05-19,63.5643,66.6135
2022-05-20,62.4031,64.9358
2022-05-21,58.8862,60.8953
2022-05-24,58.2087,60.3851
2022-05-25,56.969,58.8705
2022-05-26,56.2996,57.921
2022-05-27,62.0495,64.4392
2022-05-28,66.4029,69.4353
2022-05-31,63.0975,64.717
2022-06-01,61.6069,62.7397
2022-06-02,61.4733,63.6629
2022-06-03,61.575,64.9053
2022-06-04,61.9659,65.9191
2022-06-07,61.1094,64.8669
2022-06-08,60.9565,64.5699
2022-06-09,60.2282,63.938
2022-06-10,58.3895,62.0934
2022-06-11,57.778,60.9656
2022-06-15,57.0926,59.2481
2022-06-16,56.6624,59.1204
2022-06-17,56.8691,58.9568
2022-06-18,56.7101,59.3299
2022-06-21,56.1727,58.8003
2022-06-22,54.7081,57.4566
2022-06-23,53.2788,55.8307
2022-06-24,53.3578,55.9886
2022-06-25,53.3234,55.964
2022-06-28,53.3641,56.0535
2022-06-29,52.9699,55.8886
2022-06-30,51.158,53.858
2022-07-01,52.5123,54.6405
2022-07-02,53.7676,56.3584
2022-07-05,55.0858,57.1836
2022-07-06,58.5118,60.1618
2022-07-07,62.911,64.326
2022-07-08,63.1427,64.1349
2022-07-09,61.2664,62.0499
2022-07-12,61.3045,61.8056
2022-07-13,58.8541,58.7643
2022-07-14,58.5322,58.9002
2022-07-15,58.2568,58.3432
2022-07-16,57.8323,57.8851
2022-07-19,56.5616,57.1526
2022-07-20,55.437,56.4463
2022-07-21,54.8491,55.826
2022-07-22,56.4783,57.1133
2022-07-23,57.3917,57.7608
2022-07-26,57.7821,58.6741
2022-07-27,58.6605,59.4068
2022-07-28,60.2198,61.0032
2022-07-29,60.2031,61.2171
2022-07-30,61.3101,62.5695
2022-08-02,62.0506,63.2468
2022-08-03,60.1595,61.2656
2022-08-04,60.2374,61.1243
2022-08-05,60.258,61.0872
2022-08-06,60.3696,61.361
2022-08-09,60.3164,61.1615
2022-08-10,60.3814,61.5542
2022-08-11,60.4542,61.704
2022-08-12,60.6229,62.5156
2022-08-13,60.8993,62.5355
2022-08-16,61.3747,62.5056
2022-08-17,61.4247,62.3551
2022-08-18,60.7552,61.8322
2022-08-19,59.957,60.8957
2022-08-20,59.1321,59.3934
2022-08-23,59.7419,59.5344
2022-08-24,59.8963,59.3304
2022-08-25,59.9974,59.5082
2022-08-26,59.7699,59.5983
2022-08-27,60.0924,59.8784
2022-08-30,60.3636,59.9608
2022-08-31,60.3677,60.5752
2022-09-01,60.2386,60.2141
2022-09-02,60.237,60.2842
2022-09-03,60.3713,60.2187
2022-09-06,60.9033,60.1408
2022-09-07,60.8544,60.4929
2022-09-08,61.1814,60.5458
2022-09-09,60.801,60.6952
2022-09-10,60.4696,60.8571
2022-09-13,60.4568,61.3127
2022-09-14,60.0676,60.9364
2022-09-15,59.7751,59.8368
2022-09-16,59.6663,59.6196
2022-09-17,60.0316,59.874
2022-09-20,60.1662,60.0426
2022-09-21,60.0158,60.0507
2022-09-22,60.8685,60.211
2022-09-23,59.8318,58.9388
2022-09-24,58.1006,56.4751
2022-09-27,57.999,55.9278
2022-09-28,58.1756,55.9953
2022-09-29,58.4485,55.7232
2022-09-30,57.413,55.4064
2022-10-01,55.2987,52.7379
2022-10-04,57.5664,54.3947
2022-10-05,58.7913,56.1725
2022-10-06,59.4043,58.0613
2022-10-07,60.2534,58.2392
2022-10-08,61.2475,59.9756
2022-10-11,62.3126,60.8019
2022-10-12,63.684,62.3481
2022-10-13,63.7559,62.5867
2022-10-14,63.4917,62.5903
2022-10-15,63.0558,62.4695
2022-10-18,61.7634,60.5608
2022-10-19,61.7032,60.53
2022-10-20,61.5905,60.1086
2022-10-21,61.5018,60.4371
2022-10-22,61.1958,59.8378
2022-10-25,61.1629,60.1575
2022-10-26,61.3326,60.4648
2022-10-27,61.4277,61.5682
2022-10-28,61.3589,61.5718
2022-10-29,61.5343,61.1328
2022-11-01,61.6229,61.1196
2022-11-02,61.4275,60.9668
2022-11-03,61.6175,60.9216
2022-11-04,62.0955,60.6071
2022-11-08,61.2367,60.9013
2022-11-09,60.9774,60.8231
2022-11-10,61.0611,61.2445
2022-11-11,61.2434,61.0037
2022-11-12,60.2179,61.5416
2022-11-15,60.3982,62.1554
2022-11-16,60.3116,62.6297
2022-11-17,60.3484,62.6675
2022-11-18,60.3894,62.5712
2022-11-19,60.3741,62.4484
2022-11-22,60.7379,62.1245
2022-11-23,60.6566,62.1774
2022-11-24,60.5043,62.285
2022-11-25,60.3866,62.7814
2022-11-26,60.4797,62.8762
2022-11-29,60.752,63.3008
2022-11-30,61.0742,63.3882
2022-12-01,60.8803,63.0504
2022-12-02,61.1479,63.8279
2022-12-03,61.7749,64.9868
2022-12-06,62.1849,65.5205
2022-12-07,62.9103,66.1087
2022-12-08,62.9372,65.8966
2022-12-09,62.5722,65.6762
2022-12-10,62.3813,65.8407
2022-12-13,62.7674,66.27
2022-12-14,63.212,66.7017
2022-12-15,63.359,67.4478
2022-12-16,64.3015,68.447
2022-12-17,64.6078,68.7798
2022-12-20,66.3474,70.6196
2022-12-21,69.0037,73.3389
2022-12-22,70.5256,75.0914
2022-12-23,72.1306,76.6446
2022-12-24,68.676,73.0407
2022-12-27,68.4487,72.6226
2022-12-28,69.9346,74.1829
2022-12-29,71.3261,75.66
2022-12-30,71.9778,76.0765
2022-12-31,70.3375,75.6553
2023-01-10,70.3002,75.0785
2023-01-11,69.6094,74.5438
2023-01-12,69.0202,74.1361
2023-01-13,67.7775,72.7908
2023-01-14,67.5744,73.1131
2023-01-17,68.2892,73.8298
2023-01-18,68.6644,74.2646
2023-01-19,68.8728,74.5882
2023-01-20,68.8467,74.4058
2023-01-21,68.6656,74.3434
2023-01-24,68.6288,74.7307
2023-01-25,68.7529,74.6948
2023-01-26,68.9573,74.9564
2023-01-27,69.1263,75.3348
2023-01-28,69.3372,75.4062
2023-01-31,69.5927,75.7799
2023-02-01,70.5174,76.3004
2023-02-02,70.1217,76.2245
2023-02-03,70.0414,76.9564
2023-02-04,70.3847,76.7344
2023-02-07,70.5991,76.0347
2023-02-08,70.8924,75.9087
2023-02-09,71.5763,76.8344
2023-02-10,72.8949,78.3223
2023-02-11,72.7923,78.0542
2023-02-14,73.6307,78.671
2023-02-15,73.8645,79.3355
2023-02-16,74.2077,79.5654
2023-02-17,74.7638,79.9764
2023-02-18,74.7588,79.6104
2023-02-21,74.0432,79.133
2023-02-22,74.8596,79.7588
2023-02-23,74.7087,79.5716
2023-02-28,75.4323,79.623
2023-03-01,74.8932,79.5134
2023-03-02,75.2513,80.1008
2023-03-03,75.4729,80.1897
2023-03-04,75.4592,80.0469
2023-03-07,75.4728,80.2353
2023-03-08,75.4577,80.5496
2023-03-10,75.9028,80.1372
2023-03-11,75.9406,80.4009
2023-03-14,75.4609,80.6102
2023-03-15,75.1927,80.5192
2023-03-16,75.7457,80.8763
2023-03-17,76.4095,81.1418
2023-03-18,76.6044,81.4635
2023-03-21,77.2422,82.3736
2023-03-22,76.8373,82.5428
2023-03-23,76.9561,82.967
2023-03-24,76.3072,83.1452
2023-03-25,76.4479,82.3923
2023-03-28,76.5662,82.2913
2023-03-29,76.5939,82.775
2023-03-30,76.9781,83.4859
2023-03-31,77.0863,83.7639
2023-04-01,77.3233,84.1116
2023-04-04,77.951,84.6185
2023-04-05,79.3563,86.7207
2023-04-06,79.4961,87.0954
2023-04-07,80.6713,88.1294
2023-04-08,82.3988,90.2892
2023-04-11,81.7441,89.1737
2023-04-12,82.1799,89.7271
2023-04-13,82.0934,89.7599
2023-04-14,81.6758,90.0035
2023-04-15,81.5045,90.1637
2023-04-18,81.6279,89.659
2023-04-19,81.6028,89.5713
2023-04-20,81.6549,89.3736
2023-04-21,81.6188,89.4638
2023-04-22,81.4863,89.3495
2023-04-25,81.2745,89.4589
2023-04-26,81.5499,90.0332
2023-04-27,81.6274,90.1436
2023-04-28,81.5601,90.2023
2023-04-29,80.5093,88.3712
2023-05-03,79.9609,87.6556
2023-05-04,79.3071,87.575
2023-05-05,78.6139,86.9986
2023-05-06,76.8207,84.9073
2023-05-11,76.6929,84.1498
2023-05-12,75.8846,82.8877
2023-05-13,77.2041,84.25
2023-05-16,79.1004,86.0862
2023-05-17,79.9798,87.1619
2023-05-18,80.7642,87.5749
2023-05-19,80.0366,86.4964
2023-05-20,79.9093,86.277
2023-05-23,79.9379,86.4963
2023-05-24,80.1665,86.5502
2023-05-25,79.9669,86.1995
2023-05-26,79.9841,85.8767
2023-05-27,79.9667,85.919
2023-05-30,80.0555,85.9013
2023-05-31,80.6872,86.5119
2023-06-01,80.9942,86.5009
2023-06-02,80.9657,86.5764
2023-06-03,80.8756,87.101
2023-06-06,81.3294,87.0318
2023-06-07,81.2502,86.9519
2023-06-08,81.4581,87.1651
2023-06-09,82.093,88.0379
2023-06-10,82.6417,89.0057
2023-06-14,83.6405,90.3899
2023-06-15,84.3249,91.0668
2023-06-16,83.9611,90.9665
2023-06-17,83.6498,91.6329
2023-06-20,83.9866,91.7966
2023-06-21,84.2336,92.0745
2023-06-22,84.2467,92.0014
2023-06-23,83.6077,91.943
2023-06-24,84.0793,91.4933
2023-06-27,84.6642,92.2969
2023-06-28,85.0504,93.1373
2023-06-29,85.6192,93.8644
2023-06-30,87.0341,95.1052
2023-07-01,88.3844,96.0195
2023-07-04,89.3255,97.2582
2023-07-05,89.545,97.7382
2023-07-06,90.338,98.4144
2023-07-07,92.5695,100.7163
2023-07-08,91.6879,99.8189
2023-07-11,91.4931,100.4155
2023-07-12,90.5045,99.6775
2023-07-13,90.6253,99.889
2023-07-14,90.1757,100.6788
2023-07-15,90.119,101.1992
2023-07-18,90.4217,101.6496
2023-07-19,90.6906,102.0271
2023-07-20,91.2046,102.4441
2023-07-21,90.8545,101.833
2023-07-22,90.3846,100.6562
2023-07-25,90.489,100.3614
2023-07-26,90.0945,99.6918
2023-07-27,90.0468,99.7156
2023-07-28,90.0225,100.2173
2023-07-29,90.9783,99.9586
2023-08-01,91.5923,100.9428
2023-08-02,91.7755,100.6988
2023-08-03,92.841,101.9268
2023-08-04,93.7792,102.531
2023-08-05,94.8076,103.8379
2023-08-08,96.5668,106.0543
2023-08-09,96.0755,105.4352
2023-08-10,97.3999,106.8897
2023-08-11,97.2794,107.1563
2023-08-12,98.2066,107.9723
2023-08-15,101.0399,110.6847
2023-08-16,97.4217,106.5736
2023-08-17,96.7045,105.6591
2023-08-18,93.746,102.181
2023-08-19,93.4047,101.4802
2023-08-22,94.1424,102.5719
2023-08-23,94.1185,102.753
2023-08-24,94.4421,102.2452
2023-08-25,94.4007,102.4719
2023-08-26,94.7117,102.2586
2023-08-29,95.4717,103.2434
2023-08-30,95.707,103.4765
2023-08-31,95.9283,104.4496
2023-09-01,96.3344,104.9407
2023-09-02,96.3411,104.6108
2023-09-05,96.6199,104.4171
2023-09-06,97.5383,104.9043
2023-09-07,97.8439,105.0789
2023-09-08,98.1961,105.2776
2023-09-09,97.9241,104.8872
2023-09-12,96.5083,103.5332
2023-09-13,94.7035,101.5646
2023-09-14,95.9794,103.1066
2023-09-15,96.1609,103.2289
2023-09-16,96.6338,103.0358
2023-09-19,96.6472,103.0945
2023-09-20,96.2236,102.9211
2023-09-21,96.6172,103.3699
2023-09-22,96.0762,102.3606
2023-09-23,96.0419,102.2485
2023-09-26,96.1456,102.2453
2023-09-27,96.2378,101.9888
2023-09-28,96.5,101.978
2023-09-29,97.0018,102.0979
2023-09-30,97.4147,103.1631
2023-10-03,98.4785,103.868
2023-10-04,99.2677,104.0621
2023-10-05,99.4555,104.3024
2023-10-06,99.6762,104.7877
2023-10-07,100.4911,106.01
2023-10-10,101.3598,107.0322
2023-10-11,99.9349,105.6864
2023-10-12,99.9808,105.9544
2023-10-13,96.9948,103.035
2023-10-14,97.3075,102.5523
2023-10-17,97.2865,102.52
2023-10-18,97.3458,102.7527
2023-10-19,97.3724,102.9059
2023-10-20,97.3074,102.6255
2023-10-21,95.9053,101.4257
2023-10-24,94.7081,100.303
2023-10-25,93.5224,99.5534
2023-10-26,93.1507,98.6543
2023-10-27,93.5616,98.7376
2023-10-28,93.2174,98.3504
2023-10-31,93.2435,98.6164
2023-11-01,92.0226,97.9345
2023-11-02,93.2801,98.4365
2023-11-03,93.173,98.9995
2023-11-04,93.0351,99.0111
2023-11-08,92.4151,98.7863
2023-11-09,92.1973,98.4403
2023-11-10,91.9266,98.4076
2023-11-11,92.0535,98.3155
2023-11-14,92.1185,98.5314
2023-11-15,91.257,97.7781
2023-11-16,89.4565,97.1334
2023-11-17,88.9466,96.5921
2023-11-18,89.1237,96.7692
2023-11-21,88.4954,96.6597
2023-11-22,87.8701,96.2561
2023-11-23,88.1648,96.1475
2023-11-24,88.1206,96.2273
2023-11-25,88.8133,96.9187
2023-11-28,88.7045,97.1594
2023-11-29,88.6102,97.0659
2023-11-30,88.8841,97.6503
2023-12-01,88.5819,96.8827
2023-12-02,89.7619,97.9126
2023-12-05,90.6728,98.5768
2023-12-06,91.5823,99.134
2023-12-07,92.7826,100.1353
2023-12-08,92.5654,99.8131
2023-12-09,91.6402,98.8409
2023-12-12,90.9846,98.0769
2023-12-13,90.2158,97.403
2023-12-14,89.8926,96.95
2023-12-15,89.6741,97.7377
2023-12-16,89.6966,98.4186
2023-12-19,90.4162,98.7578
2023-12-20,90.087,98.5764
2023-12-21,90.4056,99.048
2023-12-22,91.7062,100.5113
2023-12-23,91.9389,101.2863
2023-12-26,91.969,101.5781
2023-12-27,91.7069,101.1178
2023-12-28,91.7051,101.3451
2023-12-29,90.3041,100.5506
2023-12-30,89.6883,99.1919
2024-01-10,90.404,98.9825
2024-01-11,89.3939,97.8745
2024-01-12,88.7818,97.5401
2024-01-13,88.1324,96.7517
2024-01-16,87.6772,96.0682
2024-01-17,87.6457,95.6007
2024-01-18,88.354,96.0531
2024-01-19,88.661,96.5882
2024-01-20,88.5896,96.3835
2024-01-23,87.9724,95.8854
2024-01-24,87.9199,95.8266
2024-01-25,88.2829,96.1657
2024-01-26,88.6562,96.6365
2024-01-27,89.5159,97.0945
2024-01-30,89.609,96.9777
2024-01-31,89.2887,96.7895
2024-02-01,89.6678,97.1149
2024-02-02,90.2299,97.4009
2024-02-03,90.6626,98.6437
2024-02-06,91.2434,98.2279
2024-02-07,90.6842,97.444
2024-02-08,91.1514,98.0936
2024-02-09,91.2561,98.3543
2024-02-10,90.8901,97.9364
2024-02-13,91.0758,98.1512
2024-02-14,91.2057,98.1917
2024-02-15,91.4316,97.8133
2024-02-16,91.8237,98.4099
2024-02-17,92.5492,99.3523
2024-02-20,92.4102,99.4889
2024-02-21,92.349,99.5589
2024-02-22,92.4387,99.8968
2024-02-23,92.7519,100.4425
2024-02-27,92.6321,100.1776
2024-02-28,92.0425,99.9214
2024-02-29,91.8692,99.45
2024-03-01,90.8423,98.5447
2024-03-02,91.3336,98.7225
2024-03-05,91.3534,99.1061
2024-03-06,91.1604,98.9366
2024-03-07,90.3412,98.2017
2024-03-08,90.7493,98.8767
2024-03-12,90.6252,99.1317
2024-03-13,90.8818,99.3561
2024-03-14,91.5449,100.1869
2024-03-15,91.6359,100.2625
2024-03-16,91.87,99.9718
2024-03-19,91.9829,100.2432
2024-03-20,92.2243,100.1047
2024-03-21,92.6861,100.6139
2024-03-22,91.9499,100.365
2024-03-23,92.6118,100.217
2024-03-26,92.7761,100.3651
2024-03-27,92.5745,100.4121
2024-03-28,92.5919,100.2704
2024-03-29,92.2628,99.7057
2024-03-30,92.366,99.5299
2024-04-02,92.2914,99.5661
2024-04-03,92.5254,99.4116
2024-04-04,92.3892,99.4277
2024-04-05,92.3058,100.0668
2024-04-06,92.4155,100.1259
2024-04-09,92.581,100.2236
2024-04-10,92.7463,100.7473
2024-04-11,93.2198,101.2333
2024-04-12,93.7196,100.6793
2024-04-13,93.4419,99.7264
2024-04-16,93.5891,99.7934
2024-04-17,94.0742,99.9341
2024-04-18,94.3242,100.2787
2024-04-19,94.0922,100.5316
2024-04-20,93.4409,99.5797
2024-04-23,93.2519,99.3648
2024-04-24,93.2918,99.5609
2024-04-25,92.5058,98.9118
2024-04-26,92.1314,98.7079
2024-04-27,92.0134,98.7187
2024-04-28,91.7791,98.027
2024-05-03,92.0538,98.6447
2024-05-04,91.6918,98.5602
2024-05-07,91.3124,98.473
2024-05-08,91.1231,98.3062
2024-05-09,91.8239,98.9461
2024-05-14,91.633,98.8486
2024-05-15,91.3591,98.6682
2024-05-16,91.2573,98.8267
2024-05-17,90.9239,98.8978
2024-05-18,90.9873,98.7776
2024-05-21,90.6537,98.5842
2024-05-22,90.4082,98.2971
2024-05-23,90.1887,97.8989
2024-05-24,90.2486,97.8788
2024-05-25,89.7026,97.0954
2024-05-28,88.6852,96.3034
2024-05-29,88.4375,96.2383
2024-05-30,89.2589,96.891
2024-05-31,89.7869,97.1347
2024-06-01,90.1915,97.7908
2024-06-04,89.3755,96.8721
2024-06-05,88.7574,96.563
2024-06-06,88.7436,96.4443
2024-06-07,88.7604,96.5698
2024-06-08,88.7606,96.6916
2024-06-11,88.9944,95.6367
2024-06-12,89.0214,95.7391
2024-06-14,88.208,94.8324
2024-06-15,89.0658,95.1514
2024-06-18,89.0499,95.3906
2024-06-19,87.0354,93.2994
2024-06-20,82.6282,89.0914
2024-06-21,85.4176,91.4543
2024-06-22,87.9595,94.2606
2024-06-25,87.373,94.0759
2024-06-26,87.277,93.7347
2024-06-27,87.8064,94.1131
2024-06-28,84.964,90.9874
2024-06-29,85.748,92.4184
2024-07-02,87.2972,93.9582
2024-07-03,87.9921,93.695
2024-07-04,87.9506,94.5829
2024-07-05,88.1205,94.9836
2024-07-06,88.1348,95.57
2024-07-09,88.1688,95.6624
2024-07-10,88.0031,95.3447
2024-07-11,87.8551,95.3206
2024-07-12,87.988,95.6817
2024-07-13,87.7427,95.7588
2024-07-16,87.8077,95.7849
2024-07-17,88.2824,96.2637
2024-07-18,88.0872,96.3046
2024-07-19,87.8754,96.1018
2024-07-20,88.0206,96.0371
2024-07-23,87.7805,95.7591
2024-07-24,87.299,95.4598
2024-07-25,86.5502,94.3758
2024-07-26,85.41,93.1711
2024-07-27,85.565,93.2641
2024-07-30,86.5554,94.1381
2024-07-31,86.33,93.2947
2024-08-01,86.1091,93.5149
2024-08-02,85.7833,92.8499
2024-08-03,85.7024,92.8291
2024-08-06,84.9471,93.0409
2024-08-07,85.1646,93.0265
2024-08-08,85.9543,93.8419
2024-08-09,86.5621,94.1333
2024-08-10,87.992,95.1844
2024-08-13,89.9475,96.6852
2024-08-14,92.6592,100.559
2024-08-15,90.0055,100.3139
2024-08-16,88.796,98.3232
2024-08-17,88.9062,97.839
2024-08-20,89.5428,98.9355
2024-08-21,90.6944,100.204
2024-08-22,91.6862,101.9508
2024-08-23,91.2881,101.6207
2024-08-24,91.6012,101.6125
2024-08-27,91.7745,102.4927
2024-08-28,91.4807,102.2911
2024-08-29,91.4449,102.0798
2024-08-30,91.4548,101.7714
2024-08-31,91.1868,100.7622
2024-09-03,90.0013,99.2613
2024-09-04,88.6118,97.8121
2024-09-05,88.9288,98.0725
2024-09-06,89.7044,99.1927
2024-09-07,89.8225,99.7156
2024-09-10,90.3853,99.9067
2024-09-11,91.1127,100.4995
2024-09-12,91.2653,100.7421
2024-09-13,91.1096,100.3907
2024-09-14,90.9345,100.7958
2024-09-17,91.1423,101.2789
2024-09-18,91.4292,101.5057
2024-09-19,91.6712,102.039
2024-09-20,92.6962,103.249
2024-09-21,92.5848,103.3773
2024-09-24,92.92,103.2191
2024-09-25,92.8622,103.41
2024-09-26,92.388,103.4758
2024-09-27,92.4074,103.1931
2024-09-28,92.7126,103.4694
2024-10-01,93.2221,104.1735
2024-10-02,93.3581,103.6502
2024-10-03,94.5054,104.4481
2024-10-04,95.0262,104.8664
2024-10-05,94.87,104.7424
2024-10-08,96.0649,105.3069
2024-10-09,96.1079,105.6891
2024-10-10,96.9483,106.4175
2024-10-11,97.2394,106.5074
2024-10-12,96.0686,105.1095
2024-10-15,96.1021,105.4854
2024-10-16,97.0121,105.6757
2024-10-17,97.2568,106.0844
2024-10-18,97.149,105.756
2024-10-19,96.4172,104.8565
2024-10-22,96.0924,104.4016
2024-10-23,96.5918,104.866
2024-10-24,96.6379,104.3815
2024-10-25,96.7402,104.5139
2024-10-26,96.6657,104.8094
2024-10-29,97.23,105.2229
2024-10-30,97.3261,105.4375
2024-10-31,97.053,105.2211
2024-11-01,97.0226,105.5231
2024-11-02,97.4402,105.8415
2024-11-03,97.5499,106.1426
2024-11-06,98.0562,106.8883
2024-11-07,98.2236,105.7086
2024-11-08,98.0726,105.5679
2024-11-09,97.8335,105.451
2024-11-12,97.955,104.8522
2024-11-13,97.9559,104.2533
2024-11-14,98.3657,104.2901
2024-11-15,99.018,104.5016
2024-11-16,99.9971,105.7072
2024-11-19,99.943,105.4606
2024-11-20,100.0348,105.7338
2024-11-21,100.2192,105.809
2024-11-22,100.6798,106.0762
2024-11-23,102.5761,107.4252
2024-11-26,103.7908,108.8705
2024-11-27,105.0604,110.4943
2024-11-28,108.0104,113.0947
2024-11-29,109.5782,116.141
2024-11-30,107.7409,114.3149
2024-12-03,107.1758,112.8019
2024-12-04,106.1878,112.02
2024-12-05,104.2361,110.2041
2024-12-06,103.3837,109.7802
2024-12-07,99.4215,106.304
2024-12-10,99.3759,105.0996
2024-12-11,100.0324,106.2024
2024-12-12,103.2707,108.5588
2024-12-13,103.95,110.4804
2024-12-14,103.4305,109.0126
2024-12-17,102.9125,108.7016
2024-12-18,102.9979,108.3444
2024-12-19,102.7763,108.5083
2024-12-20,103.4207,107.9576
2024-12-21,102.3438,106.5444
2024-12-24,101.6143,105.2512
2024-12-25,99.8729,104.231
2024-12-26,99.6125,103.9416
2024-12-27,99.2295,103.2997
2024-12-28,100.5281,105.9522
2024-12-29,101.6797,106.1028
2025-01-10,102.2911,105.0893
2025-01-11,101.9146,105.0464
2025-01-14,102.7081,104.8556
2025-01-15,103.438,106.2493
2025-01-16,102.8078,106.0971
2025-01-17,102.3762,105.8072
2025-01-18,102.4137,104.8609
2025-01-21,101.9579,105.0457
2025-01-22,99.9282,103.2856
2025-01-23,98.2804,103.2419
2025-01-24,99.0978,103.6612
2025-01-25,98.2636,103.187
2025-01-28,97.132,102.746
2025-01-29,97.9658,101.5957
2025-01-30,98.0126,102.4041
2025-01-31,98.0062,102.7782
2025-02-01,97.8107,102.1301
2025-02-04,99.9433,102.491
2025-02-05,98.5336,102.6852
2025-02-06,98.0556,102.9215
2025-02-07,96.9104,100.6751
2025-02-08,97.2762,101.2243
2025-02-11,96.7821,100.4991
2025-02-12,95.8024,99.1953
2025-02-13,94.0485,98.0119
2025-02-14,91.0313,94.9221
2025-02-15,90.3099,94.8876
2025-02-18,91.4347,95.8048
2025-02-19,91.3398,95.6693
2025-02-20,90.4268,94.0834
2025-02-21,88.5103,92.4831
2025-02-22,88.1676,92.0152
2025-02-25,88.2065,92.5162
2025-02-26,86.6318,90.9403
2025-02-27,85.9279,90.1826
2025-02-28,87.6967,92.0362
2025-03-01,88.2568,91.5655
2025-03-04,89.2497,92.853
2025-03-05,89.2448,93.9034
2025-03-06,89.7878,95.7035
2025-03-07,89.5724,96.5975
2025-03-08,89.1362,96.8609
2025-03-11,88.3872,95.4443
2025-03-12,86.5669,93.6639
2025-03-13,86.6204,93.971
2025-03-14,86.619,94.2559
2025-03-15,85.5694,93.6087
2025-03-18,84.3059,90.8443
2025-03-19,81.5018,87.5697
2025-03-20,82.8487,90.8257
2025-03-21,84.3955,92.4633
2025-03-22,84.64,91.4262
2025-03-25,83.8737,91.5252
2025-03-26,84.193,92.3409
2025-03-27,84.2065,92.0029
2025-03-28,83.8347,90.5441
2025-03-29,83.6813,89.6553
2025-04-01,85.4963,92.4276
2025-04-02,84.8707,91.9643
2025-04-03,84.5522,91.2044
2025-04-04,84.383,93.1608
2025-04-05,84.2774,92.9855
2025-04-08,86.1891,94.7742
2025-04-09,85.4641,93.7755
2025-04-10,86.0923,95.091
2025-04-11,85.0159,94.6036
2025-04-12,84.004,96.2163
2025-04-15,82.7671,94.1635
2025-04-16,82.3003,93.6844
2025-04-17,82.5892,93.3356
2025-04-18,82.02,93.2513
2025-04-19,81.1371,92.2232
2025-04-22,80.7597,93.6714
2025-04-23,81.462,94.04
2025-04-24,82.3637,94.5723
2025-04-25,82.8559,94.7129
2025-04-26,82.6549,94.3593
2025-04-29,82.5467,93.1801
2025-04-30,81.5616,93.173
2025-05-01,81.4933,92.837
2025-05-06,81.9137,92.9082
2025-05-07,80.9644,91.9169
2025-05-08,80.8612,92.1439
2025-05-13,80.8883,90.1117
2025-05-14,80.55,89.6956
2025-05-15,80.2237,90.3821
2025-05-16,80.3134,90.1011
2025-05-17,80.7689,90.7062
2025-05-20,80.4137,90.5098
2025-05-21,80.3075,89.9679
2025-05-22,79.753,91.299
2025-05-23,79.7357,90.2004
2025-05-24,79.7108,90.5207
2025-05-27,79.6588,90.4644
2025-05-28,79.6176,90.9007
2025-05-29,79.6037,90.3365
2025-05-30,78.497,88.9481
2025-05-31,78.6171,89.2512
2025-06-03,79.1285,90.377
2025-06-04,78.8549,89.9267
2025-06-05,78.5025,89.3108
2025-06-06,79.1272,90.6635
2025-06-07,79.1703,90.3954
2025-06-10,79.1543,90.3666
2025-06-11,78.6003,89.7918
2025-06-12,79.0028,90.0068
2025-06-17,78.5067,90.9438
2025-06-18,78.7135,90.7548
2025-06-19,78.7174,90.3093
2025-06-20,78.4839,89.838
2025-06-21,78.5016,90.1356
2025-06-24,78.2923,89.8388
2025-06-25,78.3892,91.737
2025-06-26,78.1959,91.0599
2025-06-27,78.2117,91.6601
2025-06-28,78.4685,92.2785
2025-07-01,78.5284,92.2672
2025-07-02,78.4181,92.744
2025-07-03,78.654,92.6774
2025-07-04,78.7831,93.1277
2025-07-05,78.8354,93.0103
2025-07-08,78.7185,92.4138
2025-07-09,78.1682,91.9667
2025-07-10,78.1727,91.4175
2025-07-11,77.9029,91.4992
2025-07-12,77.8855,91.1201
2025-07-15,78.3722,91.7738
2025-07-16,77.9584,91.1531
2025-07-17,77.9585,90.5635
2025-07-18,78.1856,90.9716
2025-07-19,78.3129,91.0821
2025-07-22,78.3274,91.5138
2025-07-23,78.0882,91.7782
2025-07-24,78.4477,91.7897
2025-07-25,78.8623,93.3362
2025-07-26,79.5527,93.3508
2025-07-29,79.5782,93.206
2025-07-30,82.2197,94.9976
2025-07-31,81.8347,94.9514
2025-08-01,80.3163,91.8751
2025-08-02,80.3289,91.7056
2025-08-05,79.6736,92.3252
2025-08-06,80.049,92.5094
2025-08-07,80.1914,93.0072
2025-08-08,79.3847,92.6636
2025-08-09,79.7796,92.88
2025-08-12,79.6677,92.9485
2025-08-13,79.8714,92.8583
2025-08-14,79.6032,93.3875
2025-08-15,79.7653,93.0588
2025-08-16,80.0224,93.7094
2025-08-19,80.4256,94.0884
2025-08-20,80.3466,93.5604
2025-08-21,80.1045,93.4791
2025-08-22,80.2548,93.5049
2025-08-23,80.7498,93.6274
2025-08-26,80.6842,94.4622
2025-08-27,80.5268,93.3684
2025-08-28,80.4421,93.3428
2025-08-29,80.2918,93.4891
2025-08-30,80.3316,94.0479
2025-09-02,80.4261,94.3841
2025-09-03,80.5947,93.8373
2025-09-04,80.8488,94.2539
2025-09-05,81.2977,94.7754
2025-09-06,81.5556,95.4792
2025-09-09,82.3397,96.5691
2025-09-10,83.2425,98.0336
2025-09-11,84.9211,99.8246
2025-09-12,85.6647,99.7367
2025-09-13,84.3798,99.3304
2025-09-16,83.0718,97.4502
2025-09-17,82.8359,97.8903
2025-09-18,82.9987,98.2994
2025-09-19,83.1725,98.9773
2025-09-20,83.5904,98.8845
2025-09-23,84.0186,98.9638
2025-09-24,83.3506,99.0363
2025-09-25,83.9914,98.6015
2025-09-26,83.6069,98.1542
2025-09-27,83.6118,97.6823
2025-09-30,82.8676,97.141
2025-10-01,82.6084,96.8644
2025-10-02,81.4967,95.6382
2025-10-03,81.0085,95.3411
2025-10-04,81.8969,96.0525
2025-10-07,83.0,96.8345
2025-10-08,81.9349,95.6722
2025-10-09,81.5478,94.9351
2025-10-10,81.4103,94.703
2025-10-11,81.1898,94.0491
2025-10-14,80.8548,93.9181
2025-10-15,79.9589,92.6816
2025-10-16,78.839,91.7258
2025-10-17,79.0839,92.0834
2025-10-18,80.9834,94.5835
2025-10-21,81.3582,94.3845
2025-10-22,81.3475,94.6656
2025-10-23,81.6549,94.7543
2025-10-24,81.269,94.3889
2025-10-25,80.9713,94.082
2025-10-28,78.9848,92.0233
2025-10-29,79.8174,92.9395
2025-10-30,79.4715,92.2466
2025-10-31,80.5037,93.3894
2025-11-01,80.9756,93.3893
2025-11-02,80.8861,93.3848
2025-11-06,81.1885,93.5131
2025-11-07,81.3765,93.7641
2025-11-08,81.2257,93.8365
2025-11-11,81.0132,93.9287
2025-11-12,81.3562,94.1954
2025-11-13,81.2852,94.1893
2025-11-14,80.601,93.6953
2025-11-15,81.1276,95.0987
2025-11-18,81.1302,94.4179
2025-11-19,81.0547,93.9295
2025-11-20,80.9448,93.7804
2025-11-21,80.7321,92.6047
2025-11-22,79.0246,90.5625
2025-11-25,78.9202,91.3672
2025-11-26,78.9615,90.9698
2025-11-27,78.5941,91.5047
2025-11-28,78.2503,90.788
2025-11-29,78.2284,90.819
2025-12-02,77.7027,90.3438
2025-12-03,77.4631,89.8514
2025-12-04,77.9556,90.5903
2025-12-05,76.9708,89.9011
2025-12-06,76.0937,88.7028
2025-12-09,77.2733,89.7054
2025-12-10,76.8084,89.4267
2025-12-11,77.8998,91.3806
2025-12-12,79.3398,92.9384
2025-12-13,79.7296,93.5626
2025-12-16,79.4495,93.2274
2025-12-17,79.4302,93.8054
2025-12-18,80.3807,94.1478
2025-12-19,80.0301,94.2524
2025-12-20,80.722,94.512
2025-12-23,79.3146,92.8621
2025-12-24,78.585,92.8137
2025-12-25,78.4368,92.4742
2025-12-26,77.8844,91.8902
2025-12-27,77.6923,91.2066
2025-12-30,77.4466,91.4775
2025-12-31,78.2267,92.0938
