TRADEDATE,OFZ_26219,OFZ_26212,OFZ_26221,OFZ_26218,OFZ_26230
2021-01-04,111.255,108.25,112.899,120.167,114.898
2021-01-05,111.318,108.435,112.899,120.227,114.95
2021-01-06,111.105,108.5,112.86,120.339,114.947
2021-01-08,111.5,108.38,112.974,120.25,114.5
2021-01-11,110.8,107.9,112.319,119.744,113.39
2021-01-12,110.8,107.778,112.67,119.841,113.571
2021-01-13,110.641,107.462,112.123,119.36,113.08
2021-01-14,110.311,107.399,111.82,119.0,112.65
2021-01-15,110.138,106.607,111.001,118.439,111.8
2021-01-18,110.08,106.742,110.601,118.435,111.729
2021-01-19,110.259,106.848,111.084,118.65,112.1
2021-01-20,110.286,107.008,111.283,118.599,112.198
2021-01-21,110.07,106.7,110.949,118.289,111.65
2021-01-22,109.38,106.1,109.99,117.24,110.25
2021-01-25,109.44,106.21,110.229,117.398,110.5
2021-01-26,109.677,106.434,110.26,117.49,111.119
2021-01-27,109.5,106.137,109.936,117.15,110.65
2021-01-28,109.5,106.099,109.99,117.185,110.699
2021-01-29,109.647,106.193,110.0,117.198,110.6
2021-02-01,109.649,106.246,110.358,117.164,110.976
2021-02-02,109.531,106.227,109.931,117.0,110.48
2021-02-03,109.54,105.904,109.697,116.79,109.947
2021-02-04,109.65,106.027,109.796,116.77,110.001
2021-02-05,110.179,106.361,110.628,117.44,111.199
2021-02-08,110.124,106.477,110.487,117.5,111.102
2021-02-09,109.85,106.34,110.238,116.9,110.302
2021-02-10,109.689,105.996,110.018,116.655,110.108
2021-02-11,109.37,105.602,109.39,116.094,109.4
2021-02-12,108.799,105.05,108.501,115.35,108.56
2021-02-15,108.5,104.47,107.878,114.69,108.099
2021-02-16,108.0,103.973,107.001,113.998,107.659
2021-02-17,108.107,104.117,107.312,114.48,108.249
2021-02-18,108.0,103.995,107.547,114.3,108.139
2021-02-19,107.69,103.908,107.051,113.902,107.697
2021-02-20,107.68,103.971,107.1,114.109,107.87
2021-02-22,107.65,103.913,106.578,113.911,107.49
2021-02-24,107.597,103.994,107.22,113.91,107.898
2021-02-25,106.903,103.598,106.748,113.57,107.399
2021-02-26,106.393,103.252,106.368,112.968,107.05
2021-03-01,106.929,103.258,106.8,113.062,107.56
2021-03-02,106.929,103.7,107.689,113.699,108.4
2021-03-03,107.34,104.071,108.098,114.3,109.2
2021-03-04,107.54,104.338,108.765,114.801,109.9
2021-03-05,106.971,103.792,107.71,114.16,108.883
2021-03-09,106.999,103.601,107.781,113.997,108.579
2021-03-10,106.837,103.35,107.59,113.839,108.345
2021-03-11,106.55,103.0,107.288,113.301,108.099
2021-03-12,106.391,102.849,106.6,113.0,107.88
2021-03-15,106.233,102.603,106.698,112.8,107.401
2021-03-16,106.149,102.6,106.691,112.731,107.51
2021-03-17,105.801,102.468,106.148,112.1,107.098
2021-03-18,105.536,101.724,105.4,111.588,106.3
2021-03-19,105.145,101.25,105.205,111.098,106.0
2021-03-22,104.998,101.123,104.827,110.6,105.4
2021-03-23,104.001,100.498,103.94,109.77,104.5
2021-03-24,104.285,100.551,104.404,110.147,105.099
2021-03-25,104.7,101.007,105.012,110.751,105.665
2021-03-26,105.14,101.619,105.941,111.697,106.748
2021-03-29,105.2,101.499,105.99,111.799,106.751
2021-03-30,104.849,101.067,105.198,110.999,105.88
2021-03-31,104.95,101.2,105.5,111.32,106.304
2021-04-01,104.886,100.997,105.099,110.903,105.85
2021-04-02,104.9,101.098,105.15,110.9,105.9
2021-04-05,104.995,101.085,105.15,110.869,105.817
2021-04-06,104.3,100.341,104.297,109.95,104.992
2021-04-07,104.001,100.099,103.79,109.756,104.569
2021-04-08,103.752,99.99,103.7,109.6,104.401
2021-04-09,103.76,99.949,103.45,109.39,104.162
2021-04-12,103.9,100.1,103.849,109.599,104.498
2021-04-13,104.0,100.121,103.874,109.6,105.0
2021-04-14,104.906,101.2,105.15,110.995,106.5
2021-04-15,104.678,100.992,104.998,110.696,105.999
2021-04-16,105.239,101.405,105.6,111.4,106.972
2021-04-19,104.98,101.05,105.246,110.999,106.17
2021-04-20,104.989,100.781,105.245,110.889,106.101
2021-04-21,105.12,101.34,105.495,111.011,106.3
2021-04-22,105.211,101.719,105.9,111.648,107.054
2021-04-23,105.343,101.937,105.898,111.728,107.0
2021-04-26,105.497,101.994,105.9,111.794,107.071
2021-04-27,105.409,101.847,105.6,111.4,106.586
2021-04-28,105.295,101.799,105.328,111.2,106.349
2021-04-29,105.4,101.708,105.063,111.38,106.12
2021-04-30,105.438,101.881,105.182,111.15,106.002
2021-05-04,105.5,101.91,105.599,111.3,106.314
2021-05-05,105.598,101.949,105.499,111.39,106.592
2021-05-06,105.688,101.805,105.5,111.447,106.648
2021-05-07,105.6,101.911,105.662,111.586,106.424
2021-05-10,105.75,102.001,105.639,111.649,106.644
2021-05-11,105.452,101.755,105.198,111.149,106.068
2021-05-12,105.199,101.696,104.884,110.587,105.499
2021-05-13,105.048,101.314,104.636,110.399,105.2
2021-05-14,105.015,101.588,104.893,110.7,105.7
2021-05-17,105.091,101.571,104.873,110.617,105.599
2021-05-18,105.106,101.402,104.898,110.812,105.499
2021-05-19,105.279,101.437,104.758,110.575,105.35
2021-05-20,105.247,101.541,104.98,110.79,105.7
2021-05-21,105.15,101.639,104.9,110.695,105.748
2021-05-24,105.1,101.58,104.78,110.679,105.55
2021-05-25,105.016,101.481,104.691,110.548,105.45
2021-05-26,105.17,101.644,104.841,110.549,105.844
2021-05-27,105.198,101.565,104.872,110.62,105.882
2021-05-28,105.06,101.543,104.744,110.553,105.735
2021-05-31,104.974,101.401,104.66,110.463,105.629
2021-06-01,104.849,101.34,104.605,110.371,105.552
2021-06-02,104.745,101.491,104.646,110.445,105.507
2021-06-03,104.57,101.279,104.493,110.147,105.498
2021-06-04,104.4,101.14,104.327,110.0,105.429
2021-06-07,104.2,100.938,104.2,109.761,105.021
2021-06-08,103.8,100.6,103.799,109.429,104.45
2021-06-09,103.801,100.812,103.878,109.4,104.699
2021-06-10,103.871,100.806,104.237,109.899,105.1
2021-06-11,104.383,101.219,104.732,110.304,105.799
2021-06-14,104.4,101.21,104.67,110.348,105.818
2021-06-15,103.98,101.065,104.466,110.11,105.249
2021-06-16,103.994,100.797,104.6,109.988,105.499
2021-06-17,104.049,100.997,105.088,110.3,105.924
2021-06-18,104.248,101.27,105.55,110.898,106.404
2021-06-21,104.008,101.03,105.4,110.74,106.311
2021-06-22,103.991,100.95,105.199,110.489,105.953
2021-06-23,104.099,101.249,105.319,110.65,106.137
2021-06-24,104.247,101.22,105.494,110.873,106.51
2021-06-25,104.28,101.145,105.525,110.7,106.3
2021-06-28,103.995,100.849,105.253,110.5,106.0
2021-06-29,103.603,100.513,104.868,110.2,105.651
2021-06-30,103.671,100.635,104.9,110.399,105.85
2021-07-01,103.797,100.6,104.971,110.48,105.849
2021-07-02,103.821,100.667,104.952,110.474,105.765
2021-07-05,103.846,100.747,105.0,110.499,105.79
2021-07-06,103.617,100.547,105.091,110.362,105.622
2021-07-07,103.614,100.713,104.618,110.377,105.4
2021-07-08,103.475,100.482,104.671,110.19,105.252
2021-07-09,103.598,100.362,104.719,110.35,105.45
2021-07-12,103.498,100.38,104.647,110.188,105.3
2021-07-13,103.399,100.376,104.675,110.198,105.211
2021-07-14,103.331,100.201,104.694,110.12,105.21
2021-07-15,103.504,100.248,104.885,110.25,105.29
2021-07-16,103.566,100.291,104.841,110.243,105.053
2021-07-19,103.66,100.379,104.7,110.0,104.999
2021-07-20,103.983,100.421,105.098,110.509,105.252
2021-07-21,104.153,100.925,105.548,110.92,105.82
2021-07-22,104.411,101.154,106.116,111.551,106.812
2021-07-23,104.504,101.39,106.226,111.751,107.01
2021-07-26,104.617,101.498,106.328,111.899,107.34
2021-07-27,104.65,101.627,106.688,112.299,107.36
2021-07-28,104.72,101.746,106.791,112.052,107.452
2021-07-29,104.609,101.601,106.682,112.348,107.551
2021-07-30,104.665,101.841,107.088,112.547,107.81
2021-08-02,104.589,101.7,106.811,112.12,107.328
2021-08-03,104.52,101.732,106.593,111.999,107.1
2021-08-04,104.491,101.594,106.39,111.797,106.953
2021-08-05,104.56,101.667,106.441,111.899,106.979
2021-08-06,104.5,101.55,106.25,111.997,106.85
2021-08-09,104.09,101.278,105.896,111.4,106.5
2021-08-10,104.041,101.148,105.895,111.452,106.251
2021-08-11,104.021,101.013,105.648,111.467,106.189
2021-08-12,104.157,101.125,105.763,111.277,106.011
2021-08-13,104.241,101.33,105.987,111.561,106.113
2021-08-16,104.4,101.622,106.334,112.066,106.65
2021-08-17,104.406,101.742,106.498,112.321,106.501
2021-08-18,104.412,101.792,106.394,112.071,106.45
2021-08-19,104.203,101.547,105.95,111.851,105.901
2021-08-20,104.301,101.528,106.287,111.998,105.924
2021-08-23,104.225,101.568,105.896,111.562,105.762
2021-08-24,104.236,101.354,105.857,111.5,105.754
2021-08-25,104.161,101.418,105.484,111.37,105.501
2021-08-26,104.1,101.229,104.901,111.289,105.2
2021-08-27,104.105,101.202,105.599,111.418,105.838
2021-08-30,104.143,101.495,105.398,111.328,105.506
2021-08-31,104.136,101.53,105.695,111.739,105.528
2021-09-01,104.361,101.58,105.789,111.68,105.749
2021-09-02,104.002,101.544,105.63,111.227,105.47
2021-09-03,104.12,101.476,105.699,111.371,105.552
2021-09-06,104.001,101.38,105.599,111.495,105.439
2021-09-07,103.83,101.271,105.448,111.349,105.264
2021-09-08,103.812,101.195,105.598,111.449,105.168
2021-09-09,103.702,101.1,105.595,111.3,105.268
2021-09-10,103.806,101.408,105.697,111.476,105.428
2021-09-13,103.81,101.19,105.845,111.52,105.601
2021-09-14,103.705,101.192,105.5,111.329,105.106
2021-09-15,103.609,100.949,105.465,111.2,105.054
2021-09-16,103.661,100.804,105.301,111.02,105.053
2021-09-17,103.511,100.702,105.077,110.996,104.95
2021-09-20,103.105,100.251,104.391,110.398,104.138
2021-09-21,103.35,100.302,104.629,110.4,104.496
2021-09-22,103.305,100.446,104.636,110.477,104.499
2021-09-23,103.102,100.193,104.095,110.019,103.799
2021-09-24,102.626,99.937,103.571,109.489,103.196
2021-09-27,102.7,99.802,103.5,109.509,103.249
2021-09-28,102.767,99.867,103.482,109.49,103.349
2021-09-29,102.7,99.474,103.369,109.401,102.897
2021-09-30,102.782,99.749,103.457,109.4,103.299
2021-10-01,102.637,99.5,103.161,109.206,102.915
2021-10-04,102.238,99.019,102.39,108.509,101.913
2021-10-05,101.59,98.4,101.438,107.754,101.103
2021-10-06,101.592,98.407,101.102,107.581,101.035
2021-10-07,101.843,98.882,102.351,108.429,102.048
2021-10-08,102.073,99.036,102.616,108.789,102.423
2021-10-11,102.006,98.85,102.415,108.5,101.902
2021-10-12,101.857,98.583,102.198,108.108,101.318
2021-10-13,102.001,99.0,102.79,108.558,102.493
2021-10-14,101.841,99.042,102.689,108.699,102.64
2021-10-15,102.106,98.809,102.583,108.6,102.298
2021-10-18,101.696,98.531,102.322,108.037,101.73
2021-10-19,101.838,98.645,102.421,108.05,101.7
2021-10-20,101.425,98.338,102.013,107.887,101.604
2021-10-21,101.2,98.04,101.476,107.476,100.805
2021-10-22,100.328,96.997,100.347,105.858,100.038
2021-10-25,99.259,95.983,99.038,104.7,98.827
2021-10-26,99.159,95.599,98.7,104.261,98.621
2021-10-27,99.227,95.804,99.227,104.753,98.5
2021-10-28,98.191,94.917,98.196,103.17,97.564
2021-10-29,98.35,94.912,97.85,103.388,97.403
2021-11-01,98.197,94.508,96.99,102.39,96.275
2021-11-02,98.274,94.653,96.852,102.56,96.355
2021-11-03,98.2,94.512,97.093,102.451,96.59
2021-11-05,98.248,94.512,97.019,102.501,96.505
2021-11-08,98.4,94.799,97.799,103.126,97.499
2021-11-09,98.948,95.23,98.516,103.799,98.398
2021-11-10,99.388,95.75,99.443,104.697,99.136
2021-11-11,99.012,95.452,99.032,104.4,98.67
2021-11-12,98.99,95.501,98.541,104.0,97.635
2021-11-15,98.399,94.446,97.299,103.228,97.102
2021-11-16,98.109,94.285,97.191,102.81,96.752
2021-11-17,97.971,94.158,97.492,102.92,97.229
2021-11-18,97.68,93.68,96.747,102.499,96.643
2021-11-19,97.444,93.55,96.185,102.037,96.313
2021-11-22,96.379,92.185,94.821,100.77,94.547
2021-11-23,96.525,92.518,95.14,101.042,95.32
2021-11-24,96.508,92.4,94.867,101.236,95.332
2021-11-25,96.833,92.821,95.997,101.858,95.921
2021-11-26,97.05,93.198,95.938,101.798,95.742
2021-11-29,97.56,93.747,96.696,102.075,96.247
2021-11-30,97.546,93.923,96.5,101.829,96.265
2021-12-01,97.257,93.5,95.937,101.68,95.24
2021-12-02,97.467,93.795,96.269,102.021,95.685
2021-12-03,97.551,93.636,95.998,101.997,95.438
2021-12-06,97.269,93.202,95.121,100.665,94.729
2021-12-07,97.367,93.283,95.395,100.947,94.71
2021-12-08,97.129,93.213,95.299,100.883,94.489
2021-12-09,97.39,93.412,95.546,101.099,94.9
2021-12-10,97.091,93.201,95.52,101.016,94.579
2021-12-13,96.95,93.004,95.389,100.786,93.98
2021-12-14,97.032,93.111,94.811,100.54,93.8
2021-12-15,97.1,93.008,95.1,100.759,94.59
2021-12-16,97.343,93.45,95.295,100.959,94.665
2021-12-17,97.618,93.713,96.192,101.7,95.263
2021-12-20,97.679,93.748,96.251,101.627,95.429
2021-12-21,97.657,93.584,96.0,101.3,94.936
2021-12-22,97.975,94.036,95.91,101.551,95.099
2021-12-23,97.8,93.91,96.082,101.705,94.94
2021-12-24,98.0,94.197,96.15,101.75,95.047
2021-12-27,98.198,94.157,96.319,101.809,94.95
2021-12-28,98.16,94.2,96.336,101.788,95.0
2021-12-29,98.052,94.186,96.127,101.717,94.901
2021-12-30,98.331,94.348,96.5,101.907,95.281
2022-01-03,98.382,94.574,96.7,101.901,95.5
2022-01-04,98.44,94.751,96.948,102.14,95.4
2022-01-05,98.351,94.373,96.296,101.769,95.159
2022-01-06,97.968,94.131,96.0,101.51,94.844
2022-01-07,,,,,
2022-01-10,97.272,93.53,95.2,100.692,94.255
2022-01-11,96.74,92.79,94.644,100.1,93.5
2022-01-12,96.55,92.533,94.207,99.7,93.1
2022-01-13,95.15,91.108,92.3,97.6,90.81
2022-01-14,94.84,90.19,91.097,96.59,89.385
2022-01-17,94.1,89.56,89.9,95.714,87.9
2022-01-18,94.17,89.849,90.244,95.626,88.18
2022-01-19,94.579,90.053,90.967,96.46,89.649
2022-01-20,94.0,89.766,90.3,95.7,88.7
2022-01-21,94.07,89.551,90.1,95.69,88.494
2022-01-24,93.099,88.308,88.13,93.96,85.95
2022-01-25,93.008,88.288,88.149,93.948,85.998
2022-01-26,92.799,87.96,87.599,93.35,85.473
2022-01-27,93.8,89.085,89.2,94.975,87.41
2022-01-28,93.882,89.257,89.269,95.15,87.472
2022-01-31,93.943,89.535,89.667,95.45,87.7
2022-02-01,94.071,89.491,89.799,95.39,88.011
2022-02-02,94.341,89.98,90.026,95.779,88.4
2022-02-03,94.368,89.889,89.7,95.627,88.079
2022-02-04,94.465,90.032,89.847,95.8,88.312
2022-02-07,94.398,89.8,89.792,95.874,87.9
2022-02-08,94.3,89.999,89.882,95.899,87.969
2022-02-09,94.216,90.076,89.91,96.036,88.146
2022-02-10,94.2,89.802,89.5,95.745,87.5
2022-02-11,92.601,88.04,87.053,93.281,84.901
2022-02-14,91.713,86.91,85.884,91.996,83.922
2022-02-15,92.461,88.137,87.859,93.799,85.223
2022-02-16,93.199,88.778,88.536,94.6,86.15
2022-02-17,92.589,87.998,87.12,93.994,85.2
2022-02-18,92.19,87.467,86.935,93.0,84.701
2022-02-21,89.718,84.592,82.9,89.317,80.058
2022-02-22,89.19,83.738,81.336,87.84,78.717
2022-02-23,,,,,
2022-02-24,82.0,70.999,69.0,79.398,66.82
2022-02-25,85.199,76.0,73.1,82.0,70.965
2022-02-28,,,,,
2022-03-01,,,,,
2022-03-02,,,,,
2022-03-03,,,,,
2022-03-04,,,,,
2022-03-09,,,,,
2022-03-10,,,,,
2022-03-11,,,,,
2022-03-14,,,,,
2022-03-15,,,,,
2022-03-16,,,,,
2022-03-17,,,,,
2022-03-18,,,,,
2022-03-21,78.7,71.875,68.891,73.18,62.5
2022-03-22,81.003,73.99,70.098,74.949,65.661
2022-03-23,80.75,73.449,68.6,74.119,63.9
2022-03-24,81.436,74.42,69.598,74.9,64.629
2022-03-25,81.654,74.587,68.39,75.1,64.768
2022-03-28,81.895,74.6,68.334,75.11,64.541
2022-03-29,83.8,77.459,71.65,79.15,68.09
2022-03-30,86.951,79.89,76.129,83.55,72.449
2022-03-31,89.999,81.56,78.379,86.52,73.548
2022-04-01,87.95,80.789,77.4,85.7,73.0
2022-04-04,86.54,79.797,76.29,83.85,71.599
2022-04-05,86.6,80.15,75.999,83.979,71.59
2022-04-06,86.621,79.818,75.247,83.206,70.415
2022-04-07,86.981,79.98,76.156,84.229,72.349
2022-04-08,89.551,84.879,80.725,88.145,77.75
2022-04-11,90.068,84.611,81.302,88.0,78.5
2022-04-12,90.109,84.899,81.598,88.518,78.412
2022-04-13,90.4,85.427,82.602,89.313,79.894
2022-04-14,90.403,85.223,82.599,89.7,79.001
2022-04-15,90.198,85.02,82.156,89.347,78.945
2022-04-18,91.1,85.711,83.131,89.707,79.999
2022-04-19,91.71,86.609,84.598,90.711,82.11
2022-04-20,92.499,87.3,85.576,91.903,83.05
2022-04-21,92.91,88.146,86.321,93.0,84.26
2022-04-22,92.597,87.964,86.057,92.669,83.448
2022-04-25,92.175,87.341,85.295,91.973,82.5
2022-04-26,92.578,87.64,85.65,91.753,82.514
2022-04-27,92.395,87.319,85.699,91.838,83.18
2022-04-28,92.352,87.299,85.699,91.654,83.199
2022-04-29,92.554,87.285,85.746,91.78,83.0
2022-05-04,92.301,87.063,84.899,91.436,82.305
2022-05-05,92.31,86.641,84.43,91.052,82.02
2022-05-06,92.266,86.701,84.796,91.2,82.11
2022-05-11,91.801,86.668,84.495,90.899,81.788
2022-05-12,91.836,86.411,84.339,90.33,81.795
2022-05-13,91.71,86.93,84.228,90.756,81.794
2022-05-16,91.75,86.89,84.398,90.859,81.899
2022-05-17,91.81,86.928,84.474,90.973,81.403
2022-05-18,91.603,86.753,84.54,90.879,81.65
2022-05-19,91.833,87.154,84.87,91.021,82.385
2022-05-20,92.184,87.232,85.49,91.486,82.647
2022-05-23,92.078,87.2,85.335,91.288,82.778
2022-05-24,92.0,87.29,85.601,91.441,82.997
2022-05-25,93.911,89.377,88.854,94.39,86.948
2022-05-26,94.155,89.931,89.2,95.1,88.355
2022-05-27,93.868,89.65,88.99,95.184,87.52
2022-05-30,93.661,89.1,88.8,95.26,86.617
2022-05-31,93.704,89.498,89.17,95.321,87.242
2022-06-01,95.469,91.0,90.733,96.458,88.847
2022-06-02,95.355,91.119,91.049,97.17,89.4
2022-06-03,95.763,91.687,91.35,97.696,89.774
2022-06-06,96.095,91.724,92.0,98.0,90.186
2022-06-07,96.014,91.85,92.012,98.18,90.249
2022-06-08,96.099,91.958,91.841,98.21,90.0
2022-06-09,96.3,92.172,92.199,98.499,90.25
2022-06-10,95.987,92.027,91.5,98.848,89.58
2022-06-14,95.986,91.699,91.35,98.38,89.04
2022-06-15,96.031,91.914,91.588,98.238,89.459
2022-06-16,96.37,92.04,92.2,98.499,90.444
2022-06-17,96.443,92.09,92.25,98.597,90.7
2022-06-20,96.704,92.102,92.479,98.604,90.8
2022-06-21,96.59,92.442,92.799,98.61,91.049
2022-06-22,96.6,92.398,92.9,98.67,91.09
2022-06-23,97.05,93.17,93.402,99.497,91.55
2022-06-24,97.48,93.349,93.6,99.81,91.998
2022-06-27,97.96,93.805,94.372,100.091,92.329
2022-06-28,97.719,93.8,94.141,100.155,92.456
2022-06-29,97.722,93.633,94.05,99.97,92.486
2022-06-30,97.427,93.242,93.7,99.882,91.61
2022-07-01,97.365,92.966,93.351,99.741,91.22
2022-07-04,97.216,92.581,92.36,99.566,90.514
2022-07-05,97.068,92.4,92.003,99.056,90.2
2022-07-06,97.066,92.573,92.25,99.201,90.44
2022-07-07,97.322,92.899,92.35,99.698,90.222
2022-07-08,97.599,92.949,92.02,99.808,90.297
2022-07-11,97.501,92.951,91.853,99.4,89.998
2022-07-12,97.519,92.681,91.788,99.1,89.846
2022-07-13,97.455,92.543,91.45,98.46,89.449
2022-07-14,97.401,92.59,91.681,98.494,89.572
2022-07-15,97.378,92.65,91.97,98.895,89.85
2022-07-18,97.3,92.34,91.6,98.78,89.65
2022-07-19,97.171,92.3,91.71,98.471,89.512
2022-07-20,97.27,92.488,91.815,98.5,89.849
2022-07-21,98.18,93.2,92.45,98.6,90.7
2022-07-22,99.089,94.4,93.848,100.349,92.0
2022-07-25,98.9,94.599,93.515,100.511,91.73
2022-07-26,99.225,94.58,93.47,100.5,91.48
2022-07-27,99.332,94.6,93.15,100.447,91.626
2022-07-28,99.636,94.6,93.55,100.6,91.548
2022-07-29,99.901,94.697,93.6,100.782,91.627
2022-08-01,100.072,94.746,93.5,100.91,91.67
2022-08-02,99.923,94.6,93.3,100.97,91.699
2022-08-03,100.088,94.582,93.2,100.9,91.439
2022-08-04,99.989,94.54,93.499,100.981,91.699
2022-08-05,99.673,94.35,93.341,100.871,91.27
2022-08-08,99.799,94.649,93.36,100.985,91.513
2022-08-09,99.79,94.401,93.389,100.925,91.418
2022-08-10,99.557,94.417,93.099,100.699,91.1
2022-08-11,99.396,93.95,92.615,100.4,90.5
2022-08-12,98.925,93.999,92.51,100.29,90.45
2022-08-15,99.161,94.011,92.552,100.364,90.386
2022-08-16,99.482,93.925,92.876,100.33,90.655
2022-08-17,99.781,93.984,92.947,100.45,90.822
2022-08-18,99.69,93.999,92.898,100.43,90.66
2022-08-19,99.727,93.749,92.5,100.018,90.8
2022-08-22,99.345,93.6,92.364,99.85,90.398
2022-08-23,99.274,93.598,92.15,99.994,90.192
2022-08-24,99.29,93.97,92.167,99.8,90.1
2022-08-25,99.596,94.136,92.35,99.9,90.698
2022-08-26,99.425,94.242,92.34,99.65,90.75
2022-08-29,99.3,94.508,92.19,99.65,90.244
2022-08-30,99.3,94.44,92.336,99.59,90.367
2022-08-31,99.439,94.544,92.1,99.35,89.9
2022-09-01,99.3,94.809,92.345,99.5,90.1
2022-09-02,99.95,95.413,92.5,99.8,90.2
2022-09-05,100.237,95.782,92.657,99.9,90.402
2022-09-06,100.345,95.636,92.741,99.95,90.65
2022-09-07,100.002,95.55,92.725,99.84,90.499
2022-09-08,100.029,95.397,92.25,99.45,90.099
2022-09-09,99.764,95.265,92.25,99.5,90.2
2022-09-12,99.88,95.458,92.577,99.65,90.497
2022-09-13,99.782,95.359,92.439,99.364,90.153
2022-09-14,99.701,95.298,92.589,99.45,90.26
2022-09-15,100.057,95.438,92.622,99.906,90.362
2022-09-16,99.601,94.7,91.7,99.0,89.318
2022-09-19,99.068,93.799,90.574,97.961,87.74
2022-09-20,97.805,91.438,87.557,94.6,84.302
2022-09-21,98.24,91.641,88.311,95.319,85.226
2022-09-22,96.766,90.72,86.98,94.345,82.999
2022-09-23,96.332,89.837,85.942,93.146,82.283
2022-09-26,95.3,88.772,84.401,91.501,80.383
2022-09-27,96.637,89.796,85.515,93.2,80.777
2022-09-28,95.901,89.279,84.36,93.47,79.8
2022-09-29,95.007,88.251,83.3,91.963,78.628
2022-09-30,95.108,88.154,82.886,91.403,78.409
2022-10-03,96.621,90.0,84.564,93.811,80.22
2022-10-04,96.879,89.541,85.101,94.0,81.399
2022-10-05,96.695,89.977,85.312,93.9,81.43
2022-10-06,96.88,90.481,85.779,93.85,82.143
2022-10-07,96.538,89.702,84.444,92.7,80.041
2022-10-10,96.202,90.299,84.817,92.535,80.5
2022-10-11,96.503,90.997,85.871,93.484,82.299
2022-10-12,96.802,90.88,85.788,93.7,82.2
2022-10-13,97.198,91.05,86.04,93.717,82.3
2022-10-14,97.113,91.21,86.25,94.18,82.501
2022-10-17,97.489,91.379,86.998,94.673,83.104
2022-10-18,97.4,91.225,86.599,94.253,82.9
2022-10-19,97.509,91.448,86.891,94.28,83.032
2022-10-20,97.844,91.399,87.198,94.346,83.251
2022-10-21,98.425,91.868,87.4,94.505,83.494
2022-10-24,98.675,91.952,87.4,94.439,83.529
2022-10-25,98.573,91.736,87.557,94.458,83.62
2022-10-26,98.4,91.95,87.522,94.396,83.795
2022-10-27,98.18,91.945,87.799,94.289,83.789
2022-10-28,98.233,91.697,87.26,94.125,83.592
2022-10-31,97.722,90.907,86.934,94.066,83.293
2022-11-01,97.815,91.088,87.099,94.222,83.47
2022-11-02,97.211,91.11,86.089,93.8,82.277
2022-11-03,97.632,91.429,86.1,94.057,82.238
2022-11-07,97.521,91.208,86.393,94.169,81.912
2022-11-08,97.14,90.536,85.541,93.158,80.996
2022-11-09,97.099,90.545,85.5,93.3,81.35
2022-11-10,97.547,90.893,86.257,93.795,81.75
2022-11-11,97.464,90.917,86.172,93.8,81.959
2022-11-14,97.409,90.852,85.89,93.81,81.949
2022-11-15,97.228,90.8,85.73,93.549,81.7
2022-11-16,97.697,91.667,86.7,94.122,83.285
2022-11-17,98.119,91.599,86.952,94.247,82.901
2022-11-18,98.155,91.891,86.997,94.199,82.95
2022-11-21,98.104,91.825,86.463,94.02,82.602
2022-11-22,98.132,91.797,86.448,93.57,82.28
2022-11-23,98.172,92.1,86.692,93.701,82.641
2022-11-24,98.151,92.26,86.8,93.83,82.795
2022-11-25,98.204,91.987,86.701,93.75,82.836
2022-11-28,98.1,92.3,86.583,93.65,82.67
2022-11-29,98.232,92.271,86.63,93.559,82.882
2022-11-30,98.296,92.469,86.561,93.707,82.75
2022-12-01,98.145,92.401,86.418,93.501,82.447
2022-12-02,98.119,92.348,86.41,93.646,82.34
2022-12-05,97.9,92.248,86.198,93.29,82.15
2022-12-06,98.0,91.991,86.153,93.43,82.051
2022-12-07,98.096,92.172,86.26,93.649,82.26
2022-12-08,98.268,92.29,86.389,93.798,82.457
2022-12-09,98.3,92.259,86.498,93.9,82.654
2022-12-12,98.417,92.249,86.453,93.923,82.449
2022-12-13,98.6,92.486,86.359,93.838,82.399
2022-12-14,98.509,92.387,86.256,93.661,82.3
2022-12-15,98.49,92.206,86.158,93.502,82.38
2022-12-16,98.494,92.293,86.296,93.608,82.405
2022-12-19,98.422,92.039,85.926,93.262,81.56
2022-12-20,98.153,92.061,85.698,92.79,81.383
2022-12-21,98.141,92.0,85.221,92.924,81.31
2022-12-22,98.301,92.192,85.511,93.036,81.605
2022-12-23,98.309,92.18,85.709,93.062,81.886
2022-12-26,98.059,92.213,85.936,93.398,81.728
2022-12-27,97.52,92.144,85.801,93.033,81.711
2022-12-28,97.771,92.201,85.85,93.149,81.8
2022-12-29,97.726,92.35,86.121,93.15,81.799
2022-12-30,97.919,92.559,86.614,93.29,82.2
2023-01-03,98.18,92.668,86.902,93.452,82.597
2023-01-04,98.154,92.75,87.107,93.6,82.599
2023-01-05,98.111,92.854,87.41,93.762,82.7
2023-01-06,98.019,92.6,86.999,93.54,82.649
2023-01-09,98.007,92.153,86.3,93.398,82.29
2023-01-10,97.978,92.286,85.985,93.259,82.039
2023-01-11,97.82,92.161,86.187,93.24,82.044
2023-01-12,97.673,92.286,86.308,93.179,82.133
2023-01-13,98.012,92.304,86.229,93.135,81.995
2023-01-16,97.799,92.353,86.319,93.219,82.137
2023-01-17,97.914,92.346,86.058,93.18,81.7
2023-01-18,98.05,92.355,85.999,93.1,81.581
2023-01-19,98.36,92.449,85.899,93.005,81.849
2023-01-20,98.011,92.31,85.799,92.99,81.439
2023-01-23,97.721,92.355,85.533,92.901,81.232
2023-01-24,97.999,92.552,85.468,92.874,81.18
2023-01-25,97.996,92.51,85.496,92.987,81.073
2023-01-26,98.259,92.344,85.587,92.98,81.303
2023-01-27,98.299,92.36,85.52,92.981,81.306
2023-01-30,98.227,92.465,85.131,92.82,81.299
2023-01-31,98.329,92.497,85.202,92.83,80.7
2023-02-01,98.392,92.589,85.1,92.874,80.56
2023-02-02,98.472,92.611,85.3,92.798,80.451
2023-02-03,98.225,92.61,85.049,92.71,80.2
2023-02-06,98.509,92.6,85.127,92.705,80.194
2023-02-07,98.296,92.431,84.9,92.618,80.254
2023-02-08,98.348,92.08,85.065,92.434,80.19
2023-02-09,97.7,92.014,84.839,92.0,80.149
2023-02-10,98.043,91.941,84.762,91.915,80.098
2023-02-13,97.467,91.456,84.452,91.507,79.765
2023-02-14,97.26,91.491,84.544,91.268,79.5
2023-02-15,96.989,91.146,84.42,91.006,79.315
2023-02-16,97.216,91.292,84.349,91.07,79.0
2023-02-17,97.18,91.299,84.282,91.262,78.981
2023-02-20,97.131,90.881,84.095,91.058,78.815
2023-02-21,97.199,90.99,84.396,91.3,79.045
2023-02-22,97.545,91.111,84.25,91.491,78.972
2023-02-24,97.49,91.356,84.417,91.871,78.95
2023-02-27,97.578,91.174,84.798,91.58,79.098
2023-02-28,97.496,91.3,84.587,91.605,78.538
2023-03-01,97.552,91.2,84.55,91.5,78.895
2023-03-02,97.515,91.347,84.558,91.52,78.888
2023-03-03,97.549,91.464,84.718,91.599,79.164
2023-03-06,97.465,91.314,84.634,91.79,79.37
2023-03-07,97.667,91.5,84.801,91.925,79.685
2023-03-09,97.37,91.589,84.726,92.269,79.688
2023-03-10,97.858,91.736,84.884,92.269,79.88
2023-03-13,97.763,91.747,84.922,92.114,79.882
2023-03-14,97.621,91.631,84.7,92.03,79.654
2023-03-15,97.526,91.414,84.599,91.994,79.262
2023-03-16,97.597,91.488,84.571,91.82,79.394
2023-03-17,97.019,91.153,84.471,91.2,79.072
2023-03-20,97.19,91.162,84.234,91.021,79.155
2023-03-21,97.267,91.368,84.347,91.16,79.497
2023-03-22,97.58,91.345,84.48,91.24,79.587
2023-03-23,97.717,91.528,84.464,91.4,79.7
2023-03-24,97.66,91.742,84.6,91.352,79.703
2023-03-27,97.7,91.654,84.715,91.356,79.65
2023-03-28,97.7,91.753,84.679,91.68,79.098
2023-03-29,97.748,91.798,84.7,91.321,79.344
2023-03-30,97.612,91.879,84.732,91.485,79.343
2023-03-31,97.6,91.832,84.61,91.582,79.11
2023-04-03,97.699,91.758,84.756,91.486,79.012
2023-04-04,97.63,91.448,84.58,91.208,79.046
2023-04-05,97.6,91.609,84.46,91.07,78.987
2023-04-06,97.565,91.393,84.286,90.803,78.62
2023-04-07,97.779,91.199,84.238,90.86,78.68
2023-04-10,97.778,91.308,84.291,90.85,78.945
2023-04-11,97.811,91.224,84.131,90.9,78.799
2023-04-12,97.802,91.414,84.003,90.649,78.395
2023-04-13,97.853,91.609,83.928,90.642,78.401
2023-04-14,98.03,91.614,83.993,90.61,78.439
2023-04-17,98.027,91.619,84.018,90.634,78.4
2023-04-18,98.197,91.871,83.909,90.547,78.458
2023-04-19,98.036,91.91,83.908,90.59,78.372
2023-04-20,98.3,91.9,83.899,90.52,78.443
2023-04-21,98.299,92.049,83.905,90.541,78.568
2023-04-24,98.484,91.753,83.946,90.59,78.8
2023-04-25,98.508,91.894,83.922,90.634,78.772
2023-04-26,98.601,92.019,83.995,90.798,78.85
2023-04-27,98.691,92.121,84.113,90.97,79.098
2023-04-28,98.856,92.002,84.45,91.4,79.458
2023-05-02,98.678,92.178,84.499,91.655,79.363
2023-05-03,98.832,92.239,84.534,91.477,79.18
2023-05-04,98.889,92.172,84.535,91.7,79.219
2023-05-05,98.881,92.3,84.5,91.753,79.171
2023-05-08,98.837,92.243,84.5,91.696,79.2
2023-05-10,98.778,92.218,84.471,91.731,79.348
2023-05-11,98.769,92.144,84.365,91.848,79.299
2023-05-12,98.625,92.24,84.365,91.86,79.281
2023-05-15,98.641,92.23,84.4,91.91,79.239
2023-05-16,98.523,92.239,84.6,91.85,79.21
2023-05-17,98.55,92.3,84.369,91.823,79.1
2023-05-18,98.64,92.313,84.485,91.807,79.115
2023-05-19,98.634,92.49,84.543,91.812,79.2
2023-05-22,98.568,92.291,84.496,91.928,79.277
2023-05-23,98.498,92.326,84.545,91.845,79.089
2023-05-24,98.342,92.27,84.541,91.8,79.101
2023-05-25,98.346,92.273,84.58,91.839,79.075
2023-05-26,98.343,92.381,84.6,91.84,79.167
2023-05-29,98.3,92.198,84.639,91.8,79.117
2023-05-30,98.212,92.307,84.489,91.797,79.044
2023-05-31,98.2,92.346,84.402,91.711,79.0
2023-06-01,98.152,92.29,84.366,91.649,79.019
2023-06-02,98.071,92.36,84.449,91.53,78.852
2023-06-05,98.104,92.35,84.27,91.58,78.896
2023-06-06,98.146,92.33,84.262,91.55,78.73
2023-06-07,98.15,92.177,84.251,91.55,78.856
2023-06-08,98.1,92.349,84.2,91.58,78.799
2023-06-09,98.15,92.25,84.296,91.55,78.676
2023-06-13,98.149,92.155,84.09,91.42,78.608
2023-06-14,98.074,92.237,83.984,91.407,78.402
2023-06-15,98.095,92.16,84.069,91.52,78.46
2023-06-16,98.0,92.2,83.979,91.477,78.414
2023-06-19,98.047,92.224,83.807,91.3,78.4
2023-06-20,97.888,92.156,83.708,91.254,78.04
2023-06-21,97.677,91.956,83.799,91.2,77.999
2023-06-22,97.599,91.99,83.689,91.2,77.908
2023-06-23,97.6,91.87,83.63,90.882,77.766
2023-06-26,97.515,91.72,83.496,91.199,77.601
2023-06-27,97.6,91.968,83.478,91.183,77.804
2023-06-28,97.72,91.715,83.4,91.059,77.687
2023-06-29,97.505,91.803,83.232,90.915,77.651
2023-06-30,97.616,91.225,83.001,91.099,77.5
2023-07-03,97.3,91.811,83.196,90.827,77.429
2023-07-04,97.205,91.78,83.101,90.918,77.454
2023-07-05,97.423,91.22,83.05,90.78,77.359
2023-07-06,97.41,91.21,82.999,90.583,77.195
2023-07-07,97.389,91.1,83.048,90.689,77.162
2023-07-10,97.124,91.183,82.812,90.474,77.093
2023-07-11,96.945,90.924,82.755,90.235,76.968
2023-07-12,96.903,91.089,82.506,90.14,76.749
2023-07-13,96.979,90.882,82.407,90.395,76.664
2023-07-14,96.757,90.861,82.443,90.3,76.651
2023-07-17,96.213,90.4,82.1,90.179,76.383
2023-07-18,96.08,90.212,82.215,89.905,76.27
2023-07-19,96.099,90.278,82.2,89.879,76.445
2023-07-20,96.057,90.2,82.203,89.729,76.387
2023-07-21,95.701,90.219,82.348,89.8,76.41
2023-07-24,96.035,90.049,82.499,89.804,76.591
2023-07-25,95.787,90.6,82.611,89.825,76.804
2023-07-26,96.001,90.513,82.549,89.805,76.9
2023-07-27,95.893,90.361,82.499,89.782,76.6
2023-07-28,95.533,90.209,82.39,89.718,76.644
2023-07-31,95.531,90.32,82.207,89.645,76.67
2023-08-01,95.5,90.289,82.23,89.379,76.708
2023-08-02,95.634,90.071,82.193,89.245,76.679
2023-08-03,95.407,89.8,82.172,89.046,76.45
2023-08-04,95.188,89.861,82.01,88.829,76.432
2023-08-07,95.185,89.778,81.904,88.741,76.25
2023-08-08,94.914,89.506,81.717,88.572,76.213
2023-08-09,94.48,89.087,81.495,88.288,76.053
2023-08-10,94.097,88.72,81.414,88.037,75.952
2023-08-11,94.053,88.749,81.239,87.75,75.881
2023-08-14,92.92,87.965,80.106,86.59,75.008
2023-08-15,92.999,87.749,80.876,86.98,75.648
2023-08-16,93.265,87.735,81.399,87.504,76.005
2023-08-17,93.533,88.149,81.688,88.29,76.5
2023-08-18,93.855,88.351,82.3,87.95,76.52
2023-08-21,93.698,88.339,81.69,87.85,76.5
2023-08-22,93.412,88.168,81.507,87.633,76.3
2023-08-23,93.668,88.238,81.29,87.509,75.9
2023-08-24,93.311,88.0,80.919,87.49,75.58
2023-08-25,93.194,87.885,80.831,87.456,75.569
2023-08-28,93.109,87.799,80.573,87.336,75.379
2023-08-29,93.055,87.63,80.487,87.25,75.298
2023-08-30,93.099,87.588,80.581,86.88,75.389
2023-08-31,93.058,87.481,80.526,87.0,75.293
2023-09-01,92.812,87.248,80.44,86.62,75.301
2023-09-04,92.817,87.205,80.39,86.5,75.243
2023-09-05,92.29,87.033,80.14,86.344,75.0
2023-09-06,91.249,86.008,79.6,85.744,74.0
2023-09-07,90.954,85.495,79.041,85.08,73.266
2023-09-08,90.195,84.565,78.22,84.629,72.801
2023-09-11,90.522,84.573,78.38,84.685,72.771
2023-09-12,91.509,85.89,79.471,85.65,74.166
2023-09-13,91.045,85.562,79.128,85.181,73.9
2023-09-14,90.607,85.001,78.921,85.1,73.49
2023-09-15,90.916,85.282,79.79,85.735,73.948
2023-09-18,90.811,85.704,79.55,85.579,74.046
2023-09-19,90.726,85.233,79.005,84.987,73.607
2023-09-20,90.574,85.025,78.74,84.837,73.275
2023-09-21,90.603,85.17,78.618,84.999,73.3
2023-09-22,90.551,85.0,78.923,84.779,73.37
2023-09-25,90.587,85.048,78.54,84.827,73.0
2023-09-26,90.518,84.797,78.375,84.595,72.965
2023-09-27,90.408,84.549,78.15,84.651,72.609
2023-09-28,90.3,84.197,77.55,84.184,72.499
2023-09-29,90.12,84.013,77.501,83.914,71.707
2023-10-02,90.073,83.908,76.989,83.095,71.0
2023-10-03,89.98,83.84,77.232,83.244,71.449
2023-10-04,90.211,83.498,76.99,83.094,71.29
2023-10-05,89.999,83.389,76.818,83.21,71.199
2023-10-06,90.005,83.39,76.5,82.959,71.061
2023-10-09,90.085,83.322,76.223,82.692,70.339
2023-10-10,90.197,83.323,76.14,82.197,70.293
2023-10-11,90.46,83.664,76.95,82.905,71.4
2023-10-12,90.3,83.771,76.929,83.021,71.0
2023-10-13,90.351,83.844,77.058,83.215,70.999
2023-10-16,90.398,83.9,76.995,83.087,71.249
2023-10-17,90.391,84.14,76.915,82.989,70.925
2023-10-18,90.2,83.752,76.556,82.778,70.414
2023-10-19,90.145,83.797,76.525,82.599,70.416
2023-10-20,90.308,83.749,76.555,82.695,70.548
2023-10-23,90.261,83.723,76.456,82.552,70.676
2023-10-24,90.343,83.923,76.37,82.69,70.498
2023-10-25,90.439,84.001,76.55,82.7,70.599
2023-10-26,90.141,83.8,76.265,82.621,70.4
2023-10-27,89.9,83.491,76.155,82.108,70.159
2023-10-30,89.569,83.3,75.821,82.079,69.453
2023-10-31,89.9,83.4,75.323,81.8,69.269
2023-11-01,90.299,84.0,76.198,82.51,70.2
2023-11-02,90.467,84.823,77.163,83.443,70.9
2023-11-03,91.167,85.238,78.195,84.316,72.17
2023-11-06,91.401,85.62,78.457,84.69,72.682
2023-11-07,91.235,85.597,77.803,84.162,71.901
2023-11-08,91.33,85.599,77.907,84.41,72.014
2023-11-09,91.878,86.195,79.112,85.216,72.998
2023-11-10,91.986,86.165,79.356,85.375,72.95
2023-11-13,92.099,86.175,78.241,84.6,72.267
2023-11-14,91.662,85.748,78.1,84.005,72.1
2023-11-15,91.347,86.852,78.8,84.829,72.797
2023-11-16,90.809,86.468,78.603,84.6,72.459
2023-11-17,91.921,86.221,78.6,84.859,72.8
2023-11-20,92.145,86.362,78.82,85.08,72.645
2023-11-21,92.012,86.87,78.7,84.997,72.8
2023-11-22,92.295,87.0,78.911,85.11,73.409
2023-11-23,92.399,86.8,79.182,85.227,73.207
2023-11-24,92.246,86.844,78.77,85.48,73.134
2023-11-27,92.197,86.896,78.887,85.418,72.799
2023-11-28,92.1,86.996,78.915,85.333,72.832
2023-11-29,92.26,86.866,78.99,85.24,73.0
2023-11-30,92.15,86.759,78.694,85.035,72.85
2023-12-01,91.62,86.228,78.204,84.699,72.33
2023-12-04,91.575,85.704,77.817,83.909,71.568
2023-12-05,91.33,85.584,77.699,83.529,71.502
2023-12-06,91.294,85.412,77.374,83.5,71.04
2023-12-07,91.327,85.625,77.494,83.668,71.099
2023-12-08,91.592,85.795,77.657,83.591,71.18
2023-12-11,91.487,85.3,76.62,83.387,70.65
2023-12-12,91.204,85.576,76.687,83.017,70.179
2023-12-13,91.257,85.252,76.593,82.702,69.906
2023-12-14,90.812,85.14,76.552,82.4,69.89
2023-12-15,91.395,85.338,77.021,83.312,70.665
2023-12-18,91.4,85.768,77.798,84.2,71.456
2023-12-19,91.854,86.039,78.164,84.303,71.9
2023-12-20,91.865,86.212,78.853,84.61,72.28
2023-12-21,91.955,86.215,78.854,85.087,72.49
2023-12-22,91.896,86.499,79.109,85.157,72.5
2023-12-25,92.099,86.02,78.829,84.96,72.401
2023-12-26,91.844,86.16,78.599,84.49,72.299
2023-12-27,91.748,86.203,78.453,84.44,72.384
2023-12-28,91.928,86.331,78.45,84.411,72.456
2023-12-29,91.9,86.328,78.821,84.771,72.736
2024-01-03,91.943,86.393,78.622,84.899,72.292
2024-01-04,91.94,86.253,78.755,84.782,72.617
2024-01-05,91.92,86.1,78.561,84.732,72.516
2024-01-08,91.841,86.251,78.327,84.628,72.338
2024-01-09,91.73,86.057,77.887,84.351,72.021
2024-01-10,91.573,85.936,77.961,84.15,71.713
2024-01-11,91.266,85.793,77.66,83.6,71.147
2024-01-12,91.322,85.949,77.14,83.663,70.8
2024-01-15,91.508,85.725,77.483,83.85,70.9
2024-01-16,91.692,85.972,77.6,83.944,71.29
2024-01-17,91.749,86.388,78.18,84.249,71.513
2024-01-18,91.743,86.429,78.5,84.4,72.22
2024-01-19,91.704,86.599,78.399,84.598,72.09
2024-01-22,91.9,86.665,78.487,84.5,72.149
2024-01-23,91.745,86.42,78.117,84.499,72.256
2024-01-24,91.878,86.312,78.435,84.435,72.151
2024-01-25,91.889,86.334,78.419,84.558,72.235
2024-01-26,91.988,86.36,78.611,84.701,72.484
2024-01-29,91.587,86.161,78.315,84.61,72.27
2024-01-30,91.896,86.092,78.2,84.503,72.3
2024-01-31,91.714,85.999,78.415,84.537,72.55
2024-02-01,91.754,86.099,78.1,84.466,72.367
2024-02-02,91.636,86.0,78.0,84.297,72.169
2024-02-05,91.579,85.9,77.975,84.258,72.098
2024-02-06,91.501,85.805,77.963,84.119,71.99
2024-02-07,91.599,85.887,78.099,84.13,71.937
2024-02-08,91.401,85.636,77.594,83.89,71.45
2024-02-09,91.298,85.759,77.434,83.9,71.71
2024-02-12,91.345,85.861,77.748,84.04,71.556
2024-02-13,91.37,85.646,77.61,84.056,71.475
2024-02-14,91.285,85.699,77.68,83.835,71.54
2024-02-15,91.2,85.55,77.552,83.8,70.999
2024-02-16,91.051,85.019,77.249,83.521,70.498
2024-02-19,90.96,85.265,77.0,83.259,70.2
2024-02-20,90.732,85.051,76.9,83.03,69.95
2024-02-21,90.782,84.79,76.801,83.011,69.998
2024-02-22,90.761,84.817,76.887,83.186,70.395
2024-02-26,90.739,84.979,76.831,83.044,70.09
2024-02-27,90.729,84.801,76.959,82.949,70.065
2024-02-28,90.8,84.944,76.909,82.899,70.03
2024-02-29,90.797,84.799,76.661,82.807,69.901
2024-03-01,91.0,84.938,76.5,82.647,69.808
2024-03-04,90.561,84.601,75.867,82.216,69.281
2024-03-05,90.379,84.428,75.7,81.822,68.573
2024-03-06,90.218,84.22,75.48,81.739,68.494
2024-03-07,90.139,84.189,75.15,81.464,68.348
2024-03-11,90.11,84.195,75.098,81.453,68.23
2024-03-12,89.86,83.834,74.71,81.32,68.08
2024-03-13,90.08,83.61,74.802,80.897,67.861
2024-03-14,89.797,83.596,74.1,80.695,67.45
2024-03-15,89.884,83.465,73.86,80.251,67.088
2024-03-18,89.757,83.094,73.342,79.9,66.623
2024-03-19,89.7,82.965,73.287,79.642,66.663
2024-03-20,89.7,83.255,72.9,79.753,66.25
2024-03-21,89.738,83.18,73.435,79.67,66.37
2024-03-22,89.717,82.742,73.254,79.413,65.886
2024-03-25,89.599,83.105,73.476,79.604,65.906
2024-03-26,89.699,83.229,73.026,79.609,65.764
2024-03-27,89.869,83.455,73.536,79.659,66.398
2024-03-28,89.709,83.499,73.5,79.827,66.37
2024-03-29,89.693,83.571,73.147,79.77,66.197
2024-04-01,89.625,83.431,72.73,79.51,65.58
2024-04-02,89.665,83.252,72.616,79.3,65.815
2024-04-03,89.7,83.1,72.602,79.295,65.05
2024-04-04,89.545,83.127,72.6,79.182,64.78
2024-04-05,89.587,82.795,72.364,78.994,64.672
2024-04-08,89.567,83.078,72.199,78.674,64.497
2024-04-09,89.375,83.005,72.199,78.727,64.561
2024-04-10,89.433,82.877,72.249,78.848,64.656
2024-04-11,89.204,82.642,72.067,78.742,64.293
2024-04-12,89.276,82.773,72.125,78.652,64.415
2024-04-15,89.401,82.821,72.165,78.7,64.794
2024-04-16,89.353,82.889,72.0,78.524,64.595
2024-04-17,89.3,82.822,72.341,78.878,65.1
2024-04-18,89.351,82.838,72.499,78.87,65.154
2024-04-19,89.269,82.988,73.246,79.696,65.795
2024-04-22,89.288,82.961,72.997,79.196,65.39
2024-04-23,89.212,82.773,72.619,79.157,65.343
2024-04-24,89.296,82.701,72.619,79.088,65.27
2024-04-25,89.1,82.69,72.44,79.08,65.3
2024-04-26,88.934,82.444,71.891,78.49,64.5
2024-04-27,88.954,82.406,71.711,78.298,64.599
2024-04-29,89.02,82.6,71.911,78.254,64.718
2024-04-30,88.814,82.528,71.799,78.31,64.73
2024-05-02,88.755,82.504,71.501,78.15,64.329
2024-05-03,88.671,82.174,71.398,77.9,64.128
2024-05-06,88.687,82.076,71.38,77.747,63.993
2024-05-07,88.663,82.078,71.307,77.792,64.069
2024-05-08,88.611,82.082,71.258,77.839,64.254
2024-05-10,88.69,82.038,71.44,77.947,64.27
2024-05-13,88.438,81.481,70.791,77.195,63.613
2024-05-14,88.16,81.05,70.148,76.403,62.815
2024-05-15,88.249,81.261,70.503,76.594,63.0
2024-05-16,87.893,81.052,70.333,76.56,63.034
2024-05-17,87.934,81.0,70.155,76.476,62.91
2024-05-20,87.772,80.587,69.899,76.153,62.565
2024-05-21,87.409,80.152,69.448,75.862,62.3
2024-05-22,87.399,80.126,69.395,75.554,62.279
2024-05-23,87.02,79.689,68.48,75.2,61.655
2024-05-24,86.648,79.289,68.009,74.509,60.92
2024-05-27,86.202,79.024,67.266,73.937,60.006
2024-05-28,86.541,79.331,67.781,74.253,60.499
2024-05-29,86.464,79.1,67.605,74.14,60.071
2024-05-30,86.364,78.68,66.997,73.692,59.398
2024-05-31,86.053,78.495,66.319,72.5,58.704
2024-06-03,86.337,78.484,66.678,73.155,59.369
2024-06-04,86.604,80.0,67.499,73.899,60.035
2024-06-05,86.528,78.975,67.672,73.745,60.337
2024-06-06,86.37,78.957,67.641,73.729,60.176
2024-06-07,86.629,79.21,67.625,73.886,60.389
2024-06-10,86.32,78.744,66.893,73.284,59.4
2024-06-11,86.413,78.601,66.823,73.493,59.858
2024-06-13,86.352,78.549,66.511,73.234,59.277
2024-06-14,86.333,78.698,66.741,73.198,59.2
2024-06-17,86.01,78.12,65.616,72.25,58.19
2024-06-18,85.586,77.864,65.335,71.806,57.933
2024-06-19,85.04,77.315,65.307,71.567,57.557
2024-06-20,84.761,77.312,64.692,71.199,57.429
2024-06-21,84.873,77.635,65.325,71.598,57.918
2024-06-24,84.983,77.649,65.294,71.542,58.15
2024-06-25,85.455,78.278,65.72,72.019,58.76
2024-06-26,85.617,78.142,66.001,72.477,58.859
2024-06-27,85.612,78.488,66.553,72.501,59.011
2024-06-28,85.429,77.904,66.183,72.595,58.6
2024-07-01,85.578,77.9,66.443,72.3,58.797
2024-07-02,85.568,78.101,66.102,72.374,58.64
2024-07-03,85.707,78.568,66.434,72.301,58.584
2024-07-04,85.408,77.57,65.906,72.295,58.134
2024-07-05,85.378,77.611,65.58,71.57,57.639
2024-07-08,85.444,77.649,65.4,71.567,57.565
2024-07-09,85.354,77.553,65.57,71.392,57.398
2024-07-10,85.13,77.232,65.0,71.068,57.024
2024-07-11,85.161,77.004,65.129,71.362,57.1
2024-07-12,85.089,76.936,64.835,71.145,56.72
2024-07-15,84.934,76.35,64.4,70.74,56.379
2024-07-16,84.891,76.22,63.8,69.653,56.161
2024-07-17,85.17,76.4,63.665,69.425,55.742
2024-07-18,85.0,76.902,64.804,70.502,56.994
2024-07-19,84.97,76.6,64.879,70.35,56.8
2024-07-22,85.087,76.65,65.282,70.826,57.299
2024-07-23,84.911,76.298,64.462,70.192,56.489
2024-07-24,84.918,76.064,64.65,70.545,57.207
2024-07-25,84.9,76.036,65.207,70.9,57.4
2024-07-26,84.805,76.052,64.1,69.652,56.051
2024-07-29,84.72,76.0,63.502,69.48,55.612
2024-07-30,85.08,76.393,64.309,70.246,56.21
2024-07-31,85.055,76.85,65.467,70.9,56.686
2024-08-01,85.37,77.0,65.564,70.75,57.033
2024-08-02,85.413,76.947,65.5,70.858,56.999
2024-08-05,85.301,76.99,65.133,70.556,56.604
2024-08-06,85.408,77.353,65.849,71.18,57.339
2024-08-07,85.642,77.955,66.316,71.5,58.12
2024-08-08,86.199,78.279,67.349,72.359,58.865
2024-08-09,86.311,78.554,67.317,72.647,59.33
2024-08-12,86.17,78.07,66.948,72.378,58.85
2024-08-13,86.094,78.189,67.14,72.38,59.361
2024-08-14,86.0,77.629,66.685,72.348,58.65
2024-08-15,85.569,77.818,65.0,71.88,57.898
2024-08-16,85.627,77.496,65.57,72.38,58.216
2024-08-19,85.419,77.723,64.906,71.403,57.73
2024-08-20,85.492,77.498,64.98,71.437,57.544
2024-08-21,85.559,77.1,64.497,71.1,57.504
2024-08-22,85.422,76.504,64.325,71.121,57.158
2024-08-23,85.239,76.39,63.394,69.977,56.429
2024-08-26,85.179,76.367,63.9,70.547,57.0
2024-08-27,85.144,76.548,63.659,70.414,56.495
2024-08-28,85.118,76.398,63.599,70.185,56.4
2024-08-29,84.913,76.16,63.467,70.055,56.303
2024-08-30,84.707,75.624,62.75,69.791,55.701
2024-09-02,84.677,75.702,62.255,69.986,55.268
2024-09-03,84.853,75.869,62.565,69.792,55.518
2024-09-04,85.215,76.05,64.3,70.378,56.807
2024-09-05,84.7,75.639,64.214,70.796,57.786
2024-09-06,84.77,76.103,64.712,71.494,58.4
2024-09-09,84.97,76.225,64.735,70.95,58.394
2024-09-10,85.0,76.3,63.937,70.327,57.59
2024-09-11,84.747,76.212,63.725,70.498,57.199
2024-09-12,84.702,76.3,63.56,69.924,56.961
2024-09-13,84.798,75.64,63.361,69.666,56.914
2024-09-16,84.341,75.55,63.396,69.68,57.095
2024-09-17,84.399,75.185,62.859,69.331,56.59
2024-09-18,83.757,75.438,62.709,69.243,56.481
2024-09-19,83.912,75.0,62.613,68.936,55.941
2024-09-20,84.0,75.099,62.658,68.878,56.174
2024-09-23,84.1,74.9,62.553,68.84,55.978
2024-09-24,84.065,74.895,62.803,69.313,56.182
2024-09-25,84.101,74.848,63.203,68.909,56.527
2024-09-26,84.103,74.223,62.924,68.699,56.294
2024-09-27,83.724,74.074,62.587,68.556,56.045
2024-09-30,83.639,73.986,62.5,68.401,55.852
2024-10-01,83.598,73.568,62.998,67.947,55.483
2024-10-02,83.3,73.1,62.283,67.55,55.098
2024-10-03,83.295,72.999,61.729,67.139,55.081
2024-10-04,83.189,72.699,61.51,67.187,55.159
2024-10-07,82.971,72.339,61.003,66.7,54.446
2024-10-08,82.813,72.618,60.839,66.52,54.126
2024-10-09,82.865,72.35,60.63,66.48,53.937
2024-10-10,83.139,72.584,61.462,66.585,54.547
2024-10-11,83.25,72.695,61.354,67.088,54.438
2024-10-14,83.389,72.799,61.484,67.139,54.72
2024-10-15,83.402,72.797,61.657,67.149,54.433
2024-10-16,83.68,73.074,61.729,67.212,54.627
2024-10-17,83.29,72.999,61.41,67.153,54.35
2024-10-18,83.395,72.848,61.252,67.18,54.0
2024-10-21,83.25,72.7,61.279,66.901,54.199
2024-10-22,83.118,72.649,61.15,66.822,54.256
2024-10-23,82.966,72.514,61.396,66.661,54.29
2024-10-24,82.848,72.448,60.983,66.478,54.159
2024-10-25,82.595,72.05,60.266,65.32,53.605
2024-10-28,81.947,71.458,59.413,64.596,52.82
2024-10-29,81.996,71.71,59.297,64.454,52.549
2024-10-30,81.899,71.798,59.368,64.75,52.6
2024-10-31,81.278,70.943,58.739,63.675,52.119
2024-11-01,81.342,71.194,58.766,63.944,52.383
2024-11-02,81.334,71.214,58.75,63.95,52.379
2024-11-05,81.449,71.381,58.85,64.15,52.496
2024-11-06,81.37,71.989,59.69,64.897,53.078
2024-11-07,81.5,72.346,61.239,65.973,54.561
2024-11-08,81.69,72.479,61.25,66.25,54.873
2024-11-11,81.899,72.749,61.602,66.3,55.444
2024-11-12,81.87,72.669,61.934,66.484,55.47
2024-11-13,81.891,72.638,61.909,66.639,55.667
2024-11-14,82.07,72.883,62.3,66.937,56.058
2024-11-15,82.101,73.076,62.544,66.999,56.296
2024-11-18,82.211,72.95,61.89,66.595,55.702
2024-11-19,82.048,71.86,60.78,65.647,54.7
2024-11-20,81.779,71.738,60.801,65.541,54.247
2024-11-21,81.766,71.912,61.008,65.798,54.406
2024-11-22,81.792,72.132,61.03,65.704,54.237
2024-11-25,81.877,71.92,60.608,65.36,53.912
2024-11-26,81.596,72.009,60.5,65.209,53.55
2024-11-27,81.473,71.879,60.389,65.186,53.269
2024-11-28,81.32,71.75,60.409,65.129,53.38
2024-11-29,81.186,71.656,60.441,65.187,53.734
2024-12-02,81.376,71.596,60.769,65.511,54.259
2024-12-03,81.569,71.656,60.745,65.674,54.571
2024-12-04,81.436,71.48,60.325,65.31,54.17
2024-12-05,81.699,71.837,60.58,65.431,54.216
2024-12-06,81.882,72.241,60.986,65.667,54.1
2024-12-09,81.997,72.512,61.051,65.486,54.198
2024-12-10,82.099,72.481,61.085,65.505,53.951
2024-12-11,82.1,72.58,61.019,65.333,54.02
2024-12-12,82.095,72.537,60.665,65.01,53.489
2024-12-13,82.15,72.483,60.576,65.082,53.341
2024-12-16,82.227,72.1,59.65,64.806,52.831
2024-12-17,82.19,72.076,59.68,64.696,52.731
2024-12-18,82.43,72.441,60.104,65.142,53.552
2024-12-19,82.737,72.42,60.173,65.043,54.648
2024-12-20,84.647,75.16,63.649,68.6,57.372
2024-12-23,86.204,77.672,66.014,71.455,59.3
2024-12-24,86.582,77.676,65.386,70.635,58.55
2024-12-25,86.885,78.139,64.651,70.39,57.979
2024-12-26,87.038,78.407,64.467,70.68,58.178
2024-12-27,86.946,77.968,64.439,70.497,58.159
2024-12-28,86.274,78.449,64.407,71.178,58.5
2024-12-30,85.835,77.94,64.526,71.076,58.68
2025-01-03,86.104,78.098,64.21,70.598,58.247
2025-01-06,86.188,77.899,64.599,70.629,58.05
2025-01-08,86.189,78.0,64.407,70.15,58.199
2025-01-09,85.932,78.184,63.992,70.073,57.9
2025-01-10,86.191,78.252,63.939,70.109,57.668
2025-01-13,86.238,78.3,63.999,70.253,57.74
2025-01-14,86.133,78.268,63.985,70.215,57.589
2025-01-15,86.185,78.249,63.652,70.13,56.88
2025-01-16,86.114,78.075,63.628,70.042,56.402
2025-01-17,86.087,77.839,63.61,69.784,55.514
2025-01-20,86.206,78.258,63.722,70.103,55.786
2025-01-21,86.301,78.2,63.5,69.997,55.68
2025-01-22,86.199,78.12,63.399,69.995,55.744
2025-01-23,86.3,78.126,63.412,69.83,55.577
2025-01-24,86.419,78.218,63.289,69.929,55.529
2025-01-27,86.346,78.066,62.687,69.855,54.366
2025-01-28,86.7,78.166,62.595,69.412,53.594
2025-01-29,87.312,78.426,62.596,69.26,53.498
2025-01-30,87.418,78.687,62.469,69.36,53.109
2025-01-31,87.451,78.37,62.045,69.395,52.934
2025-02-03,87.234,78.011,61.625,68.7,52.983
2025-02-04,86.972,77.935,61.136,68.294,52.709
2025-02-05,87.302,78.017,62.291,69.077,53.35
2025-02-06,87.149,77.916,61.77,69.2,53.227
2025-02-07,87.25,78.198,62.391,69.213,53.835
2025-02-10,87.281,78.136,61.887,69.036,53.691
2025-02-11,87.332,77.888,61.998,68.879,53.533
2025-02-12,87.698,79.401,64.456,70.78,55.7
2025-02-13,88.243,79.461,65.2,71.8,57.269
2025-02-14,87.652,78.682,63.679,70.545,55.413
2025-02-17,87.761,78.948,64.14,70.997,56.284
2025-02-18,87.551,78.81,63.865,70.752,55.844
2025-02-19,87.665,79.028,64.421,71.3,56.772
2025-02-20,87.846,78.986,64.966,71.518,57.058
2025-02-21,87.933,78.622,65.028,71.614,57.359
2025-02-24,87.925,78.566,64.901,71.679,57.294
2025-02-25,88.094,78.715,65.649,72.139,57.7
2025-02-26,88.144,78.53,65.064,71.927,57.193
2025-02-27,88.206,78.754,65.471,72.39,57.731
2025-02-28,88.548,79.095,65.497,72.318,57.7
2025-03-03,88.55,79.359,65.539,72.499,57.504
2025-03-04,88.81,80.448,66.59,73.276,57.826
2025-03-05,88.905,81.297,66.799,73.6,58.3
2025-03-06,89.022,81.742,67.091,74.09,59.439
2025-03-07,89.228,81.99,67.654,74.956,59.65
2025-03-10,89.344,81.938,67.675,74.768,59.7
2025-03-11,89.05,81.706,67.381,74.528,59.5
2025-03-12,89.145,82.089,68.031,74.916,59.832
2025-03-13,89.223,82.208,67.908,74.742,59.938
2025-03-14,89.769,82.795,68.482,74.975,59.8
2025-03-17,89.853,83.2,68.666,75.63,60.495
2025-03-18,90.071,83.371,68.724,75.665,60.5
2025-03-19,90.158,83.68,69.113,76.095,61.113
2025-03-20,90.035,83.439,68.931,75.618,60.88
2025-03-21,89.85,82.85,68.418,75.168,60.474
2025-03-24,89.702,82.17,67.6,74.352,59.696
2025-03-25,89.762,82.266,67.83,74.7,59.976
2025-03-26,89.514,81.545,67.198,73.883,59.587
2025-03-27,89.45,81.372,66.904,73.863,59.187
2025-03-28,89.323,81.45,66.633,73.508,58.77
2025-03-31,89.6,81.408,66.355,73.175,58.299
2025-04-01,89.3,81.17,66.302,72.96,58.573
2025-04-02,89.567,81.334,66.1,72.979,58.286
2025-04-03,89.339,80.413,65.66,72.342,57.722
2025-04-04,89.354,80.379,65.004,71.742,56.775
2025-04-07,89.104,80.278,64.181,71.189,55.995
2025-04-08,89.222,80.009,64.29,71.499,56.549
2025-04-09,89.39,80.197,64.6,71.579,56.607
2025-04-10,89.065,80.381,64.602,71.51,57.108
2025-04-11,89.32,80.85,65.75,72.619,58.408
2025-04-14,89.117,80.999,65.609,72.416,57.948
2025-04-15,89.189,80.651,65.5,72.36,57.995
2025-04-16,88.862,81.249,65.743,72.957,58.45
2025-04-17,88.961,81.497,66.17,73.241,58.144
2025-04-18,88.762,81.0,65.53,72.64,58.146
2025-04-21,88.898,81.153,65.891,72.852,58.777
2025-04-22,88.938,81.461,66.198,73.3,59.064
2025-04-23,89.144,80.838,66.0,73.078,58.9
2025-04-24,88.915,80.819,66.191,73.079,58.915
2025-04-25,89.285,80.95,66.352,73.381,58.716
2025-04-28,88.937,80.63,66.021,73.047,58.45
2025-04-29,88.81,80.351,65.45,72.449,57.753
2025-04-30,88.869,80.047,65.713,72.35,57.822
2025-05-02,88.775,79.665,65.241,71.614,57.467
2025-05-05,88.964,79.65,64.898,71.189,57.151
2025-05-06,88.937,79.914,65.016,71.758,57.6
2025-05-07,88.989,80.937,65.693,72.401,58.321
2025-05-08,89.145,81.121,66.002,72.676,58.791
2025-05-12,89.14,81.15,66.125,72.77,58.521
2025-05-13,89.031,80.632,65.525,72.404,57.933
2025-05-14,88.868,80.867,65.052,72.302,57.748
2025-05-15,88.922,80.718,65.465,72.473,57.993
2025-05-16,88.969,80.582,65.773,72.487,58.269
2025-05-19,88.994,81.467,65.952,72.935,58.438
2025-05-20,89.167,81.359,65.942,72.786,58.159
2025-05-21,89.302,81.419,65.828,72.92,58.621
2025-05-22,89.173,81.75,66.04,72.82,58.448
2025-05-23,89.349,81.989,66.032,72.975,58.698
2025-05-26,89.173,81.511,65.526,72.544,57.918
2025-05-27,89.29,81.885,65.559,72.491,57.814
2025-05-28,89.522,82.283,66.049,73.009,58.393
2025-05-29,89.815,82.357,66.33,73.409,58.495
2025-05-30,90.087,82.709,66.921,73.948,59.024
2025-06-02,90.245,82.943,67.31,74.449,59.595
2025-06-03,90.646,83.769,68.28,75.124,59.997
2025-06-04,90.742,83.748,68.874,75.932,60.266
2025-06-05,90.699,83.695,68.42,75.683,60.042
2025-06-06,90.471,83.0,67.677,74.713,59.252
2025-06-09,90.299,83.194,67.809,74.948,59.543
2025-06-10,90.688,83.797,68.409,75.561,59.84
2025-06-11,90.992,84.037,68.51,75.931,60.0
2025-06-13,91.232,83.889,68.46,75.844,60.056
2025-06-16,90.884,83.6,68.23,75.594,59.75
2025-06-17,90.84,83.672,68.163,75.213,59.799
2025-06-18,90.997,84.0,68.633,75.761,59.907
2025-06-19,91.314,84.153,69.125,76.288,60.291
2025-06-20,91.483,84.296,69.234,76.5,60.463
2025-06-23,91.571,84.24,68.601,76.161,60.118
2025-06-24,91.658,84.555,68.745,76.224,60.409
2025-06-25,92.113,84.701,69.159,76.881,60.79
2025-06-26,91.98,84.773,69.549,77.108,61.194
2025-06-27,92.398,85.103,69.673,77.131,61.602
2025-06-30,92.723,85.119,70.315,77.707,62.1
2025-07-01,92.793,85.558,70.293,77.648,62.149
2025-07-02,92.624,85.544,70.654,78.058,62.418
2025-07-03,92.659,85.199,70.439,77.88,62.345
2025-07-04,92.686,85.293,70.562,77.635,62.492
2025-07-07,92.713,85.255,70.266,77.575,62.454
2025-07-08,92.852,85.199,70.262,77.512,62.206
2025-07-09,92.948,85.276,70.245,77.306,62.118
2025-07-10,93.082,85.491,70.358,77.79,62.264
2025-07-11,93.095,85.441,70.053,77.57,62.217
2025-07-14,93.175,85.843,70.678,77.861,62.638
2025-07-15,93.52,86.11,71.098,78.403,63.327
2025-07-16,93.95,86.598,71.903,78.899,63.969
2025-07-17,94.2,86.912,71.945,79.246,64.15
2025-07-18,94.4,87.285,72.317,79.281,64.386
2025-07-21,94.443,86.826,72.33,79.264,64.549
2025-07-22,94.386,86.945,72.121,79.14,64.26
2025-07-23,94.396,86.935,72.328,79.512,64.406
2025-07-24,94.505,87.097,72.341,79.457,64.48
2025-07-25,94.467,87.238,72.743,79.864,64.681
2025-07-28,94.35,87.368,72.857,79.851,64.793
2025-07-29,94.75,87.519,72.666,79.849,65.009
2025-07-30,94.758,87.964,72.943,80.286,64.95
2025-07-31,94.798,87.831,73.017,80.134,64.638
2025-08-01,94.867,87.81,73.006,79.971,64.592
2025-08-04,95.134,88.169,72.665,79.925,64.793
2025-08-05,95.341,88.275,72.795,80.059,64.791
2025-08-06,95.429,88.487,73.083,80.298,64.99
2025-08-07,95.437,88.374,73.22,81.024,65.054
2025-08-08,95.455,88.658,73.829,81.932,65.25
2025-08-11,95.321,88.701,73.878,81.809,65.775
2025-08-12,95.398,88.759,73.84,81.873,65.924
2025-08-13,95.419,88.944,73.83,81.995,65.76
2025-08-14,95.25,89.02,73.885,81.86,65.83
2025-08-15,95.538,89.291,74.178,82.12,66.609
2025-08-18,95.321,89.261,74.279,82.18,66.867
2025-08-19,95.329,89.162,74.24,82.049,67.789
2025-08-20,95.286,88.958,73.657,81.179,66.481
2025-08-21,95.288,88.677,73.169,80.619,66.062
2025-08-22,95.472,89.276,73.388,80.884,66.301
2025-08-25,95.44,88.972,73.343,80.349,66.045
2025-08-26,95.102,88.57,73.336,80.431,65.653
2025-08-27,95.1,88.147,73.0,80.398,65.542
2025-08-28,94.961,88.098,72.707,80.078,64.699
2025-08-29,94.702,87.76,72.547,79.634,64.699
2025-09-01,94.798,87.717,72.821,79.846,64.746
2025-09-02,94.814,87.752,72.995,79.971,64.674
2025-09-03,95.115,88.028,74.024,80.859,65.6
2025-09-04,95.124,88.203,74.362,81.319,65.599
2025-09-05,95.28,88.269,74.563,81.233,65.788
2025-09-08,95.161,88.437,74.734,81.42,65.75
2025-09-09,95.089,88.581,74.18,80.736,65.325
2025-09-10,95.159,88.05,73.586,80.202,64.956
2025-09-11,95.095,88.221,73.7,80.494,65.142
2025-09-12,94.872,87.972,72.656,79.917,64.127
2025-09-15,95.39,87.903,72.4,79.912,63.6
2025-09-16,95.088,87.643,71.996,79.877,63.001
2025-09-17,95.131,87.841,72.5,80.356,63.15
2025-09-18,94.913,87.551,71.671,79.699,62.278
2025-09-19,94.811,87.386,70.949,78.94,61.703
2025-09-22,94.834,87.46,70.935,78.91,61.9
2025-09-23,94.92,86.929,70.345,78.786,61.414
2025-09-24,95.043,87.539,70.728,79.1,61.458
2025-09-25,94.977,87.12,70.21,78.449,60.766
2025-09-26,95.096,87.47,70.218,78.728,60.543
2025-09-29,94.815,87.101,69.599,77.923,60.107
2025-09-30,94.714,86.715,69.356,77.646,60.199
2025-10-01,94.915,86.92,69.582,77.65,60.195
2025-10-02,94.499,86.518,69.341,77.151,59.848
2025-10-03,94.76,86.677,69.373,77.285,59.825
2025-10-06,94.478,86.842,69.579,77.216,60.087
2025-10-07,94.637,87.0,69.678,77.299,59.929
2025-10-08,94.267,86.015,68.571,75.971,59.444
2025-10-09,94.656,86.38,69.042,76.635,59.701
2025-10-10,94.609,86.205,68.932,76.202,59.551
2025-10-13,94.615,86.334,68.789,76.041,59.564
2025-10-14,94.517,85.922,68.573,75.806,59.436
2025-10-15,94.698,85.999,68.742,76.093,59.7
2025-10-16,94.641,87.994,71.21,77.7,61.212
2025-10-17,94.899,86.901,70.891,77.9,61.325
2025-10-20,95.183,86.37,70.157,77.119,61.04
2025-10-21,95.34,86.312,69.758,76.77,60.63
2025-10-22,95.337,86.492,69.469,76.524,60.539
2025-10-23,95.25,87.021,69.586,76.595,60.75
2025-10-24,95.591,87.146,69.494,76.667,60.256
2025-10-27,95.53,86.872,68.6,75.856,59.625
2025-10-28,95.545,87.356,69.092,76.172,60.123
2025-10-29,95.702,87.473,69.698,76.629,60.838
2025-10-30,95.917,87.681,70.215,77.255,61.358
2025-10-31,95.965,87.588,69.887,76.902,60.797
2025-11-01,96.101,87.65,70.093,77.056,61.247
2025-11-03,96.159,87.416,70.373,77.358,61.463
2025-11-05,96.081,87.986,70.32,77.435,61.4
2025-11-06,96.136,87.999,70.102,77.354,61.38
2025-11-07,96.197,88.142,70.588,77.67,61.37
2025-11-10,96.211,88.036,70.74,77.802,61.979
2025-11-11,96.311,88.033,71.111,77.907,62.564
2025-11-12,96.58,88.25,71.326,78.35,62.884
2025-11-13,96.568,88.474,71.213,78.42,62.985
2025-11-14,96.5,88.437,71.115,78.449,62.82
2025-11-17,96.549,88.132,70.932,78.164,62.635
2025-11-18,96.455,87.979,70.94,78.22,62.652
2025-11-19,96.123,88.055,71.093,78.473,62.89
2025-11-20,96.25,88.08,71.14,78.722,62.966
2025-11-21,95.957,87.929,71.285,78.788,63.044
2025-11-24,96.183,87.765,71.232,78.502,63.156
2025-11-25,96.173,87.848,70.913,78.379,63.066
2025-11-26,95.701,87.6,70.8,78.004,62.661
2025-11-27,95.703,87.267,70.616,77.902,62.44
2025-11-28,95.799,87.539,70.85,78.202,62.594
2025-12-01,95.748,87.772,70.897,78.002,62.555
2025-12-02,95.757,87.891,70.789,78.174,62.542
2025-12-03,95.785,88.29,71.02,78.495,62.878
2025-12-04,95.956,88.343,71.425,78.764,63.1
2025-12-05,95.886,88.535,71.885,79.103,63.38
2025-12-08,95.879,88.365,71.762,78.896,63.325
2025-12-09,95.98,88.628,71.828,78.963,63.148
2025-12-10,96.045,88.796,72.2,79.015,63.349
2025-12-11,95.904,88.943,72.45,79.491,63.707
2025-12-12,95.922,89.061,72.536,79.695,63.827
2025-12-15,95.993,89.273,72.62,79.985,63.96
2025-12-16,95.971,89.193,72.478,79.92,63.719
2025-12-17,96.002,88.899,72.938,80.417,63.91
2025-12-18,95.991,88.85,72.808,80.241,64.13
2025-12-19,96.1,88.527,72.368,79.505,63.915
2025-12-22,96.049,88.606,71.856,79.112,63.677
2025-12-23,96.28,88.366,72.133,78.696,63.623
2025-12-24,96.317,88.595,71.78,78.619,63.478
2025-12-25,96.307,88.833,71.297,78.55,63.217
2025-12-26,96.37,89.171,71.35,78.762,63.099
2025-12-29,96.499,89.15,71.642,79.525,63.37
2025-12-30,97.0,88.524,72.031,79.299,63.83
