TRADEDATE,SBER,GAZP,LKOH,GMKN,ROSN,NVTK,TATN,MGNT,MTSS,CHMF
2021-01-04,272.0,212.71,5212.5,24314.0,436.0,1250.4,515.8,5744.0,334.9,1343.2
2021-01-05,275.2,215.32,5358.5,24676.0,449.35,1287.4,524.2,5762.5,337.8,1334.2
2021-01-06,272.93,214.38,5376.5,25024.0,453.7,1301.2,522.0,5534.0,334.05,1326.4
2021-01-08,283.64,225.49,5556.5,26544.0,478.2,1379.2,545.4,5478.0,339.4,1369.2
2021-01-11,289.49,227.6,5599.0,26290.0,473.25,1405.4,539.8,5484.5,337.55,1351.2
2021-01-12,289.99,228.69,5721.0,25934.0,474.4,1401.0,546.2,5450.5,334.2,1332.8
2021-01-13,283.78,226.8,5755.0,25976.0,485.95,1425.6,546.2,5410.0,331.9,1315.6
2021-01-14,284.79,228.86,5937.0,26432.0,505.0,1438.0,551.6,5375.5,337.35,1367.6
2021-01-15,276.9,226.5,5888.5,25796.0,512.2,1375.8,535.2,5210.0,332.85,1344.8
2021-01-18,279.79,226.88,5873.0,25874.0,516.5,1390.4,532.9,5219.0,333.0,1347.8
2021-01-19,278.19,223.15,5892.0,25826.0,510.7,1377.2,530.5,5183.5,331.1,1340.4
2021-01-20,279.8,224.3,5864.0,26550.0,510.65,1388.6,529.5,5161.5,332.2,1340.0
2021-01-21,274.4,217.28,5771.0,26538.0,498.0,1352.0,516.8,5060.0,329.3,1344.4
2021-01-22,268.25,215.49,5740.5,26172.0,494.25,1359.2,507.0,4991.0,329.9,1320.4
2021-01-25,265.3,218.68,5722.0,25982.0,495.6,1373.0,509.7,5168.5,333.8,1313.0
2021-01-26,269.34,218.8,5595.5,25768.0,493.95,1373.8,506.2,5175.0,336.3,1316.2
2021-01-27,265.5,217.4,5499.5,24996.0,481.25,1340.8,502.0,5087.5,334.5,1280.6
2021-01-28,265.96,217.7,5575.0,25230.0,483.4,1325.0,500.0,5060.0,333.6,1279.6
2021-01-29,258.11,212.83,5377.0,24364.0,473.0,1266.8,489.3,4924.0,328.85,1262.8
2021-02-01,263.8,214.66,5406.0,24866.0,478.35,1302.8,494.2,4948.5,330.75,1278.4
2021-02-02,263.15,214.42,5516.0,24770.0,482.0,1336.0,499.2,5014.5,331.95,1287.0
2021-02-03,263.53,218.1,5555.0,25312.0,489.95,1336.8,505.5,5048.5,335.05,1284.0
2021-02-04,270.11,219.79,5699.5,25766.0,489.2,1339.4,506.7,5062.5,333.55,1299.6
2021-02-05,271.7,222.01,5715.0,25478.0,493.95,1378.2,513.0,4996.0,336.0,1287.0
2021-02-08,275.2,228.0,5758.0,25804.0,501.75,1399.8,528.2,5107.5,333.75,1296.4
2021-02-09,268.98,227.73,5695.0,25458.0,494.8,1378.0,526.6,5273.0,333.3,1287.6
2021-02-10,265.9,223.24,5594.5,25342.0,491.45,1347.0,523.3,5197.0,330.4,1283.0
2021-02-11,264.7,221.35,5641.5,25432.0,496.8,1327.4,517.0,5117.5,328.45,1277.2
2021-02-12,266.0,226.71,5756.0,25390.0,509.35,1370.0,529.2,5169.0,327.1,1287.2
2021-02-15,271.81,229.22,5909.5,26328.0,521.45,1409.8,538.2,5280.0,330.15,1287.8
2021-02-16,270.9,232.46,5868.5,26208.0,525.6,1399.0,538.0,5297.5,327.9,1301.0
2021-02-17,270.9,229.14,5768.5,26488.0,515.15,1372.0,529.8,5260.0,323.1,1293.0
2021-02-18,266.99,224.47,5615.0,26702.0,506.85,1330.4,515.2,5155.5,320.7,1280.8
2021-02-19,271.34,226.0,5656.0,28130.0,512.75,1363.0,523.8,5172.5,322.4,1308.4
2021-02-20,270.51,225.84,5633.0,27088.0,513.15,1363.0,524.6,5149.5,323.2,1311.8
2021-02-22,273.71,225.63,5786.0,26156.0,516.0,1338.6,527.8,5098.0,320.2,1334.6
2021-02-24,271.9,222.55,5788.5,24846.0,518.25,1323.0,537.4,5008.0,315.65,1304.4
2021-02-25,270.71,221.7,5740.5,23204.0,529.35,1293.4,535.5,4919.5,314.8,1341.0
2021-02-26,270.17,217.56,5575.5,23502.0,523.35,1276.0,522.5,4929.0,313.05,1343.6
2021-03-01,273.58,221.47,5634.0,24268.0,524.1,1298.6,528.3,4970.5,316.7,1366.8
2021-03-02,279.1,222.74,5648.5,23774.0,526.0,1319.0,533.3,5068.5,318.9,1360.0
2021-03-03,278.01,222.15,5701.0,23304.0,533.8,1318.8,534.8,5030.0,315.8,1375.4
2021-03-04,274.75,221.14,5806.0,22172.0,540.1,1297.0,533.7,4965.5,319.0,1333.0
2021-03-05,277.5,227.0,6236.0,22348.0,561.0,1395.0,567.4,5010.0,318.6,1339.0
2021-03-09,285.79,232.1,6305.0,22954.0,570.6,1459.4,607.0,4980.5,313.9,1315.6
2021-03-10,282.24,231.69,6127.5,23164.0,561.15,1467.2,605.3,5070.0,315.3,1334.4
2021-03-11,286.0,232.47,6339.0,23396.0,572.0,1490.4,618.7,5096.5,319.5,1361.0
2021-03-12,284.93,233.8,6356.0,23746.0,572.25,1532.0,623.6,5135.5,320.7,1408.0
2021-03-15,292.74,237.79,6472.5,24114.0,576.4,1558.6,624.6,5217.5,321.5,1436.2
2021-03-16,292.33,234.02,6445.0,22846.0,571.2,1540.2,610.0,5170.5,318.25,1435.2
2021-03-17,283.35,229.9,6363.0,22878.0,555.85,1493.6,608.3,5274.5,317.9,1417.0
2021-03-18,279.25,224.35,6083.0,22596.0,544.05,1443.0,583.6,5362.0,316.25,1411.4
2021-03-19,285.47,225.4,6078.0,22686.0,560.3,1427.8,598.0,5428.5,317.4,1422.6
2021-03-22,288.65,221.88,6118.0,22766.0,562.65,1434.6,600.7,5409.0,319.35,1411.8
2021-03-23,282.6,221.62,5961.0,22238.0,565.1,1464.4,589.5,5300.5,315.9,1378.6
2021-03-24,285.79,223.65,6162.5,21326.0,568.05,1501.0,605.1,5354.5,315.2,1397.6
2021-03-25,286.66,224.84,6182.0,21252.0,574.65,1492.8,596.0,5294.5,314.55,1396.6
2021-03-26,291.22,227.3,6283.0,22206.0,582.2,1518.6,603.4,5348.0,315.05,1426.2
2021-03-29,293.3,228.74,6257.5,23116.0,575.3,1497.6,603.0,5300.0,316.15,1441.2
2021-03-30,293.25,225.93,6155.0,23172.0,570.25,1484.0,596.9,5281.0,315.0,1480.6
2021-03-31,291.02,227.24,6111.5,23704.0,572.6,1488.2,594.2,5344.5,316.2,1534.6
2021-04-01,290.24,226.94,6112.0,23776.0,568.9,1489.0,606.0,5293.5,316.9,1509.2
2021-04-02,291.7,228.4,6108.5,23860.0,566.65,1484.6,605.3,5301.5,317.4,1528.2
2021-04-05,288.78,225.06,5990.5,23736.0,560.15,1459.6,596.4,5254.5,317.5,1507.8
2021-04-06,281.5,222.95,5891.0,23180.0,547.55,1424.0,582.2,5110.5,317.25,1503.0
2021-04-07,283.98,224.51,5978.0,23602.0,551.5,1462.4,588.0,5080.0,317.05,1521.8
2021-04-08,283.89,224.3,6008.5,23924.0,549.3,1445.0,580.0,5099.0,316.9,1553.0
2021-04-09,281.07,222.15,5933.0,24410.0,538.0,1429.4,565.5,5135.0,316.8,1537.8
2021-04-12,281.75,222.87,6020.0,25432.0,540.15,1442.6,571.3,5180.0,317.3,1607.8
2021-04-13,287.95,227.99,6044.5,25384.0,551.95,1451.2,571.0,5134.5,315.7,1632.2
2021-04-14,287.18,235.32,6134.0,24886.0,552.1,1456.8,586.6,5095.0,316.5,1611.8
2021-04-15,283.72,234.63,6054.5,25112.0,556.5,1447.6,584.4,5111.5,315.8,1668.6
2021-04-16,288.5,235.1,6066.0,25480.0,555.05,1457.4,582.1,5111.5,321.7,1768.8
2021-04-19,287.72,231.17,6007.0,25240.0,548.05,1431.0,575.7,5095.5,321.4,1735.6
2021-04-20,287.42,230.0,5897.0,25202.0,541.05,1423.4,568.2,5086.0,321.5,1749.0
2021-04-21,289.25,230.84,5946.0,25308.0,545.7,1430.8,569.6,5140.0,321.45,1827.8
2021-04-22,292.18,230.93,5999.0,25690.0,541.6,1443.6,566.6,5153.5,321.85,1874.8
2021-04-23,293.19,232.62,5950.0,25770.0,538.5,1427.2,571.3,5258.0,322.0,1881.2
2021-04-26,295.27,233.23,5919.0,26444.0,530.6,1408.8,568.4,5277.0,323.65,1876.0
2021-04-27,298.5,232.0,5903.5,26952.0,528.0,1406.4,568.5,5255.0,323.1,1811.8
2021-04-28,298.49,232.96,5901.0,26326.0,527.95,1395.8,529.9,5226.0,322.8,1795.2
2021-04-29,297.1,230.51,5926.0,26334.0,528.75,1401.0,505.2,5113.5,321.6,1811.6
2021-04-30,297.73,231.38,5805.0,25732.0,525.2,1358.0,506.5,5119.0,320.6,1774.0
2021-05-04,303.7,233.8,5991.0,26202.0,537.15,1406.2,514.0,5195.0,319.9,1757.8
2021-05-05,305.99,237.5,6122.0,26646.0,538.65,1418.6,511.1,5211.0,323.4,1752.2
2021-05-06,314.72,243.0,6087.0,26824.0,538.55,1411.0,515.8,5170.0,323.15,1760.0
2021-05-07,317.94,241.7,6088.0,27000.0,536.2,1419.6,512.5,5129.5,324.05,1835.6
2021-05-10,320.19,241.41,6118.0,27046.0,541.95,1414.0,517.1,5091.5,324.1,1831.2
2021-05-11,307.16,242.5,6021.0,27338.0,532.0,1407.0,515.6,5156.0,324.65,1827.8
2021-05-12,302.02,241.79,6119.0,27266.0,542.2,1389.4,510.6,5099.5,322.8,1819.2
2021-05-13,306.74,247.16,6040.0,27388.0,550.0,1393.4,506.2,5122.0,323.9,1789.0
2021-05-14,304.1,249.55,6050.0,27390.0,545.65,1373.2,500.9,5155.5,325.5,1780.0
2021-05-17,303.94,255.15,5976.0,27352.0,545.55,1393.2,505.9,5149.5,328.15,1772.8
2021-05-18,305.78,266.22,5994.0,27352.0,540.45,1402.2,500.4,5256.0,333.9,1783.8
2021-05-19,297.0,260.9,5862.5,27110.0,529.5,1393.0,492.9,5226.5,337.4,1767.8
2021-05-20,296.72,259.16,5711.0,27156.0,517.35,1375.0,483.3,5161.0,334.0,1813.0
2021-05-21,301.23,258.0,5800.5,27064.0,525.55,1403.6,487.7,5300.5,333.7,1783.4
2021-05-24,300.7,261.24,5818.0,26982.0,523.95,1402.6,492.8,5282.0,334.2,1784.0
2021-05-25,306.8,259.79,5913.0,26730.0,524.35,1404.8,485.3,5331.0,335.05,1789.0
2021-05-26,307.01,263.09,6016.5,26986.0,525.85,1421.2,486.4,5346.5,335.75,1754.4
2021-05-27,312.72,262.96,5992.0,26994.0,525.2,1466.0,485.0,5362.0,335.45,1756.2
2021-05-28,309.56,262.0,5955.0,27134.0,523.35,1456.0,492.5,5409.5,336.0,1758.2
2021-05-31,310.79,261.03,5993.0,26404.0,531.4,1447.6,501.1,5460.5,338.75,1686.0
2021-06-01,311.6,263.86,6210.0,26750.0,544.0,1491.0,510.0,5469.5,338.45,1695.2
2021-06-02,313.98,271.15,6428.0,26944.0,552.0,1552.8,518.0,5471.5,339.25,1681.6
2021-06-03,312.41,272.1,6474.5,26630.0,559.45,1551.0,514.2,5459.0,338.9,1663.6
2021-06-04,310.94,274.3,6511.0,26400.0,556.45,1576.8,512.5,5445.0,340.6,1646.6
2021-06-07,315.53,275.67,6555.0,26246.0,551.55,1569.0,517.2,5417.0,340.9,1685.4
2021-06-08,314.83,275.36,6504.5,26072.0,550.25,1583.4,515.3,5396.0,343.0,1658.8
2021-06-09,314.78,275.65,6587.0,26502.0,548.25,1619.8,523.8,5384.5,342.5,1655.0
2021-06-10,314.62,276.1,6570.0,26192.0,539.6,1568.4,519.4,5379.5,343.2,1691.0
2021-06-11,313.0,277.05,6518.5,26178.0,535.45,1550.6,523.4,5405.0,342.4,1733.8
2021-06-14,314.12,279.5,6515.0,26314.0,537.6,1575.2,535.9,5449.0,344.45,1721.2
2021-06-15,312.51,272.72,6504.5,26054.0,536.05,1561.6,537.1,5457.5,344.7,1695.0
2021-06-16,311.61,271.8,6591.5,25664.0,541.25,1575.4,540.6,5486.0,344.95,1661.4
2021-06-17,313.9,272.5,6669.5,24970.0,537.0,1559.0,535.8,5559.0,343.95,1636.6
2021-06-18,309.3,270.06,6653.0,25000.0,541.0,1555.4,526.8,5605.0,341.3,1620.0
2021-06-21,310.4,272.62,6697.0,25372.0,541.2,1569.6,534.8,5650.0,342.65,1613.0
2021-06-22,309.73,277.0,6715.5,25078.0,551.85,1554.8,539.4,5606.0,342.25,1603.0
2021-06-23,309.79,277.35,6633.0,25336.0,570.45,1537.4,540.0,5569.0,341.8,1600.6
2021-06-24,310.0,277.47,6725.0,24358.0,565.95,1504.0,538.3,5319.5,339.15,1581.6
2021-06-25,311.81,277.19,6810.0,24734.0,564.7,1552.0,537.1,5324.5,341.9,1566.2
2021-06-28,309.48,276.99,6759.0,24948.0,555.0,1545.2,530.4,5302.5,342.0,1571.4
2021-06-29,306.1,276.8,6685.0,24702.0,553.05,1528.2,523.8,5324.0,341.65,1540.6
2021-06-30,306.45,281.8,6762.5,24812.0,571.2,1608.0,531.3,5301.0,341.3,1577.4
2021-07-01,305.78,285.74,7010.0,24612.0,581.45,1657.8,537.0,5282.5,343.35,1570.0
2021-07-02,307.39,285.65,6849.0,25014.0,567.0,1657.0,538.3,5250.0,349.5,1574.0
2021-07-05,307.0,291.1,6845.0,24924.0,567.5,1681.2,542.4,5232.0,349.3,1555.0
2021-07-06,303.34,293.45,6829.0,24462.0,571.0,1651.0,539.3,5241.0,349.55,1528.2
2021-07-07,304.06,297.39,6782.0,24658.0,580.25,1640.0,536.4,5310.0,324.35,1590.0
2021-07-08,302.63,292.86,6684.0,24514.0,581.1,1638.6,521.9,5344.0,318.2,1561.0
2021-07-09,303.56,295.22,6655.0,24780.0,577.85,1612.4,519.1,5322.5,319.35,1624.8
2021-07-12,306.23,297.39,6611.0,25112.0,579.0,1614.8,518.6,5365.0,324.0,1631.8
2021-07-13,303.0,293.83,6637.0,25662.0,576.0,1605.0,518.9,5416.5,323.7,1671.0
2021-07-14,301.5,284.6,6566.0,25734.0,569.0,1587.0,516.2,5385.0,323.7,1652.4
2021-07-15,301.72,280.01,6430.5,25624.0,562.5,1556.2,499.6,5308.0,322.2,1680.2
2021-07-16,298.85,279.65,6362.0,25248.0,563.45,1537.0,496.7,5235.0,320.55,1663.6
2021-07-19,291.46,275.51,6228.0,25046.0,543.9,1515.4,483.4,5099.0,317.1,1673.6
2021-07-20,296.1,277.3,6307.5,25138.0,547.5,1523.8,482.1,5096.5,316.05,1716.6
2021-07-21,294.86,282.9,6393.0,25050.0,551.9,1540.2,491.9,5142.0,317.15,1711.8
2021-07-22,297.27,283.28,6456.0,25080.0,553.65,1551.6,490.4,5128.0,316.45,1739.0
2021-07-23,296.38,279.51,6433.5,24990.0,548.85,1536.8,486.0,5130.0,316.2,1741.6
2021-07-26,303.34,281.05,6405.0,25180.0,552.7,1566.0,489.8,5215.0,319.35,1748.6
2021-07-27,299.71,278.08,6332.5,25432.0,551.2,1554.4,487.6,5198.5,316.85,1783.2
2021-07-28,302.9,282.2,6415.0,25690.0,554.25,1604.6,493.7,5265.0,318.15,1788.0
2021-07-29,303.12,287.0,6416.0,25178.0,554.0,1640.2,496.0,5347.0,318.0,1795.4
2021-07-30,305.59,287.35,6299.0,25318.0,544.5,1633.8,488.4,5337.0,316.1,1799.4
2021-08-02,306.51,286.75,6308.0,25290.0,548.85,1625.8,491.2,5321.0,316.85,1786.0
2021-08-03,309.89,287.09,6297.0,25582.0,551.0,1660.0,491.4,5383.0,317.3,1792.8
2021-08-04,311.1,287.94,6235.0,25446.0,543.5,1648.4,490.6,5415.0,316.4,1789.6
2021-08-05,315.82,285.95,6312.0,25496.0,548.0,1686.4,502.0,5489.5,316.6,1796.8
2021-08-06,319.15,282.27,6236.0,25102.0,544.9,1667.6,494.1,5458.5,316.1,1759.8
2021-08-09,326.91,286.68,6290.0,24870.0,545.0,1670.0,494.0,5457.0,316.5,1736.0
2021-08-10,330.11,288.61,6423.5,24650.0,562.55,1712.8,497.3,5458.0,317.1,1775.0
2021-08-11,329.9,290.35,6450.0,24528.0,561.8,1706.0,495.1,5465.0,318.1,1767.4
2021-08-12,328.57,293.23,6504.5,24700.0,565.9,1732.8,498.8,5537.5,319.7,1744.2
2021-08-13,328.68,292.7,6429.5,24460.0,558.55,1729.8,494.5,5504.5,318.85,1747.8
2021-08-16,329.36,295.1,6495.5,24426.0,564.4,1773.4,496.6,5466.0,318.7,1761.2
2021-08-17,334.5,298.32,6567.5,24572.0,555.0,1798.2,500.6,5523.5,320.95,1743.2
2021-08-18,334.9,295.05,6445.0,24146.0,546.95,1781.2,494.6,5555.0,323.0,1707.2
2021-08-19,332.69,293.68,6332.0,23736.0,537.8,1763.6,490.2,5573.0,323.3,1683.8
2021-08-20,325.67,292.57,6339.5,23550.0,534.0,1733.0,488.7,5532.0,324.2,1669.0
2021-08-23,329.22,297.69,6475.5,23858.0,544.85,1754.6,501.6,5545.0,327.45,1690.2
2021-08-24,324.83,298.7,6488.0,24066.0,545.0,1734.6,514.0,5634.0,329.85,1688.6
2021-08-25,324.57,296.7,6431.0,23932.0,538.5,1711.0,513.5,5583.0,330.4,1709.2
2021-08-26,322.54,294.34,6343.5,23712.0,531.7,1684.8,493.0,5619.0,331.15,1698.8
2021-08-27,327.41,299.66,6429.5,23986.0,537.8,1723.8,487.2,5601.0,329.35,1734.4
2021-08-30,328.28,305.17,6439.0,24266.0,539.3,1745.6,489.5,5591.0,329.1,1739.4
2021-08-31,327.94,305.65,6283.5,24032.0,533.6,1725.2,485.1,5539.5,330.15,1722.4
2021-09-01,334.57,312.89,6334.0,24228.0,541.55,1805.4,491.5,5547.5,330.4,1661.0
2021-09-02,329.0,312.3,6350.5,23880.0,550.7,1839.4,488.0,5565.5,328.1,1671.8
2021-09-03,329.71,317.94,6330.0,24442.0,555.4,1840.4,489.2,5517.5,329.1,1648.0
2021-09-06,329.37,328.93,6325.0,24658.0,550.7,1853.8,486.5,5440.0,328.05,1663.0
2021-09-07,325.96,327.73,6280.0,24376.0,547.3,1952.0,480.1,5337.0,328.6,1662.0
2021-09-08,331.7,327.6,6341.5,24260.0,555.9,1924.0,483.3,5452.5,329.25,1657.4
2021-09-09,326.01,324.57,6269.5,23980.0,541.9,1891.0,479.1,5323.0,328.85,1615.4
2021-09-10,326.25,326.43,6300.0,24508.0,543.3,1913.0,480.0,5318.5,330.35,1635.0
2021-09-13,327.41,332.75,6420.5,24492.0,559.4,1993.0,491.4,5434.5,333.55,1648.8
2021-09-14,326.48,338.98,6570.0,24044.0,557.25,1957.2,500.1,5378.0,332.65,1622.4
2021-09-15,333.51,343.34,6724.5,23978.0,568.1,1924.8,510.0,5501.5,329.65,1630.8
2021-09-16,326.99,338.5,6664.0,23484.0,576.45,1900.6,508.7,5714.5,329.65,1609.0
2021-09-17,329.56,334.5,6600.5,23256.0,567.1,1850.0,502.0,5727.5,330.35,1571.0
2021-09-20,326.92,325.7,6551.0,22510.0,552.5,1840.0,487.5,5630.5,328.0,1510.2
2021-09-21,323.25,335.3,6605.0,22662.0,564.5,1837.0,493.3,5623.5,328.4,1521.8
2021-09-22,327.8,340.59,6702.0,23150.0,586.0,1913.6,505.2,5655.5,328.0,1561.0
2021-09-23,327.02,343.47,6801.0,23096.0,598.25,1869.0,507.3,5941.0,327.95,1579.4
2021-09-24,325.44,344.29,6825.0,22856.0,614.0,1884.6,503.7,5944.5,331.75,1563.4
2021-09-27,331.68,355.19,6986.0,22712.0,627.85,1867.0,531.5,5954.5,331.9,1568.0
2021-09-28,329.3,354.07,6968.0,22324.0,617.85,1854.2,524.7,5906.5,330.1,1533.2
2021-09-29,328.43,360.88,6992.0,22218.0,618.9,1861.0,526.9,6027.5,329.7,1543.2
2021-09-30,340.99,360.8,6903.5,21830.0,614.35,1921.0,527.3,6060.0,330.1,1520.0
2021-10-01,338.48,363.25,6987.5,22122.0,618.45,1931.8,532.1,6014.0,328.85,1504.8
2021-10-04,345.85,376.06,7134.5,21636.0,631.7,1953.0,539.9,5985.5,327.35,1462.4
2021-10-05,363.2,389.82,7346.5,21818.0,655.25,1991.6,577.8,6245.0,327.7,1485.0
2021-10-06,364.28,381.3,7096.0,21524.0,646.0,1930.4,564.6,6240.5,327.55,1538.0
2021-10-07,368.93,370.7,7165.0,22272.0,647.95,1915.8,569.3,6339.5,328.5,1560.0
2021-10-08,373.01,366.17,7220.0,22766.0,631.0,1906.4,571.0,6300.0,328.9,1584.2
2021-10-11,387.6,369.81,7264.0,22644.0,641.55,1905.0,565.0,6350.0,319.0,1595.6
2021-10-12,377.79,364.1,7306.0,22528.0,638.65,1897.6,574.4,6475.5,318.05,1591.4
2021-10-13,378.8,362.77,7252.0,22718.0,632.85,1907.0,567.9,6401.0,317.15,1586.6
2021-10-14,376.09,367.0,7215.0,22928.0,640.45,1898.2,564.2,6358.0,319.55,1595.6
2021-10-15,371.82,367.76,7306.5,23108.0,645.45,1905.6,570.5,6270.5,318.8,1567.6
2021-10-18,364.6,363.5,7319.0,23120.0,639.25,1897.0,569.1,6270.0,319.4,1639.6
2021-10-19,373.18,368.83,7373.0,23672.0,643.0,1892.2,573.0,6361.0,319.1,1652.2
2021-10-20,370.16,369.97,7439.0,23530.0,643.7,1893.6,580.7,6307.5,319.25,1627.8
2021-10-21,364.6,363.37,7232.0,23210.0,633.3,1856.0,562.9,6158.0,316.85,1628.0
2021-10-22,364.37,358.12,7200.0,22864.0,634.5,1836.6,562.5,6315.5,316.25,1621.0
2021-10-25,369.99,364.84,7441.5,23024.0,655.05,1856.4,570.2,6465.0,316.25,1632.2
2021-10-26,372.16,364.82,7440.5,22688.0,650.8,1829.6,562.2,6570.5,313.95,1633.4
2021-10-27,371.36,362.17,7323.5,22250.0,638.4,1806.8,546.0,6668.0,312.9,1630.0
2021-10-28,365.36,353.21,7288.5,22362.0,641.25,1801.0,548.7,6635.0,312.2,1619.4
2021-10-29,356.14,350.18,7272.5,22170.0,636.1,1804.8,540.0,6472.0,311.35,1614.2
2021-11-01,370.96,359.1,7293.0,22396.0,641.9,1844.0,552.4,6536.0,312.85,1662.4
2021-11-02,370.7,352.48,7214.0,22134.0,630.2,1806.0,545.2,6656.0,313.35,1647.4
2021-11-03,370.13,353.02,7175.0,22038.0,619.75,1796.6,538.2,6712.0,313.6,1651.0
2021-11-05,360.21,350.6,7199.0,21664.0,626.25,1781.8,543.0,6793.5,313.2,1632.2
2021-11-08,358.39,351.47,7208.5,21872.0,631.7,1788.8,553.4,6859.5,313.55,1665.8
2021-11-09,357.44,349.46,7188.0,22188.0,636.4,1777.2,545.0,6729.5,316.05,1674.6
2021-11-10,348.65,345.8,7137.5,21694.0,629.8,1756.2,542.3,6594.0,316.2,1641.0
2021-11-11,356.24,347.44,7094.5,22050.0,634.5,1790.0,546.1,6779.0,316.45,1666.0
2021-11-12,347.59,333.6,6878.0,22100.0,619.2,1780.2,535.1,6568.5,317.75,1676.4
2021-11-15,344.39,340.3,6918.5,22358.0,621.55,1785.0,533.2,6499.5,316.8,1667.4
2021-11-16,337.91,336.79,6946.5,22626.0,621.35,1771.8,536.0,6551.0,317.5,1669.4
2021-11-17,339.89,349.98,6884.5,22532.0,619.5,1759.8,529.6,6405.0,312.5,1671.4
2021-11-18,336.93,345.56,6840.0,22292.0,614.1,1714.8,519.9,5945.5,312.8,1695.0
2021-11-19,327.56,337.62,6709.0,22144.0,590.5,1624.0,500.3,6014.0,310.1,1673.8
2021-11-22,309.15,319.2,6575.5,21850.0,581.0,1575.8,489.0,5789.5,305.2,1663.6
2021-11-23,326.84,341.77,6829.5,22400.0,601.95,1665.2,497.5,5917.0,307.45,1667.8
2021-11-24,321.22,338.3,6814.5,22182.0,597.3,1668.0,498.4,5875.0,305.5,1655.2
2021-11-25,317.29,337.55,6661.5,22128.0,590.9,1632.0,489.6,6056.0,306.05,1656.2
2021-11-26,304.42,326.0,6374.0,21560.0,555.15,1611.2,461.3,5775.5,299.05,1592.4
2021-11-29,316.57,339.2,6616.0,21686.0,573.25,1633.6,470.6,5898.5,296.5,1621.2
2021-11-30,315.0,334.24,6513.0,21538.0,566.1,1627.6,473.3,5733.0,293.75,1564.6
2021-12-01,324.4,345.21,6576.5,21952.0,569.95,1678.8,477.9,5768.0,296.45,1563.0
2021-12-02,326.8,350.3,6732.0,22110.0,582.0,1721.8,503.6,5789.0,297.85,1587.4
2021-12-03,320.66,345.99,6639.5,21826.0,576.55,1715.0,495.9,5715.5,295.1,1570.2
2021-12-06,307.5,338.94,6650.0,21886.0,575.55,1662.2,492.1,5650.0,293.85,1556.0
2021-12-07,309.79,344.96,6720.5,21920.0,589.55,1717.8,501.1,5841.5,291.45,1603.4
2021-12-08,296.95,340.5,6574.5,21888.0,574.95,1684.2,496.5,5765.0,290.1,1595.6
2021-12-09,300.4,336.6,6619.0,22006.0,578.35,1689.0,493.9,5908.0,288.45,1589.8
2021-12-10,297.44,332.0,6619.5,21888.0,572.1,1676.6,484.5,5822.5,287.05,1595.6
2021-12-13,280.64,307.26,6376.0,20850.0,539.15,1590.6,455.6,5637.0,277.45,1482.8
2021-12-14,284.9,319.35,6592.0,20958.0,550.85,1609.6,464.8,5670.0,276.25,1466.2
2021-12-15,286.65,324.09,6595.0,21296.0,561.1,1637.8,479.3,5700.0,279.85,1452.2
2021-12-16,295.89,328.39,6729.0,21310.0,573.0,1653.0,483.1,5752.0,286.95,1507.0
2021-12-17,294.9,327.3,6670.0,21738.0,573.2,1666.2,487.6,5674.5,289.4,1502.8
2021-12-20,288.4,325.9,6328.5,21644.0,567.55,1683.6,481.4,5533.5,290.4,1512.0
2021-12-21,291.7,339.88,6348.5,21662.0,575.0,1683.2,484.2,5521.5,290.05,1545.4
2021-12-22,294.0,345.55,6349.5,21834.0,579.7,1710.2,489.0,5551.0,291.25,1561.0
2021-12-23,292.8,339.81,6304.5,21872.0,579.1,1655.8,483.9,5538.5,290.55,1561.0
2021-12-24,293.89,338.79,6313.5,21824.0,572.05,1652.6,482.0,5592.5,290.7,1578.0
2021-12-27,295.68,343.97,6397.5,22528.0,582.0,1697.6,490.4,5665.5,293.95,1588.6
2021-12-28,295.0,343.23,6478.0,22642.0,596.2,1700.0,496.4,5658.0,295.6,1587.6
2021-12-29,293.51,340.33,6516.0,22628.0,592.0,1716.8,495.0,5446.0,296.4,1570.4
2021-12-30,293.49,342.39,6573.0,22900.0,599.0,1719.4,502.0,5444.0,298.9,1604.2
2022-01-03,305.47,353.73,6683.0,23378.0,610.95,1774.4,515.4,5509.5,304.65,1619.8
2022-01-04,304.24,352.55,6728.0,23314.0,613.5,1788.6,515.4,5565.0,304.95,1603.4
2022-01-05,287.01,335.0,6522.0,23010.0,590.3,1707.8,492.6,5399.0,298.3,1575.2
2022-01-06,293.92,346.13,6699.0,23280.0,601.6,1749.0,496.4,5535.0,299.2,1584.0
2022-01-07,,,,,,,,,,
2022-01-10,291.69,344.0,6775.0,23508.0,602.0,1758.6,499.8,5473.0,295.85,1554.6
2022-01-11,291.88,343.74,6816.0,23734.0,613.6,1779.8,508.2,5505.5,296.2,1572.4
2022-01-12,290.4,347.43,6960.0,24040.0,627.7,1807.4,511.2,5623.0,296.45,1591.2
2022-01-13,272.5,337.6,6665.0,22836.0,603.3,1744.2,496.3,5330.0,291.65,1570.4
2022-01-14,261.0,335.76,6659.0,22648.0,605.5,1726.0,498.1,5235.5,289.65,1551.8
2022-01-17,257.78,327.81,6516.0,21820.0,592.55,1641.8,495.7,5185.5,281.7,1514.8
2022-01-18,234.7,301.11,6250.0,20694.0,544.8,1579.6,474.0,4973.0,272.95,1460.4
2022-01-19,244.86,318.36,6494.0,22024.0,566.9,1593.6,490.7,5040.0,274.8,1480.6
2022-01-20,254.61,310.42,6430.0,22300.0,561.7,1588.4,478.8,4991.0,274.4,1482.8
2022-01-21,246.9,311.6,6420.0,22100.0,564.8,1592.8,474.2,5046.5,273.45,1480.0
2022-01-24,236.97,294.59,6293.0,21250.0,546.9,1538.0,459.2,4823.5,272.95,1416.0
2022-01-25,239.59,302.96,6543.0,21466.0,548.4,1590.0,479.4,4895.0,279.45,1423.8
2022-01-26,236.9,299.6,6525.5,21788.0,532.75,1523.4,468.0,4768.5,277.9,1428.0
2022-01-27,254.29,325.25,6811.5,22066.0,563.2,1611.8,484.9,4883.5,278.45,1467.6
2022-01-28,257.82,329.58,6775.0,22082.0,566.5,1591.4,503.6,4904.0,285.55,1475.6
2022-01-31,269.42,334.8,6878.0,21916.0,576.95,1637.2,499.7,5079.0,287.4,1511.0
2022-02-01,264.7,330.95,6976.0,21948.0,574.15,1628.4,491.7,5114.0,289.6,1540.0
2022-02-02,261.0,331.7,7040.0,21670.0,575.7,1612.0,491.5,5200.0,285.8,1567.8
2022-02-03,250.79,323.75,6865.5,21392.0,569.0,1614.8,487.9,5187.0,284.6,1558.4
2022-02-04,256.53,324.6,7010.0,21400.0,572.0,1628.4,490.8,5285.0,283.25,1560.6
2022-02-07,257.61,321.25,6988.0,21580.0,569.8,1602.0,492.0,5210.0,284.45,1559.0
2022-02-08,269.8,331.7,6957.5,22372.0,570.05,1628.2,499.1,5182.0,289.75,1627.0
2022-02-09,279.09,335.08,6973.5,22674.0,579.0,1659.0,506.5,5254.0,289.9,1675.2
2022-02-10,275.2,328.93,6984.5,22454.0,569.4,1632.0,498.5,5227.5,293.45,1649.0
2022-02-11,260.83,318.1,6707.5,21688.0,547.4,1556.6,478.7,4971.5,284.8,1599.2
2022-02-14,256.7,321.85,6796.0,22082.0,556.0,1618.8,482.1,4956.5,280.8,1619.0
2022-02-15,274.0,333.6,6979.0,22324.0,565.95,1620.0,498.5,5239.0,287.3,1651.0
2022-02-16,277.78,336.5,6970.0,22304.0,571.55,1621.4,503.9,5395.0,287.4,1669.0
2022-02-17,260.58,323.51,6733.0,21774.0,549.5,1542.8,491.0,5224.5,283.45,1612.8
2022-02-18,250.28,309.48,6456.5,21450.0,519.5,1492.8,472.4,5041.5,272.85,1636.0
2022-02-21,201.0,257.3,5810.0,19252.0,438.7,1281.8,396.0,4240.0,239.75,1494.2
2022-02-22,208.53,283.51,6020.0,21150.0,431.3,1354.0,441.6,4600.0,260.85,1604.8
2022-02-23,,,,,,,,,,
2022-02-24,132.18,210.0,4650.0,18200.0,274.7,1001.4,309.8,3312.0,206.65,1250.0
2022-02-25,131.12,228.0,4915.0,19052.0,307.95,1134.0,353.0,3202.0,217.5,1315.0
2022-02-28,,,,,,,,,,
2022-03-01,,,,,,,,,,
2022-03-02,,,,,,,,,,
2022-03-03,,,,,,,,,,
2022-03-04,,,,,,,,,,
2022-03-09,,,,,,,,,,
2022-03-10,,,,,,,,,,
2022-03-11,,,,,,,,,,
2022-03-14,,,,,,,,,,
2022-03-15,,,,,,,,,,
2022-03-16,,,,,,,,,,
2022-03-17,,,,,,,,,,
2022-03-18,,,,,,,,,,
2022-03-21,,,,,,,,,,
2022-03-22,,,,,,,,,,
2022-03-23,,,,,,,,,,
2022-03-24,136.24,258.51,5525.0,20990.0,360.2,1343.6,424.0,3457.5,205.6,1280.0
2022-03-25,131.5,227.0,5206.0,21070.0,365.1,1400.0,427.0,3338.0,190.6,1160.4
2022-03-28,125.0,218.6,5118.0,20850.0,357.95,1379.0,399.8,3337.5,184.8,1053.8
2022-03-29,128.77,208.0,4922.0,20028.0,370.0,1470.0,391.0,3405.5,174.7,1013.8
2022-03-30,134.6,216.0,5140.0,20462.0,387.0,1444.0,395.3,3855.0,233.0,1058.0
2022-03-31,143.69,242.48,5680.0,20974.0,437.5,1450.0,411.8,4155.0,238.65,1100.0
2022-04-01,154.5,251.4,5601.0,21500.0,450.0,1390.0,407.2,4220.0,235.0,1192.6
2022-04-04,166.0,252.9,5557.0,21750.0,443.9,1389.2,407.0,4273.5,231.0,1185.0
2022-04-05,154.1,243.5,5314.0,20986.0,419.0,1298.0,395.0,4098.0,218.0,1093.0
2022-04-06,141.6,239.7,5266.0,21150.0,405.0,1264.0,393.0,4120.0,215.0,1061.8
2022-04-07,147.5,245.0,5280.0,21050.0,408.5,1263.0,391.0,4247.0,216.5,1066.0
2022-04-08,143.72,241.07,5226.5,21112.0,403.05,1200.6,386.0,4335.0,215.2,1067.8
2022-04-11,138.69,234.55,5190.0,21006.0,414.0,1141.6,382.8,4310.0,211.75,1018.0
2022-04-12,135.38,236.3,5145.0,20990.0,412.1,1116.2,383.6,4297.5,210.9,1035.6
2022-04-13,135.5,234.87,5106.0,20794.0,406.05,1101.4,385.0,4256.5,210.5,1013.4
2022-04-14,129.05,222.11,4879.5,20004.0,391.0,1013.0,367.0,4017.0,205.8,975.6
2022-04-15,130.88,224.0,4893.0,20240.0,390.5,1056.0,361.0,4070.5,207.35,971.0
2022-04-18,123.85,216.99,4549.0,19886.0,384.85,1047.8,352.9,4000.0,203.8,973.6
2022-04-19,120.3,220.72,4485.0,19676.0,385.0,1011.0,340.7,4038.0,201.8,1003.4
2022-04-20,121.5,218.92,4310.0,20590.0,391.0,1001.2,355.0,4300.0,196.95,1045.0
2022-04-21,118.65,210.29,3974.0,20454.0,388.0,998.8,350.0,4197.5,192.4,1045.0
2022-04-22,116.97,208.0,3828.0,19700.0,397.35,970.2,359.7,4170.0,188.05,1061.8
2022-04-25,111.9,206.35,3931.0,19900.0,388.5,967.2,355.0,4299.5,185.0,1055.0
2022-04-26,122.36,225.85,4292.0,20994.0,391.0,1049.0,375.0,4460.0,196.35,1069.8
2022-04-27,131.11,237.15,4550.0,21272.0,397.95,1092.0,373.3,4720.0,207.6,1080.0
2022-04-28,123.85,237.53,4381.0,21000.0,400.0,1065.0,362.2,4566.5,205.0,1059.8
2022-04-29,128.8,240.4,4699.5,21550.0,409.0,1076.0,386.2,4592.5,209.05,1095.0
2022-05-04,123.2,234.16,4552.0,21352.0,396.2,1007.0,369.4,4651.0,208.7,1081.0
2022-05-05,124.8,238.6,4675.0,21544.0,397.0,1009.2,370.3,4741.0,214.1,1102.0
2022-05-06,123.1,240.1,4635.5,21766.0,392.3,989.0,381.9,4750.0,211.0,1108.0
2022-05-11,123.34,241.99,4600.0,21330.0,391.55,989.6,378.2,4805.0,209.45,1125.0
2022-05-12,119.15,230.56,4362.5,21238.0,375.0,956.0,364.1,4720.0,200.1,1092.6
2022-05-13,120.2,235.52,4380.0,21200.0,374.95,971.0,362.0,4637.0,200.85,1082.2
2022-05-16,123.41,244.2,4523.5,21364.0,378.8,996.6,373.7,4790.5,210.0,1105.4
2022-05-17,127.75,258.8,4500.0,21348.0,394.7,1009.0,392.5,4828.5,217.5,1114.0
2022-05-18,125.12,264.84,4483.5,21416.0,404.0,1002.0,407.2,4890.0,243.0,1144.0
2022-05-19,125.6,266.68,4415.5,21300.0,399.6,1010.8,404.0,4885.0,243.15,1150.6
2022-05-20,122.2,263.0,4279.0,20700.0,384.25,990.8,401.5,4620.0,238.5,1111.6
2022-05-23,119.46,263.0,4050.0,19800.0,367.05,962.8,372.9,4475.5,236.0,1051.0
2022-05-24,123.6,265.8,3942.0,20010.0,359.2,943.0,359.0,4350.0,243.4,1004.0
2022-05-25,124.15,271.4,4148.0,20080.0,378.0,942.0,375.0,4576.0,248.0,1046.0
2022-05-26,123.0,295.89,4263.0,20198.0,391.7,977.4,385.0,4610.0,245.75,1042.0
2022-05-27,121.22,294.5,4290.0,20162.0,401.5,960.2,391.0,4520.0,246.9,1035.0
2022-05-30,120.67,300.8,4220.0,20132.0,385.1,944.6,391.0,4622.0,255.0,1004.8
2022-05-31,118.3,293.75,4061.5,20190.0,377.0,910.0,392.0,4640.0,254.95,974.8
2022-06-01,121.97,297.69,4074.0,20416.0,375.95,902.0,398.0,4586.5,257.05,962.8
2022-06-02,119.0,296.0,4035.0,20154.0,368.75,862.4,390.1,4448.0,261.7,815.8
2022-06-03,119.21,297.0,3980.5,20314.0,365.45,817.0,391.8,4382.0,259.5,711.0
2022-06-06,118.78,296.5,3940.0,20294.0,368.8,791.6,390.0,4223.5,268.35,716.8
2022-06-07,118.32,297.99,3959.5,20200.0,366.55,814.6,393.0,4420.0,270.2,717.4
2022-06-08,119.9,308.0,3945.5,20134.0,372.85,812.2,405.6,4338.0,272.35,731.8
2022-06-09,118.2,306.5,3876.0,20310.0,373.25,815.8,405.8,4300.0,270.7,714.0
2022-06-10,118.07,309.2,3898.0,19490.0,369.5,798.0,424.5,4241.0,274.0,721.0
2022-06-14,118.98,317.69,3891.5,19102.0,371.6,799.4,427.2,4200.0,274.9,720.0
2022-06-15,121.14,316.2,4115.0,19040.0,375.65,847.0,424.5,4257.0,276.1,726.0
2022-06-16,123.73,316.99,4261.5,19370.0,383.0,887.2,440.0,4393.0,277.05,741.4
2022-06-17,123.88,315.5,4182.0,19194.0,384.45,875.8,431.0,4319.0,274.7,735.0
2022-06-20,131.29,311.98,4209.5,19180.0,389.8,978.0,441.0,4370.0,274.45,768.0
2022-06-21,129.1,301.58,4045.0,18820.0,381.3,998.0,440.6,4365.0,272.7,770.6
2022-06-22,133.11,295.8,4139.0,18940.0,377.6,1026.0,444.6,4458.0,274.0,785.8
2022-06-23,136.85,303.5,4150.0,19100.0,378.4,1010.0,449.0,4405.0,276.2,807.0
2022-06-24,137.76,296.0,4100.0,18934.0,377.0,1003.0,448.5,4359.0,278.35,818.6
2022-06-27,141.15,296.2,4100.0,18586.0,376.65,1008.0,458.0,4360.0,276.2,832.6
2022-06-28,139.99,297.2,3989.5,18252.0,381.85,1005.8,447.2,4327.0,277.4,810.8
2022-06-29,132.8,297.65,4015.0,17652.0,384.2,1019.0,440.8,4316.0,275.7,840.0
2022-06-30,125.2,207.0,3905.0,17400.0,362.25,1024.0,429.5,4238.0,273.7,830.0
2022-07-01,129.91,192.5,3944.0,17100.0,375.15,1060.2,422.1,4155.0,278.85,830.0
2022-07-04,131.43,186.25,3949.5,17024.0,371.6,1025.0,433.0,4198.0,280.55,846.8
2022-07-05,133.5,197.3,4015.0,16700.0,371.5,970.2,426.0,4314.0,276.3,832.0
2022-07-06,134.0,195.42,3962.0,16452.0,369.65,1009.6,429.8,4306.0,270.05,831.2
2022-07-07,133.09,197.92,3956.0,16550.0,364.95,998.0,407.9,4420.0,273.0,823.8
2022-07-08,133.3,198.0,3911.0,16720.0,351.2,993.0,409.9,4439.0,275.05,821.4
2022-07-11,126.8,188.9,3848.5,16270.0,343.8,968.6,400.0,4385.0,239.85,808.6
2022-07-12,129.0,191.4,3752.0,15922.0,333.5,942.0,391.8,4300.0,236.85,779.8
2022-07-13,126.0,186.0,3645.5,15200.0,321.0,916.2,375.8,4255.5,233.9,756.4
2022-07-14,125.9,184.55,3608.0,15302.0,315.45,926.6,366.6,4228.0,229.8,743.6
2022-07-15,128.9,187.61,3709.0,15600.0,330.5,953.0,379.9,4380.0,236.9,739.8
2022-07-18,128.11,186.7,3645.0,15282.0,326.0,946.6,380.6,4382.0,236.3,722.2
2022-07-19,127.76,189.51,3600.0,14914.0,320.75,928.8,374.6,4355.0,232.55,715.0
2022-07-20,126.44,193.3,3580.0,15050.0,330.0,925.8,379.5,4315.0,232.6,702.8
2022-07-21,125.48,189.59,3539.5,14800.0,328.2,916.0,375.7,4251.0,229.05,683.0
2022-07-22,128.82,192.25,3688.0,14730.0,340.0,944.0,381.1,4341.0,230.8,689.6
2022-07-25,131.45,192.0,3669.0,14794.0,336.6,960.8,383.1,4345.0,230.85,695.0
2022-07-26,132.9,193.95,3825.0,15850.0,347.0,1008.0,388.1,4512.0,233.25,723.0
2022-07-27,132.5,196.49,3847.5,15640.0,348.7,1038.0,392.3,4630.0,235.65,742.4
2022-07-28,131.72,196.25,3831.0,15500.0,344.3,1025.2,395.0,4765.5,243.15,720.0
2022-07-29,131.9,195.26,3877.0,16150.0,353.0,1052.0,409.0,4889.0,243.45,733.8
2022-08-01,127.34,192.0,3931.0,15590.0,348.0,1035.0,395.1,4800.0,241.75,732.0
2022-08-02,127.53,187.16,3823.0,15140.0,335.8,1009.0,394.3,4813.0,241.0,725.4
2022-08-03,126.85,187.04,3799.0,14754.0,330.25,988.0,397.6,4910.0,246.3,696.0
2022-08-04,126.95,184.9,3720.0,14710.0,324.6,1003.6,403.1,4883.0,251.0,698.4
2022-08-05,122.4,176.58,3679.5,14394.0,322.7,975.0,387.0,4799.5,241.45,680.0
2022-08-08,123.81,177.86,3720.0,14458.0,327.35,1009.8,383.7,4880.0,247.15,683.6
2022-08-09,126.4,181.04,3895.0,15150.0,339.65,1021.0,405.6,5032.5,247.85,707.6
2022-08-10,126.2,178.81,3890.0,14970.0,339.5,1039.8,415.8,5024.0,250.05,698.0
2022-08-11,123.45,174.1,3925.0,14908.0,333.0,1020.0,414.6,5002.5,245.5,705.0
2022-08-12,124.88,174.36,3940.5,14826.0,336.2,1036.0,422.6,5134.0,245.1,700.0
2022-08-15,125.0,174.8,3959.0,15142.0,335.9,1065.0,425.0,5159.5,246.3,708.2
2022-08-16,126.39,181.3,4018.0,15444.0,348.0,1100.6,437.0,5177.0,248.0,713.6
2022-08-17,124.5,176.5,3907.0,15370.0,344.1,1095.0,432.5,5270.0,245.0,702.0
2022-08-18,126.3,178.87,3920.0,15160.0,346.4,1090.0,436.0,5350.0,241.95,699.4
2022-08-19,125.2,177.6,3972.0,15330.0,344.8,1085.0,431.0,5245.0,240.0,703.4
2022-08-22,126.06,181.7,4017.0,15430.0,349.6,1150.2,443.4,5302.0,238.1,708.0
2022-08-23,130.38,184.3,4098.0,15592.0,356.0,1135.0,450.2,5319.0,236.0,712.0
2022-08-24,128.15,182.83,4117.0,15458.0,358.2,1146.0,451.0,5393.0,231.85,710.0
2022-08-25,128.18,181.9,4055.0,15384.0,355.6,1140.8,446.9,5440.0,236.4,705.8
2022-08-26,130.4,183.62,4115.0,15392.0,361.5,1156.2,450.0,5459.5,240.1,712.6
2022-08-29,131.17,190.0,4186.0,15594.0,367.3,1158.0,454.5,5450.0,241.0,739.0
2022-08-30,130.05,204.0,4140.0,15650.0,361.3,1147.0,454.2,5450.0,239.3,743.8
2022-08-31,134.25,254.9,4270.0,16140.0,368.0,1133.0,456.0,5490.5,236.3,754.8
2022-09-01,138.2,249.11,4722.0,16600.0,373.5,1149.8,442.1,5399.0,241.45,742.4
2022-09-02,143.8,252.8,4595.0,16746.0,385.1,1148.8,450.9,5485.5,240.3,774.4
2022-09-05,141.0,250.0,4658.0,17000.0,385.1,1197.0,461.1,5600.0,242.8,798.0
2022-09-06,137.23,246.0,4545.0,16604.0,375.7,1163.8,448.1,5510.0,239.0,787.8
2022-09-07,136.86,241.55,4420.0,16222.0,375.95,1178.0,437.7,5490.0,236.05,785.0
2022-09-08,134.51,243.95,4410.0,16244.0,374.4,1157.0,433.0,5433.0,237.55,774.4
2022-09-09,138.15,245.34,4470.0,16740.0,378.0,1160.0,441.8,5499.0,237.75,782.8
2022-09-12,138.7,243.3,4560.0,16756.0,379.4,1187.0,448.0,5575.0,240.6,780.0
2022-09-13,137.0,242.64,4542.5,16432.0,373.4,1179.0,441.0,5594.0,237.75,777.8
2022-09-14,138.9,243.32,4472.0,16214.0,375.75,1175.4,443.0,5558.0,237.7,769.6
2022-09-15,139.48,243.68,4530.0,16212.0,367.3,1190.2,444.8,5555.5,238.2,775.2
2022-09-16,137.73,243.8,4519.0,16228.0,359.05,1180.0,438.7,5582.0,236.4,781.4
2022-09-19,138.04,244.21,4496.0,16016.0,358.25,1171.8,438.3,5505.0,235.85,782.4
2022-09-20,125.1,221.15,4055.0,15260.0,330.9,1044.0,413.1,5222.5,226.7,728.6
2022-09-21,120.23,214.07,3955.0,14776.0,312.55,1009.2,379.7,4904.5,216.5,700.8
2022-09-22,124.31,231.45,4011.0,14794.0,315.5,1016.6,395.9,5015.0,214.9,724.2
2022-09-23,119.39,224.84,3948.5,14148.0,296.7,950.8,381.3,4889.0,200.65,700.4
2022-09-26,107.06,206.0,3708.0,12850.0,257.9,897.6,345.0,4474.0,186.3,606.0
2022-09-27,112.92,217.3,3865.0,13278.0,266.95,984.8,361.1,4481.5,187.45,624.4
2022-09-28,111.06,217.38,3907.5,12930.0,263.0,967.8,359.4,4750.0,186.0,616.6
2022-09-29,110.41,226.46,3882.5,12338.0,256.05,964.8,352.1,4537.5,183.0,580.8
2022-09-30,110.21,217.7,3965.0,12458.0,264.05,969.0,362.1,4722.0,191.65,622.0
2022-10-03,114.35,215.83,4077.0,13186.0,287.9,1013.4,383.8,5008.0,197.05,634.2
2022-10-04,110.55,210.72,4094.0,12956.0,283.75,1007.0,381.3,4906.5,202.7,610.2
2022-10-05,108.51,209.05,4102.5,12516.0,283.0,1000.0,382.7,4784.5,206.55,595.0
2022-10-06,108.24,212.86,4041.0,12400.0,286.8,963.2,391.7,4719.5,208.25,591.0
2022-10-07,101.5,195.15,3875.0,11932.0,269.0,906.4,365.8,4546.0,196.2,572.6
2022-10-10,106.71,163.89,4035.0,12500.0,277.85,960.0,353.2,4645.0,200.1,592.6
2022-10-11,107.72,162.89,4170.0,12794.0,287.3,965.8,353.0,4838.0,210.1,600.6
2022-10-12,105.9,161.8,4149.0,12698.0,292.0,972.8,351.4,4772.0,204.15,596.0
2022-10-13,106.5,160.84,4185.5,12616.0,298.8,981.0,353.0,4772.5,203.5,590.6
2022-10-14,107.78,159.6,4139.0,12640.0,299.55,974.0,351.8,4810.0,208.3,616.0
2022-10-17,112.44,163.24,4212.5,13246.0,313.45,1008.4,365.6,5060.5,218.65,655.4
2022-10-18,110.88,160.2,4240.0,13222.0,305.45,988.4,357.7,4918.5,213.55,644.0
2022-10-19,112.39,161.29,4204.5,13018.0,307.95,995.0,359.6,4961.0,215.3,653.8
2022-10-20,116.98,160.75,4380.5,13084.0,310.85,1003.2,362.1,5011.5,217.2,687.0
2022-10-21,119.45,166.99,4433.0,13160.0,311.3,1007.6,362.4,5164.0,215.8,732.2
2022-10-24,118.8,165.47,4439.5,13152.0,313.6,1006.8,372.0,5196.5,215.75,727.6
2022-10-25,124.36,172.38,4569.5,13470.0,332.4,1036.8,382.7,5315.0,219.0,757.2
2022-10-26,124.43,171.98,4613.5,13136.0,340.65,1041.8,380.9,5270.0,219.05,779.6
2022-10-27,126.61,172.47,4724.0,13266.0,343.85,1078.0,382.6,5247.0,222.75,826.4
2022-10-28,126.97,170.73,4700.5,13548.0,341.8,1106.2,384.9,5269.0,224.5,816.4
2022-10-31,126.72,170.27,4695.5,13758.0,333.9,1104.0,387.4,5237.0,225.8,786.8
2022-11-01,127.05,169.92,4700.0,13624.0,332.35,1109.2,388.0,5249.5,226.7,789.2
2022-11-02,125.49,167.72,4670.0,13404.0,333.7,1102.4,383.0,5170.0,223.45,770.0
2022-11-03,125.75,169.14,4687.0,13406.0,335.0,1108.0,385.3,5183.0,222.3,782.0
2022-11-07,132.0,169.85,4723.5,14070.0,356.7,1140.8,393.4,5208.5,227.7,824.0
2022-11-08,131.29,169.97,4697.5,13968.0,351.95,1134.8,391.9,5165.0,230.45,822.4
2022-11-09,127.3,167.1,4632.0,13720.0,348.6,1105.0,386.5,5027.5,224.75,785.4
2022-11-10,136.68,168.9,4681.0,14044.0,358.25,1124.0,388.3,5031.5,228.35,800.4
2022-11-11,136.98,169.86,4670.0,14764.0,356.95,1113.0,385.1,5005.0,235.0,798.8
2022-11-14,139.8,169.6,4658.5,15456.0,350.85,1118.0,384.4,4974.5,234.55,795.2
2022-11-15,135.66,166.25,4565.0,14984.0,338.4,1084.6,375.5,4888.0,231.1,773.2
2022-11-16,139.18,168.76,4661.5,15224.0,342.5,1109.0,383.2,4945.5,233.75,791.6
2022-11-17,137.57,168.99,4621.0,14946.0,336.95,1099.8,378.0,5011.5,232.6,785.4
2022-11-18,136.89,168.79,4623.0,14986.0,336.9,1092.2,376.2,4918.5,230.45,788.2
2022-11-21,134.46,168.13,4605.5,14654.0,331.85,1075.4,368.8,4856.0,227.7,776.2
2022-11-22,135.65,168.08,4618.0,14802.0,334.95,1073.2,369.7,4869.0,228.15,789.6
2022-11-23,136.59,169.15,4679.0,14752.0,337.95,1089.6,368.3,4879.5,232.85,798.4
2022-11-24,136.61,168.96,4664.0,14766.0,334.75,1078.0,367.3,4893.0,233.5,792.0
2022-11-25,136.53,169.03,4669.0,14632.0,335.9,1065.4,366.4,4849.0,236.25,791.6
2022-11-28,135.53,168.1,4624.0,14570.0,333.2,1037.8,367.6,4844.0,234.15,791.6
2022-11-29,136.37,168.1,4602.0,14464.0,335.9,1039.8,367.8,4819.0,236.95,792.6
2022-11-30,136.78,167.7,4614.5,14384.0,336.25,1040.0,366.0,4827.0,236.4,790.8
2022-12-01,137.15,166.98,4599.5,14650.0,335.9,1055.4,363.9,4777.0,234.7,784.6
2022-12-02,136.66,165.86,4577.5,14484.0,335.0,1046.0,361.1,4667.0,233.7,778.0
2022-12-05,142.0,165.03,4619.0,14824.0,340.45,1045.0,362.7,4587.0,233.05,780.4
2022-12-06,140.61,164.3,4603.5,14718.0,336.0,1035.0,361.7,4475.5,233.8,784.0
2022-12-07,142.32,163.7,4592.5,15038.0,335.1,1036.0,361.6,4492.5,233.5,792.2
2022-12-08,139.92,163.0,4578.0,14886.0,333.7,1048.2,361.0,4464.0,233.15,801.0
2022-12-09,140.03,162.75,4583.0,14940.0,336.15,1042.6,364.5,4446.0,233.65,805.0
2022-12-12,139.48,162.89,4583.5,14760.0,335.2,1040.8,360.1,4560.0,231.1,820.6
2022-12-13,138.13,162.4,4577.5,14924.0,337.4,1035.0,358.4,4529.5,229.85,841.6
2022-12-14,137.3,160.74,4590.5,14718.0,333.5,1029.0,356.8,4454.5,226.4,838.2
2022-12-15,134.55,160.31,4521.0,14280.0,328.0,1006.8,351.8,4382.5,221.15,839.6
2022-12-16,135.45,160.24,4580.0,14498.0,330.9,1016.0,354.4,4386.5,226.9,853.8
2022-12-19,134.64,157.61,4625.0,14652.0,333.0,1010.6,348.5,4260.0,223.7,875.4
2022-12-20,138.28,158.94,4076.0,14816.0,344.15,1053.4,354.6,4326.0,227.45,885.8
2022-12-21,137.75,157.59,4040.5,14870.0,345.2,1061.0,351.1,4288.5,224.5,869.0
2022-12-22,137.69,157.95,4027.5,14958.0,344.7,1049.0,350.5,4347.0,227.0,882.4
2022-12-23,137.94,160.89,4010.5,14904.0,343.3,1048.0,349.4,4315.5,227.0,888.6
2022-12-26,140.95,162.12,4010.0,15050.0,352.4,1052.4,350.8,4442.0,228.9,893.0
2022-12-27,139.9,164.07,4028.5,15282.0,355.45,1052.0,348.9,4425.5,229.8,907.4
2022-12-28,139.51,161.82,4015.5,15140.0,355.1,1051.2,346.8,4414.5,231.9,888.8
2022-12-29,140.96,162.91,4022.0,15242.0,359.6,1064.2,349.0,4407.5,234.75,888.2
2022-12-30,141.15,162.56,4069.5,15300.0,365.4,1078.4,348.5,4340.5,236.4,904.0
2023-01-03,141.78,163.52,4123.5,15520.0,368.05,1072.6,351.6,4360.5,235.35,897.6
2023-01-04,141.43,162.51,4116.0,15574.0,365.8,1060.8,350.8,4369.0,236.5,888.6
2023-01-05,141.27,161.2,4087.0,15340.0,367.5,1053.0,349.4,4325.5,236.15,882.8
2023-01-06,141.4,162.1,4089.0,15438.0,367.3,1052.6,350.6,4319.5,236.5,884.4
2023-01-09,142.4,162.71,4110.0,15370.0,367.95,1051.8,346.7,4330.0,237.7,872.6
2023-01-10,142.81,162.1,4079.0,15324.0,366.75,1039.6,345.7,4372.5,237.3,863.6
2023-01-11,149.96,165.83,4090.5,15410.0,347.35,1044.2,346.0,4458.0,240.0,879.8
2023-01-12,149.3,164.17,4078.5,15440.0,346.85,1040.0,345.5,4638.0,239.0,880.4
2023-01-13,151.69,164.56,4074.0,15334.0,346.05,1042.0,345.4,4620.0,239.2,890.4
2023-01-16,153.71,165.8,4052.0,15488.0,345.8,1050.6,345.7,4674.0,242.2,922.0
2023-01-17,150.45,162.33,4025.0,15294.0,341.35,1042.0,341.8,4628.0,238.7,903.8
2023-01-18,151.47,162.18,4021.0,15316.0,344.15,1031.8,339.0,4575.5,237.6,910.8
2023-01-19,149.34,160.53,3981.0,15200.0,339.8,1014.8,335.2,4504.5,237.0,894.2
2023-01-20,151.38,158.85,3944.0,15154.0,336.55,1027.6,333.7,4575.5,239.9,887.8
2023-01-23,153.5,160.06,3972.5,14980.0,340.05,1024.6,334.7,4634.5,239.85,892.0
2023-01-24,152.66,157.88,3942.5,14776.0,336.75,1020.2,333.7,4586.5,239.0,875.2
2023-01-25,152.81,158.99,3923.5,14882.0,338.2,1018.2,334.4,4597.0,240.5,875.2
2023-01-26,152.4,157.58,3911.0,14800.0,335.0,1017.6,333.3,4602.0,240.0,881.4
2023-01-27,153.2,159.08,3917.0,15032.0,336.95,1022.6,333.0,4609.0,242.15,895.4
2023-01-30,153.38,158.41,3947.5,15150.0,337.65,1022.4,332.7,4653.5,244.9,912.8
2023-01-31,158.07,158.1,3955.0,15144.0,340.75,1029.8,328.8,4665.0,249.65,929.0
2023-02-01,158.29,158.12,3955.5,15258.0,343.0,1026.6,328.5,4647.0,251.75,976.6
2023-02-02,159.45,158.1,3918.5,15164.0,342.1,1027.8,326.6,4694.0,256.1,997.2
2023-02-03,161.26,160.87,3907.5,14990.0,341.85,1030.2,323.9,4665.0,255.2,1016.2
2023-02-06,167.09,160.14,3941.0,14942.0,347.1,1098.0,325.5,4720.0,259.2,1035.0
2023-02-07,165.39,159.87,3968.0,14960.0,355.25,1089.0,323.8,4757.0,261.05,1000.0
2023-02-08,164.15,158.18,3930.5,14852.0,349.85,1074.0,324.2,4698.0,260.7,982.2
2023-02-09,165.31,159.19,3914.0,14918.0,350.2,1072.0,324.4,4696.0,256.85,1008.6
2023-02-10,165.52,158.68,3921.5,14840.0,351.0,1083.6,323.5,4683.5,257.65,1020.6
2023-02-13,164.32,158.01,3928.5,14892.0,349.4,1073.0,325.3,4689.0,259.2,1016.0
2023-02-14,161.86,156.52,3914.5,14760.0,344.2,1058.4,326.4,4621.0,252.55,996.0
2023-02-15,156.25,153.09,3829.0,14500.0,339.6,1026.2,313.8,4432.5,244.2,964.6
2023-02-16,158.22,153.56,3830.0,14398.0,342.55,1030.8,315.6,4430.0,247.35,973.8
2023-02-17,159.73,153.62,3840.0,14478.0,345.1,1031.4,316.6,4447.5,249.4,975.6
2023-02-20,160.09,153.24,3905.0,14540.0,347.1,1033.2,314.1,4481.5,246.7,985.0
2023-02-21,164.15,154.97,3914.5,14710.0,352.65,1045.0,315.8,4566.0,251.0,1012.8
2023-02-22,163.37,155.31,3909.5,14474.0,353.75,1045.0,313.4,4549.5,250.8,1025.8
2023-02-24,164.3,154.22,3901.0,14390.0,352.45,1042.6,312.6,4559.5,251.15,1041.6
2023-02-27,169.95,156.34,3903.0,14578.0,357.75,1066.6,316.1,4643.0,254.1,1061.0
2023-02-28,169.82,157.66,3990.0,14498.0,358.4,1065.0,328.3,4594.0,260.15,1055.0
2023-03-01,170.53,164.5,4056.0,14734.0,361.4,1073.4,334.8,4567.0,259.1,1060.4
2023-03-02,168.05,160.9,4004.0,14510.0,355.05,1056.6,330.2,4524.0,254.55,1049.0
2023-03-03,171.16,162.27,4030.5,14562.0,358.8,1072.2,334.9,4546.5,259.65,1063.4
2023-03-06,171.84,163.35,4111.5,14560.0,365.35,1077.0,337.6,4559.0,258.4,1053.0
2023-03-07,174.01,162.57,4125.0,14676.0,364.3,1074.4,336.0,4553.0,257.65,1055.8
2023-03-09,172.55,161.21,4105.0,14586.0,364.0,1073.4,335.2,4551.5,257.15,1052.6
2023-03-10,172.53,160.04,4085.0,14576.0,365.9,1064.0,333.3,4524.0,257.7,1052.2
2023-03-13,172.15,159.03,4066.0,14554.0,363.5,1061.8,334.7,4527.5,256.65,1042.0
2023-03-14,175.71,161.0,4063.0,14556.0,364.55,1059.2,339.0,4539.5,255.9,1036.0
2023-03-15,175.3,159.68,4022.0,14464.0,357.95,1048.4,337.6,4500.0,249.95,1019.4
2023-03-16,175.45,159.71,4084.0,14442.0,359.2,1064.0,336.3,4492.0,247.9,1028.4
2023-03-17,193.59,163.29,4111.5,14560.0,365.2,1074.6,347.8,4504.0,248.1,1033.6
2023-03-20,203.73,175.7,4228.5,15044.0,377.4,1122.2,355.0,4562.5,251.8,1060.0
2023-03-21,203.32,170.55,4216.5,14864.0,371.8,1126.2,350.8,4518.0,255.25,1038.6
2023-03-22,202.89,168.72,4192.5,14970.0,375.5,1128.8,350.4,4510.0,254.4,1046.8
2023-03-23,202.58,168.84,4177.5,14932.0,374.45,1138.4,344.6,4491.0,254.4,1039.2
2023-03-24,203.57,169.03,4206.5,15080.0,377.25,1141.8,349.3,4495.0,252.75,1034.6
2023-03-27,211.84,172.33,4322.0,15184.0,383.25,1172.0,363.4,4516.0,256.85,1039.8
2023-03-28,214.03,171.07,4320.0,15186.0,381.5,1160.0,367.1,4512.5,257.6,1038.0
2023-03-29,217.99,170.95,4342.0,15084.0,385.45,1156.6,367.8,4527.5,257.95,1074.6
2023-03-30,216.87,171.71,4382.5,15024.0,386.15,1153.6,375.2,4583.0,259.3,1061.0
2023-03-31,216.6,169.83,4352.5,15010.0,380.9,1155.2,373.7,4610.0,257.85,1050.6
2023-04-03,216.09,170.38,4473.5,15084.0,390.9,1167.4,386.8,4582.0,258.0,1053.0
2023-04-04,214.83,172.55,4510.5,15214.0,390.0,1198.2,382.7,4565.0,254.75,1044.2
2023-04-05,216.15,173.86,4540.0,15200.0,389.7,1203.6,387.3,4554.0,254.95,1048.8
2023-04-06,214.25,171.6,4585.0,15380.0,389.8,1202.8,389.5,4571.5,255.75,1039.4
2023-04-07,216.27,173.09,4637.0,15430.0,391.7,1228.2,396.2,4574.0,257.5,1033.8
2023-04-10,222.21,174.54,4650.5,15500.0,393.5,1248.8,402.8,4624.0,259.25,1038.6
2023-04-11,218.6,177.18,4620.0,15360.0,388.35,1219.0,393.8,4552.5,257.0,1023.4
2023-04-12,219.22,178.75,4670.0,15404.0,390.9,1240.6,395.4,4576.5,261.25,1026.2
2023-04-13,219.85,178.73,4612.5,15404.0,390.1,1260.0,394.5,4555.0,260.4,1021.6
2023-04-14,221.87,179.5,4618.0,15786.0,392.4,1296.0,394.4,4575.0,260.05,1021.4
2023-04-17,228.1,181.99,4640.0,15900.0,395.85,1317.6,399.3,4677.5,261.0,1038.0
2023-04-18,232.66,184.39,4599.5,15908.0,397.0,1311.4,400.2,4844.5,265.4,1052.2
2023-04-19,232.95,182.01,4539.5,15918.0,396.1,1294.2,396.4,4730.5,266.7,1026.8
2023-04-20,236.28,181.74,4746.0,15802.0,396.5,1317.6,407.3,4806.5,268.35,1013.6
2023-04-21,235.17,181.72,4729.5,15798.0,398.75,1321.4,406.3,4808.0,266.4,1018.8
2023-04-24,235.1,181.56,4710.5,15700.0,400.4,1313.6,411.7,4817.5,269.25,1016.6
2023-04-25,235.3,178.93,4689.0,15538.0,396.45,1314.4,408.8,4789.0,271.3,1010.2
2023-04-26,235.21,178.38,4659.0,15330.0,395.75,1313.0,407.4,4756.5,272.9,998.0
2023-04-27,240.38,183.95,4700.0,15370.0,398.25,1320.0,411.8,4765.0,273.65,1004.6
2023-04-28,240.38,181.13,4674.5,14572.0,393.8,1340.8,404.0,4686.5,272.15,1002.0
2023-05-02,242.62,177.97,4581.0,14542.0,390.0,1270.0,397.1,4585.5,270.7,972.6
2023-05-03,235.77,172.87,4508.5,14440.0,378.0,1223.8,381.8,4442.0,265.05,957.4
2023-05-04,238.89,173.66,4547.5,14470.0,379.95,1229.8,388.0,4450.0,268.8,963.2
2023-05-05,237.7,172.09,4509.0,14352.0,378.65,1222.0,383.0,4422.5,266.1,954.6
2023-05-08,238.27,170.84,4564.5,14218.0,381.1,1215.2,391.9,4416.0,263.6,962.0
2023-05-10,227.06,175.53,4716.0,14604.0,392.1,1270.0,402.4,4529.5,272.65,987.2
2023-05-11,229.32,174.13,4788.5,14476.0,391.65,1269.2,398.7,4518.0,272.5,985.8
2023-05-12,229.29,173.95,4819.0,14544.0,398.95,1270.4,400.7,4470.5,276.4,988.0
2023-05-15,231.7,179.04,5045.5,14768.0,407.85,1300.0,406.0,4519.5,287.1,995.6
2023-05-16,230.62,177.05,5086.0,14762.0,410.75,1293.8,406.8,4614.0,293.8,1008.4
2023-05-17,230.55,176.3,5097.0,14778.0,414.8,1295.4,405.4,4605.5,293.1,1009.8
2023-05-18,231.7,175.26,5075.0,14736.0,414.1,1278.2,411.7,4578.5,313.55,1003.8
2023-05-19,231.27,174.43,5078.5,14730.0,413.65,1263.6,410.3,4619.0,308.0,997.0
2023-05-22,231.0,172.47,5090.0,14602.0,424.5,1267.8,416.5,4631.0,305.3,988.6
2023-05-23,236.43,166.59,5173.0,14648.0,424.8,1294.0,427.3,4419.0,306.85,996.0
2023-05-24,246.06,162.96,5192.0,14696.0,436.0,1312.0,429.4,4208.5,306.2,993.6
2023-05-25,243.76,162.3,5203.5,14562.0,430.15,1295.2,426.4,4040.0,306.4,1006.6
2023-05-26,248.1,164.48,5296.5,14670.0,432.9,1305.4,429.5,4139.0,308.0,1005.8
2023-05-29,251.18,163.6,5538.5,14654.0,440.45,1307.4,441.7,4121.0,313.65,1027.0
2023-05-30,244.65,161.9,5530.0,14574.0,434.5,1309.6,438.9,4178.0,316.6,1025.8
2023-05-31,246.17,162.94,5569.0,14580.0,450.1,1298.4,443.2,4293.5,317.1,1024.0
2023-06-01,241.66,161.55,5684.0,14576.0,451.5,1293.8,450.3,4370.0,317.35,1032.0
2023-06-02,243.95,162.58,5383.0,14782.0,458.95,1340.4,463.7,4323.5,326.85,1037.8
2023-06-05,237.12,162.47,5166.5,14764.0,458.6,1309.6,475.0,4213.5,329.6,1031.4
2023-06-06,240.91,163.16,5149.5,14644.0,462.1,1347.4,473.0,4234.5,327.95,1021.0
2023-06-07,241.25,164.65,5101.0,14628.0,459.85,1334.2,470.7,4250.5,326.6,1020.6
2023-06-08,241.77,166.18,5065.0,14738.0,458.15,1339.8,470.9,4260.0,324.8,1040.6
2023-06-09,240.4,165.58,5077.0,14840.0,463.5,1355.6,472.4,4230.0,328.9,1030.4
2023-06-13,244.33,168.43,5264.0,15094.0,479.85,1385.8,481.0,4365.0,330.5,1052.4
2023-06-14,244.6,167.88,5246.0,15052.0,478.4,1372.8,488.1,4351.0,330.3,1049.0
2023-06-15,245.18,171.86,5302.5,15286.0,481.75,1388.6,515.0,4513.0,336.55,1077.6
2023-06-16,243.87,169.87,5260.5,15362.0,480.4,1378.8,511.7,4896.5,341.95,1073.6
2023-06-19,242.28,170.19,5194.0,15510.0,485.85,1377.6,503.6,4885.0,343.7,1155.0
2023-06-20,241.74,169.64,5150.5,15332.0,483.4,1359.6,503.6,4898.0,345.65,1145.0
2023-06-21,242.2,170.2,5125.0,15306.0,481.35,1364.4,503.3,4982.5,346.55,1182.0
2023-06-22,240.66,168.41,5137.0,15178.0,475.45,1346.2,504.3,4901.0,345.6,1164.8
2023-06-23,235.67,165.8,5030.0,14988.0,467.55,1317.0,494.6,4725.0,339.75,1164.6
2023-06-26,238.4,166.91,5048.5,14862.0,474.4,1322.2,498.5,4779.5,344.2,1158.2
2023-06-27,241.21,166.45,5138.0,14842.0,475.85,1332.2,497.9,4837.5,346.95,1187.8
2023-06-28,239.67,168.05,5108.0,14934.0,477.05,1322.8,500.0,5190.0,305.45,1169.0
2023-06-29,239.99,167.88,5124.0,14882.0,482.1,1326.4,507.7,5133.0,303.5,1166.8
2023-06-30,239.61,166.86,5079.0,14726.0,482.35,1335.0,505.7,5156.0,296.75,1174.0
2023-07-03,243.33,166.82,5095.5,14702.0,478.05,1322.4,500.1,5267.0,287.8,1219.0
2023-07-04,240.7,165.5,5209.0,14744.0,473.4,1316.6,493.4,5270.0,292.5,1201.4
2023-07-05,240.95,165.71,5298.5,14868.0,473.9,1322.4,501.7,5346.5,298.7,1213.0
2023-07-06,240.96,166.36,5347.0,15162.0,476.75,1363.8,499.2,5289.0,296.15,1203.8
2023-07-07,243.67,166.34,5439.5,15080.0,482.4,1396.4,501.0,5325.0,296.55,1199.4
2023-07-10,249.4,167.59,5436.0,15264.0,477.45,1403.8,487.9,5490.0,302.2,1218.4
2023-07-11,247.99,168.85,5439.0,15302.0,478.8,1418.8,490.7,5511.0,300.0,1222.8
2023-07-12,247.52,170.3,5500.0,15454.0,487.05,1445.6,495.6,5495.0,298.7,1244.0
2023-07-13,246.19,168.96,5498.0,15540.0,488.4,1423.0,494.7,5487.5,297.85,1238.8
2023-07-14,246.45,169.7,5514.0,15504.0,487.65,1440.0,496.0,5506.0,296.8,1253.0
2023-07-17,245.39,170.63,5503.0,15774.0,489.3,1468.2,496.4,5563.5,295.15,1275.0
2023-07-18,246.77,174.89,5537.5,16336.0,490.15,1485.0,497.7,5683.0,296.05,1287.8
2023-07-19,245.85,173.04,5518.0,16546.0,485.95,1479.4,496.5,5647.0,297.3,1277.4
2023-07-20,242.7,169.92,5394.0,15904.0,475.1,1464.0,488.6,5496.0,292.1,1260.8
2023-07-21,244.13,171.19,5505.0,16082.0,483.2,1481.0,494.7,5733.0,292.65,1274.2
2023-07-24,244.87,171.98,5545.5,16126.0,481.6,1476.4,498.1,5816.5,291.5,1286.0
2023-07-25,247.2,171.86,5633.5,16260.0,489.15,1472.0,509.3,5900.0,291.05,1313.6
2023-07-26,247.05,171.35,5626.0,16170.0,486.9,1494.4,506.4,5825.0,288.95,1301.4
2023-07-27,247.95,172.0,5668.0,16190.0,493.75,1496.0,509.4,5801.5,288.15,1328.0
2023-07-28,249.25,171.44,5896.0,16236.0,500.65,1500.2,516.5,5803.0,287.55,1334.8
2023-07-31,267.4,174.33,5938.0,16712.0,508.75,1519.4,523.5,5797.5,290.1,1367.6
2023-08-01,268.5,173.21,6008.0,17000.0,516.7,1525.2,526.5,5760.5,290.4,1364.6
2023-08-02,268.57,174.07,6069.5,16560.0,522.95,1556.2,537.5,5796.5,289.55,1364.0
2023-08-03,269.11,177.1,6155.0,16650.0,526.7,1602.4,547.7,5808.0,290.75,1399.0
2023-08-04,264.12,173.46,6103.0,16338.0,521.95,1577.0,541.9,5657.5,288.4,1348.4
2023-08-07,261.92,172.52,6048.5,16154.0,524.6,1593.4,548.7,5590.0,290.05,1327.4
2023-08-08,264.62,172.71,6124.5,16106.0,527.9,1594.4,555.5,5666.5,290.6,1326.2
2023-08-09,263.91,174.51,6171.5,16192.0,533.2,1592.2,569.5,5607.0,289.6,1339.4
2023-08-10,266.91,176.65,6252.0,16464.0,535.2,1639.0,574.9,5718.0,290.25,1356.4
2023-08-11,266.23,176.35,6284.5,16460.0,549.0,1658.6,577.4,5691.0,291.95,1345.4
2023-08-14,260.45,177.09,6127.5,16280.0,539.75,1624.4,576.3,5522.5,284.2,1307.8
2023-08-15,260.42,176.16,6131.5,16170.0,546.3,1622.0,574.0,5549.5,283.2,1305.6
2023-08-16,256.02,174.14,6094.5,15908.0,532.95,1598.6,563.0,5500.0,281.95,1278.0
2023-08-17,258.5,174.14,6162.0,15924.0,544.45,1607.2,568.2,5557.0,281.4,1291.0
2023-08-18,261.14,175.48,6277.5,16198.0,548.2,1644.2,575.1,5666.0,292.9,1302.2
2023-08-21,261.15,176.36,6265.5,16262.0,547.45,1665.6,584.6,5918.0,292.4,1299.8
2023-08-22,261.45,176.48,6606.5,16270.0,549.5,1681.6,590.3,5902.0,293.0,1329.6
2023-08-23,256.4,173.65,6412.5,16010.0,534.5,1642.0,575.9,5726.0,285.5,1302.6
2023-08-24,259.63,174.97,6561.5,16082.0,539.8,1674.4,581.6,5865.0,288.65,1346.8
2023-08-25,260.5,174.7,6566.0,16144.0,538.85,1676.2,587.7,5888.0,289.0,1360.0
2023-08-28,266.93,176.2,6662.0,16780.0,545.55,1681.6,587.5,5984.5,290.15,1385.4
2023-08-29,265.68,178.69,6779.5,16628.0,558.3,1682.8,586.5,5978.0,288.05,1358.6
2023-08-30,264.7,177.47,6837.0,16680.0,556.9,1688.6,589.4,5935.5,286.15,1385.0
2023-08-31,264.85,177.99,6830.0,16832.0,556.15,1684.8,590.2,6080.0,284.1,1427.4
2023-09-01,265.0,178.22,6819.0,16786.0,559.15,1688.0,593.0,6078.0,283.7,1431.6
2023-09-04,267.39,181.11,6850.0,17112.0,567.25,1698.2,602.5,6102.0,287.7,1432.2
2023-09-05,264.75,182.48,6916.0,17060.0,574.4,1703.8,607.2,6035.0,287.6,1411.0
2023-09-06,263.5,180.96,6867.5,16900.0,578.8,1690.2,608.8,5906.0,287.1,1370.0
2023-09-07,258.79,177.64,6666.5,16466.0,564.6,1663.6,603.7,5745.5,283.4,1342.0
2023-09-08,255.68,175.95,6625.0,16320.0,557.95,1641.4,595.5,5704.5,280.6,1316.6
2023-09-11,256.25,174.64,6456.0,16250.0,549.1,1622.0,588.4,5605.0,279.0,1289.0
2023-09-12,262.4,177.62,6729.0,16470.0,562.0,1670.4,606.6,5784.5,281.55,1326.6
2023-09-13,258.18,174.94,6610.0,16392.0,555.15,1646.4,604.7,5654.5,277.55,1295.8
2023-09-14,260.0,173.52,6519.0,16300.0,556.3,1640.4,602.5,5795.0,277.2,1293.6
2023-09-15,260.83,173.79,6553.0,16436.0,562.8,1656.0,614.8,5795.0,278.45,1311.4
2023-09-18,259.07,172.8,6526.0,16308.0,557.1,1636.2,626.2,5775.0,274.95,1292.8
2023-09-19,252.72,168.93,6344.0,15998.0,544.0,1599.6,610.1,5558.0,270.95,1286.8
2023-09-20,253.77,169.11,6423.0,16190.0,529.35,1625.6,611.8,5491.0,269.95,1285.2
2023-09-21,250.16,165.85,6379.0,16018.0,508.0,1596.2,597.6,5283.0,269.5,1268.8
2023-09-22,251.99,166.7,6495.0,15992.0,513.9,1625.2,610.8,5475.0,270.15,1342.0
2023-09-25,252.65,165.87,6449.0,15872.0,520.65,1605.2,604.6,5407.5,270.05,1331.8
2023-09-26,255.87,165.36,6386.0,15946.0,517.85,1628.0,603.4,5405.0,273.3,1370.8
2023-09-27,256.1,165.53,6490.0,16074.0,529.95,1647.2,615.3,5495.0,276.95,1378.4
2023-09-28,257.67,169.58,6645.5,16304.0,535.7,1664.0,619.4,5551.5,276.9,1375.2
2023-09-29,260.72,167.09,6677.0,16188.0,537.0,1666.2,625.4,5505.0,275.05,1368.4
2023-10-02,258.98,166.08,6720.0,16172.0,535.55,1698.0,639.3,5489.0,272.1,1390.0
2023-10-03,259.65,166.75,6754.5,16168.0,538.9,1706.0,639.1,5461.0,271.4,1358.4
2023-10-04,259.53,165.4,6660.5,16030.0,533.95,1698.0,634.2,5457.0,271.85,1370.6
2023-10-05,259.38,166.06,6721.5,16172.0,534.7,1710.8,633.8,5425.5,271.0,1372.2
2023-10-06,262.93,166.59,6797.0,16268.0,534.2,1719.4,638.0,5430.5,270.25,1367.0
2023-10-09,265.25,167.06,6863.5,16256.0,552.5,1756.2,643.7,5518.0,270.9,1368.4
2023-10-10,263.0,168.03,6853.5,16294.0,549.0,1717.4,649.5,5656.0,272.65,1374.4
2023-10-11,260.21,167.89,6890.5,16126.0,540.35,1690.2,618.8,5550.5,270.45,1358.0
2023-10-12,264.5,169.5,7120.0,16278.0,546.05,1703.6,617.6,5562.0,271.2,1368.8
2023-10-13,263.51,170.2,7244.0,16284.0,561.85,1708.4,628.3,5599.5,271.05,1378.2
2023-10-16,268.15,172.55,7335.0,16432.0,568.65,1729.6,628.9,5665.0,275.6,1403.8
2023-10-17,270.0,171.97,7384.5,16520.0,573.05,1728.6,628.5,5764.5,275.9,1422.2
2023-10-18,267.9,170.18,7488.0,16472.0,586.8,1730.0,632.3,5753.0,275.0,1408.6
2023-10-19,268.65,170.38,7486.0,16788.0,595.25,1723.2,633.1,5795.5,273.4,1396.0
2023-10-20,269.8,171.39,7491.5,17122.0,602.9,1708.6,630.4,5839.0,274.85,1409.8
2023-10-23,270.1,170.39,7462.5,17108.0,593.3,1688.0,626.6,5973.5,275.0,1399.8
2023-10-24,271.27,170.19,7444.0,17196.0,586.2,1679.4,625.5,6073.0,280.1,1395.2
2023-10-25,273.73,169.62,7437.5,17460.0,590.5,1695.0,622.3,6046.5,283.85,1387.4
2023-10-26,269.9,168.45,7228.5,17250.0,583.0,1682.0,613.6,5913.0,279.55,1369.6
2023-10-27,269.7,167.26,7318.0,17506.0,594.6,1678.4,622.4,6015.0,282.15,1362.8
2023-10-30,269.89,167.16,7248.0,17572.0,587.2,1681.0,621.2,5948.0,277.7,1372.0
2023-10-31,268.35,167.88,7150.5,17574.0,574.55,1661.0,607.6,5818.0,271.75,1354.8
2023-11-01,269.68,170.08,7240.0,17804.0,579.5,1659.0,606.3,5874.0,273.3,1351.0
2023-11-02,269.06,168.18,7253.5,18078.0,586.25,1639.8,602.7,5847.0,270.15,1359.8
2023-11-03,268.54,169.19,7238.0,17898.0,581.5,1608.4,601.7,5866.5,271.35,1372.0
2023-11-06,273.42,169.48,7376.0,17764.0,588.95,1644.4,609.7,5896.5,271.8,1386.2
2023-11-07,273.31,168.53,7333.5,17690.0,583.95,1634.2,611.2,6044.5,272.65,1391.6
2023-11-08,278.15,168.49,7295.0,17460.0,581.65,1623.4,614.5,6090.0,274.35,1375.2
2023-11-09,276.65,168.16,7260.0,17412.0,583.1,1612.2,615.2,6079.5,276.45,1359.2
2023-11-10,280.19,168.25,7288.5,17344.0,598.3,1618.2,620.0,6015.5,274.8,1366.8
2023-11-13,283.97,167.85,7277.5,17410.0,598.3,1623.6,616.3,6061.0,278.65,1378.8
2023-11-14,280.87,165.86,7200.0,17178.0,591.3,1594.0,610.7,5940.0,273.0,1356.8
2023-11-15,282.89,166.46,7224.0,17136.0,585.0,1566.8,611.8,5935.0,277.05,1360.0
2023-11-16,279.7,165.48,7135.5,17008.0,572.75,1538.2,602.1,5823.0,271.05,1350.8
2023-11-17,281.6,165.31,7225.5,17168.0,583.3,1536.0,615.5,5903.5,269.05,1351.0
2023-11-20,282.91,165.51,7194.5,17098.0,581.5,1545.6,615.4,5931.0,269.95,1332.4
2023-11-21,282.79,165.15,7209.0,17250.0,583.4,1539.0,634.2,5952.0,272.85,1327.0
2023-11-22,286.16,165.37,7299.0,17218.0,581.75,1525.8,640.8,6045.5,269.9,1349.8
2023-11-23,286.19,164.11,7258.0,17304.0,580.8,1511.2,641.1,6259.0,266.25,1330.4
2023-11-24,286.85,164.71,7295.0,17096.0,578.85,1514.0,648.0,6323.0,262.85,1317.2
2023-11-27,282.33,162.79,7222.5,17052.0,578.0,1510.4,638.4,6290.0,260.2,1294.2
2023-11-28,279.91,164.21,7238.0,17056.0,589.9,1509.2,641.2,6347.5,261.25,1304.2
2023-11-29,276.8,163.17,7202.0,16922.0,593.45,1493.6,638.7,6377.5,256.5,1297.2
2023-11-30,277.5,163.23,7239.0,16736.0,584.3,1510.0,638.8,6354.0,254.45,1268.2
2023-12-01,273.97,162.61,7175.5,16646.0,575.15,1500.0,632.5,6405.5,250.15,1257.0
2023-12-04,270.96,160.01,7132.5,16668.0,565.0,1505.4,623.7,6265.0,248.75,1274.0
2023-12-05,279.62,160.46,7248.5,16804.0,574.35,1542.4,635.2,6333.5,253.45,1295.2
2023-12-06,267.58,158.74,7138.0,16412.0,565.55,1505.8,622.2,6352.0,248.2,1252.0
2023-12-07,265.12,163.38,7092.0,16912.0,560.6,1515.2,626.2,6264.0,251.65,1245.0
2023-12-08,265.16,161.5,7140.0,16776.0,564.7,1531.4,637.7,6170.0,251.75,1270.4
2023-12-11,256.89,164.87,6977.0,16660.0,555.0,1491.0,625.0,6058.5,248.55,1251.0
2023-12-12,257.6,162.46,7014.5,16478.0,549.55,1496.4,625.5,6071.5,249.25,1240.6
2023-12-13,260.45,163.92,7043.5,16600.0,555.85,1507.6,628.7,6096.5,251.3,1245.4
2023-12-14,256.64,160.89,6860.0,16646.0,535.7,1460.2,617.0,6072.5,247.05,1216.6
2023-12-15,268.21,164.2,6560.0,16988.0,561.5,1494.6,635.3,6362.0,250.3,1273.6
2023-12-18,268.4,167.0,6723.5,17150.0,566.65,1501.0,643.6,6464.5,251.7,1283.2
2023-12-19,267.35,165.48,6709.0,17202.0,574.0,1531.4,653.4,6477.5,253.75,1307.2
2023-12-20,266.61,163.56,6735.0,17114.0,578.6,1531.2,658.4,6692.5,250.0,1330.0
2023-12-21,265.19,161.57,6702.0,17082.0,577.1,1478.2,658.5,6704.5,248.85,1336.6
2023-12-22,271.3,162.09,6732.5,17122.0,583.75,1489.6,661.5,6680.0,249.35,1333.8
2023-12-25,271.08,161.09,6744.0,17130.0,584.45,1478.0,676.0,6939.5,248.5,1341.2
2023-12-26,271.9,161.0,6771.0,16360.0,589.3,1476.2,698.3,6920.5,248.85,1375.2
2023-12-27,271.08,159.86,6768.0,16310.0,594.55,1450.6,717.7,6982.5,247.65,1382.0
2023-12-28,271.74,159.14,6767.0,16156.0,591.9,1448.0,708.2,6970.0,248.55,1408.0
2023-12-29,270.82,159.52,6739.0,16172.0,593.2,1463.2,710.0,7006.0,248.45,1407.0
2024-01-03,274.56,161.44,6803.5,16356.0,604.0,1484.8,720.9,7187.0,250.2,1427.0
2024-01-04,274.12,161.25,6771.0,16296.0,601.15,1479.6,725.9,7305.5,250.4,1419.4
2024-01-05,273.62,161.94,6780.0,16280.0,604.05,1480.4,725.0,7255.5,251.6,1442.4
2024-01-08,276.76,163.05,6766.5,16426.0,602.3,1487.2,722.9,7210.0,254.5,1467.0
2024-01-09,275.28,162.41,6931.0,16384.0,600.55,1489.0,686.7,7214.5,261.35,1434.6
2024-01-10,274.49,162.87,6957.0,16376.0,601.0,1513.0,694.0,7380.0,263.7,1443.2
2024-01-11,275.71,162.5,6972.5,16276.0,579.6,1505.4,689.1,7114.5,262.75,1541.2
2024-01-12,275.84,163.37,6965.0,16234.0,584.2,1500.2,697.8,7082.0,266.85,1561.4
2024-01-15,275.96,163.34,6889.5,16226.0,581.4,1492.2,701.0,7070.0,266.8,1548.2
2024-01-16,276.01,163.22,6857.0,16192.0,578.4,1474.8,699.2,6923.0,265.4,1550.2
2024-01-17,278.0,164.04,6910.0,16202.0,574.75,1475.2,697.8,6943.5,263.95,1560.2
2024-01-18,277.07,166.52,6857.5,16156.0,573.95,1466.0,698.0,6816.5,264.35,1541.8
2024-01-19,274.86,165.9,6834.5,16052.0,574.95,1457.0,690.3,6944.5,262.85,1582.0
2024-01-22,274.93,166.06,6840.0,16076.0,577.95,1444.6,695.5,6890.5,264.35,1619.4
2024-01-23,275.9,168.31,6799.5,16078.0,579.9,1431.0,695.4,6883.5,265.45,1604.4
2024-01-24,273.77,166.36,6795.0,16002.0,575.75,1447.6,691.1,6895.0,269.25,1614.0
2024-01-25,272.81,165.42,6809.0,15986.0,574.65,1435.8,689.3,6864.5,269.15,1609.0
2024-01-26,272.65,163.99,6901.0,16056.0,573.9,1423.6,693.5,6820.5,270.8,1602.0
2024-01-29,274.05,163.5,6943.0,16026.0,575.75,1435.8,694.1,6905.5,273.6,1629.8
2024-01-30,275.67,163.22,6994.0,16036.0,573.95,1434.2,692.2,7049.5,272.85,1683.8
2024-01-31,276.0,166.33,7090.5,15946.0,575.0,1439.0,703.5,7039.5,274.8,1664.0
2024-02-01,276.86,165.25,7093.5,15992.0,576.5,1445.6,704.4,7119.0,275.1,1672.0
2024-02-02,276.74,164.4,7114.0,15950.0,583.95,1443.4,706.9,7116.0,275.6,1627.8
2024-02-05,277.84,164.87,7137.5,15950.0,592.0,1494.0,709.0,7062.5,279.8,1621.2
2024-02-06,278.67,164.56,7163.0,15944.0,593.55,1477.4,710.3,7199.0,278.9,1603.4
2024-02-07,284.41,164.62,7265.0,15960.0,589.7,1469.8,715.0,7283.5,277.15,1591.2
2024-02-08,282.17,163.21,7231.5,15742.0,587.75,1438.4,709.6,7318.0,275.65,1558.0
2024-02-09,283.5,163.23,7238.5,15728.0,589.75,1425.0,712.1,7283.0,277.7,1587.0
2024-02-12,287.28,162.49,7280.0,15546.0,588.95,1408.8,711.6,7249.0,277.15,1589.0
2024-02-13,287.07,162.29,7269.0,15380.0,592.75,1422.0,712.1,7250.0,280.9,1609.8
2024-02-14,289.06,161.92,7220.5,15186.0,590.05,1411.8,707.7,7420.0,283.25,1608.4
2024-02-15,290.24,161.59,7282.5,15172.0,589.15,1409.0,709.3,7471.5,281.0,1613.2
2024-02-16,288.33,161.19,7224.5,15036.0,585.5,1409.6,707.8,7424.5,279.9,1603.0
2024-02-19,288.93,161.24,7188.0,14924.0,586.25,1388.2,703.5,7399.5,279.35,1604.0
2024-02-20,283.9,159.5,7081.0,14480.0,572.1,1379.2,694.3,7256.5,275.0,1565.4
2024-02-21,282.0,158.64,6990.5,14438.0,562.35,1358.8,688.1,7199.0,278.0,1568.2
2024-02-22,284.77,158.12,7021.5,14372.0,562.35,1337.4,694.3,7272.0,278.55,1581.6
2024-02-26,291.25,160.09,7164.0,14744.0,575.55,1351.6,702.5,7401.0,282.05,1615.0
2024-02-27,292.52,159.04,7141.5,14514.0,568.2,1375.2,696.7,7499.5,281.9,1634.4
2024-02-28,291.75,160.65,7261.5,14602.0,568.5,1346.4,705.0,7631.5,284.5,1634.8
2024-02-29,292.19,161.82,7378.0,14568.0,578.0,1349.6,718.8,7651.5,290.9,1651.6
2024-03-01,295.38,161.34,7463.5,14602.0,577.45,1348.0,717.3,7634.0,290.65,1671.2
2024-03-04,299.17,161.24,7511.5,15008.0,582.5,1337.8,732.5,7698.0,291.5,1670.8
2024-03-05,298.4,160.98,7499.5,14946.0,585.55,1343.2,730.4,7610.0,290.15,1679.2
2024-03-06,297.71,161.65,7483.0,15084.0,585.15,1385.0,743.3,7613.0,288.85,1685.4
2024-03-07,300.4,160.91,7513.0,15098.0,589.45,1389.6,749.3,7646.0,290.75,1704.2
2024-03-11,299.79,160.56,7554.5,15028.0,588.35,1396.0,753.7,7760.0,290.95,1720.0
2024-03-12,300.9,162.99,7536.5,15028.0,588.25,1417.8,753.2,7744.0,293.65,1726.2
2024-03-13,298.85,161.77,7426.0,14998.0,581.45,1406.6,746.6,7648.5,296.3,1735.2
2024-03-14,295.83,161.1,7370.0,15018.0,584.0,1399.8,749.2,7607.5,291.8,1705.4
2024-03-15,298.3,160.86,7380.0,15070.0,584.2,1400.0,725.7,7611.5,294.4,1721.8
2024-03-18,298.87,160.58,7344.0,14964.0,583.1,1404.6,714.9,7636.0,292.2,1731.8
2024-03-19,295.2,158.55,7333.5,14776.0,565.35,1370.8,702.7,7586.0,288.9,1719.0
2024-03-20,295.4,158.42,7438.5,14804.0,560.3,1369.6,695.7,7599.0,292.8,1741.0
2024-03-21,295.62,158.28,7417.5,14930.0,562.8,1360.8,703.7,7604.0,292.55,1796.4
2024-03-22,292.99,156.44,7303.0,14798.0,554.2,1346.0,694.5,7410.5,289.1,1774.2
2024-03-25,293.9,158.84,7438.0,15138.0,558.05,1365.4,689.0,7611.5,290.25,1832.8
2024-03-26,294.11,157.94,7419.0,15136.0,556.1,1316.8,692.8,7689.0,296.15,1846.0
2024-03-27,295.1,157.79,7493.0,15300.0,555.4,1304.6,689.4,7709.0,299.4,1883.8
2024-03-28,299.0,157.05,7481.0,15208.0,565.75,1318.4,687.9,7740.5,298.6,1861.4
2024-03-29,298.72,157.22,7551.0,15110.0,565.75,1312.6,694.3,7896.0,297.8,1877.8
2024-04-01,300.43,158.06,7665.0,15054.0,568.85,1316.6,711.5,7943.0,301.35,1857.4
2024-04-02,300.38,164.18,7654.0,,572.9,1283.2,709.3,7818.0,300.65,1865.8
2024-04-03,306.72,162.63,7686.5,,576.9,1287.0,707.2,7804.0,302.75,1857.6
2024-04-04,304.61,162.69,7727.5,,578.05,1297.4,710.8,7864.5,298.95,1824.8
2024-04-05,306.1,163.59,7662.5,,576.1,1283.8,709.1,7840.0,300.6,1818.0
2024-04-08,307.75,163.89,7767.0,152.96,574.5,1283.6,710.8,8000.0,303.4,1840.0
2024-04-09,306.76,164.08,7786.5,164.0,568.4,1274.0,706.1,7935.0,301.65,1859.0
2024-04-10,306.48,164.74,7825.0,163.3,573.2,1277.2,709.2,7918.0,303.15,1849.0
2024-04-11,306.95,166.24,7836.5,161.48,575.25,1283.2,708.9,7880.5,306.5,1832.8
2024-04-12,307.1,164.83,7839.5,164.8,576.15,1283.0,714.9,7991.5,304.9,1831.6
2024-04-15,307.99,163.33,7920.5,162.34,589.75,1301.0,736.5,8248.5,311.35,1835.2
2024-04-16,308.29,164.38,7897.0,158.92,589.1,1292.8,728.2,8232.0,319.8,1831.2
2024-04-17,306.59,164.62,7886.0,159.42,584.35,1283.8,722.6,8160.0,317.85,1860.0
2024-04-18,307.99,165.4,7840.0,158.62,579.15,1279.2,715.3,8078.5,316.7,1863.6
2024-04-19,307.38,167.03,7835.5,158.66,585.35,1276.2,716.4,8181.5,318.2,1864.4
2024-04-22,314.99,166.77,7827.5,159.3,583.15,1264.4,711.4,8204.0,319.85,1879.0
2024-04-23,307.39,163.7,7840.0,156.58,580.85,1249.8,719.6,8211.5,311.0,1856.6
2024-04-24,307.94,162.86,7820.5,155.82,576.3,1251.4,717.6,8153.0,309.15,1864.0
2024-04-25,308.41,163.35,7827.5,157.52,579.8,1239.6,722.2,8122.0,309.4,1873.0
2024-04-26,309.0,162.46,7929.5,156.54,581.3,1236.6,718.8,8310.0,310.05,1871.2
2024-04-27,308.98,164.06,8002.5,156.04,581.2,1229.0,720.5,8235.0,312.4,1887.6
2024-04-29,308.97,164.03,8152.0,155.16,583.15,1228.6,720.6,8324.0,311.5,1931.0
2024-04-30,308.24,163.22,8085.5,153.9,582.0,1235.2,718.3,8405.0,309.95,1927.6
2024-05-02,307.37,157.75,8104.5,154.48,582.3,1231.0,719.7,8283.0,309.85,1904.2
2024-05-03,307.53,155.2,8075.5,154.4,582.3,1231.6,718.4,8259.5,308.85,1915.4
2024-05-06,306.01,153.64,8026.5,155.8,579.05,1221.4,715.1,8209.5,308.1,1898.0
2024-05-07,308.22,154.16,7722.5,154.44,579.95,1239.2,718.0,8267.0,308.45,1919.2
2024-05-08,311.21,154.22,7714.0,153.82,578.5,1227.2,721.8,8247.0,310.7,1928.2
2024-05-10,313.49,154.58,7713.5,152.78,579.4,1229.2,728.9,8370.5,312.15,1960.0
2024-05-13,314.85,157.9,7689.0,152.04,589.45,1239.8,729.8,8313.0,313.1,1976.2
2024-05-14,318.12,156.16,7672.0,152.48,589.8,1227.2,731.2,8290.0,312.1,1967.2
2024-05-15,319.7,156.97,7655.5,152.68,599.2,1222.8,739.7,8444.0,313.05,1970.6
2024-05-16,322.91,157.88,7715.0,152.6,592.6,1224.8,751.9,8355.0,312.6,1972.6
2024-05-17,323.16,155.17,7854.5,156.3,591.95,1221.0,746.5,8230.0,311.3,1970.2
2024-05-20,321.08,145.03,7834.5,151.88,591.9,1195.4,733.4,8145.5,309.7,1951.4
2024-05-21,320.64,139.54,7848.0,148.92,594.6,1176.0,734.2,8199.5,308.0,1968.4
2024-05-22,322.93,139.25,7820.0,150.0,596.85,1184.4,745.8,8090.0,307.55,2006.0
2024-05-23,323.54,134.69,7841.5,154.06,593.15,1164.8,743.4,8082.0,306.45,1997.6
2024-05-24,321.0,133.34,7720.0,153.04,585.1,1120.4,732.1,8057.0,304.1,1990.8
2024-05-27,317.09,128.42,7541.5,149.8,578.25,1130.8,713.0,7872.0,301.5,1942.6
2024-05-28,318.22,128.47,7590.0,149.62,573.0,1113.2,710.8,7818.5,300.85,1887.6
2024-05-29,320.38,128.89,7684.0,152.0,575.65,1117.8,715.2,7874.5,299.05,1928.2
2024-05-30,316.63,124.93,7567.0,146.5,566.4,1085.0,702.8,7692.5,292.95,1848.6
2024-05-31,313.11,126.46,7355.5,139.98,556.65,1084.0,688.5,7072.0,282.95,1778.0
2024-06-03,310.95,124.14,7252.0,138.52,562.95,1073.6,685.5,6697.0,286.9,1840.2
2024-06-04,316.49,125.1,7426.0,140.8,568.95,1076.4,694.0,6828.5,296.7,1841.0
2024-06-05,314.72,124.02,7412.5,139.24,562.2,1057.8,691.6,6636.0,293.15,1833.8
2024-06-06,313.08,123.6,7398.0,141.8,566.3,1038.4,692.9,6692.0,293.1,1826.8
2024-06-07,319.9,122.78,7489.0,143.28,571.65,1034.4,695.7,6744.0,295.9,1841.4
2024-06-10,317.28,119.0,7315.0,139.14,563.25,1026.0,686.3,6580.0,289.95,1852.6
2024-06-11,317.8,117.53,7290.0,138.86,562.85,1078.0,693.2,6486.0,288.25,1832.2
2024-06-13,317.71,119.63,7178.5,139.18,555.5,1047.0,678.0,6491.0,290.9,1837.4
2024-06-14,319.35,121.65,7368.0,140.3,565.1,1089.6,695.3,6620.0,292.8,1836.4
2024-06-17,317.65,121.54,7203.0,138.54,566.7,1065.0,688.3,6619.5,289.8,1821.2
2024-06-18,314.34,118.02,7036.0,136.26,554.45,1033.2,679.8,6556.5,286.65,1555.6
2024-06-19,310.7,113.85,6885.0,134.0,536.0,1056.0,657.2,6579.0,284.0,1504.8
2024-06-20,314.15,115.92,7112.5,136.32,555.0,1054.8,688.0,6572.0,290.0,1579.2
2024-06-21,314.14,115.4,7084.0,134.0,550.05,1040.0,688.2,6457.0,286.0,1575.8
2024-06-24,317.25,113.67,7051.5,130.24,547.45,1043.2,681.1,6281.0,289.2,1547.6
2024-06-25,319.8,114.97,7204.0,131.18,558.5,1056.4,694.4,6390.0,292.5,1555.6
2024-06-26,324.55,117.0,7275.0,130.8,561.2,1056.4,701.5,6375.0,290.5,1542.0
2024-06-27,327.16,115.65,7227.0,129.32,559.8,1048.4,702.7,6340.5,292.0,1549.4
2024-06-28,327.15,115.94,7211.0,129.92,565.25,1091.8,699.9,6369.0,290.9,1549.8
2024-07-01,327.1,121.4,7326.0,132.5,576.9,1097.0,710.9,6558.0,296.45,1577.2
2024-07-02,328.37,126.2,7309.5,134.38,573.0,1134.6,710.4,6592.0,295.2,1569.8
2024-07-03,328.2,124.96,7230.5,132.66,573.9,1101.4,704.1,6530.0,292.2,1562.8
2024-07-04,324.66,122.17,7109.5,130.38,561.35,1088.2,699.1,6470.0,288.55,1522.2
2024-07-05,325.0,126.74,7201.0,134.34,555.85,1096.6,692.1,6435.0,289.9,1529.6
2024-07-08,324.07,127.74,7097.0,132.52,560.1,1082.6,695.3,6392.0,289.75,1523.2
2024-07-09,319.99,124.05,6941.0,129.14,524.6,1062.2,660.5,6136.0,280.2,1451.4
2024-07-10,316.68,117.81,6689.0,124.3,502.5,1013.0,635.1,5835.5,264.7,1393.6
2024-07-11,295.87,121.75,6969.5,126.1,526.7,1045.8,650.4,6241.5,276.4,1474.6
2024-07-12,292.21,119.65,6908.0,125.26,527.4,1024.8,653.9,6215.0,270.45,1471.6
2024-07-15,284.38,119.28,6827.0,122.76,508.0,1003.8,643.8,5890.0,260.6,1422.0
2024-07-16,285.25,124.74,6881.0,126.1,516.9,1021.6,648.5,5912.0,220.85,1448.0
2024-07-17,284.68,124.46,6814.0,125.26,510.45,1034.6,650.2,5790.0,222.7,1413.4
2024-07-18,289.83,129.81,6931.5,128.3,517.25,1074.0,661.7,6006.5,229.0,1471.8
2024-07-19,289.9,130.88,6913.0,128.5,524.15,1085.8,662.7,6113.0,238.25,1502.8
2024-07-22,294.71,131.61,7008.0,129.88,531.85,1102.4,663.2,6079.5,239.5,1460.0
2024-07-23,294.39,134.07,6973.0,128.08,530.55,1086.6,663.6,6039.5,239.95,1465.0
2024-07-24,295.69,136.73,6939.5,130.86,532.25,1085.8,667.5,5934.0,239.85,1448.0
2024-07-25,296.37,135.1,6902.5,129.56,532.45,1090.4,657.6,5902.5,237.8,1449.0
2024-07-26,293.3,135.0,6890.0,126.46,521.4,1067.2,650.3,5932.0,230.8,1443.6
2024-07-29,286.58,130.99,6727.5,125.2,503.2,1020.8,646.7,5757.5,225.1,1406.2
2024-07-30,290.0,132.4,6805.5,127.92,513.95,1048.6,641.6,5797.5,227.35,1421.0
2024-07-31,289.3,133.31,6759.5,130.16,515.95,1043.6,638.8,5750.5,229.95,1423.4
2024-08-01,287.21,132.05,6687.0,128.64,506.4,1029.0,630.9,5690.5,226.45,1411.0
2024-08-02,286.04,131.45,6591.0,128.0,504.8,1018.4,622.9,5639.0,225.0,1405.6
2024-08-05,275.49,127.25,6417.5,123.92,493.9,1005.2,608.8,5505.0,220.3,1373.4
2024-08-06,279.4,128.7,6447.0,124.88,496.15,1010.2,607.1,5482.0,222.25,1372.4
2024-08-07,282.2,129.84,6505.0,124.6,508.45,1012.0,623.6,5565.5,223.5,1390.0
2024-08-08,281.09,128.14,6410.5,122.88,503.2,1018.0,613.8,5464.5,223.2,1377.6
2024-08-09,281.44,128.64,6408.5,123.46,505.7,1015.0,610.0,5508.0,222.55,1383.6
2024-08-12,280.74,128.71,6448.5,125.7,501.7,1035.0,604.5,5510.5,222.55,1391.4
2024-08-13,283.92,130.49,6444.5,127.82,502.5,1055.0,609.1,5631.5,224.95,1402.0
2024-08-14,280.32,129.84,6385.0,125.76,495.8,1035.6,613.1,5559.0,222.5,1388.8
2024-08-15,278.01,127.6,6347.0,125.0,493.75,1029.0,608.5,5480.0,222.6,1382.0
2024-08-16,274.6,126.36,6239.5,125.88,489.7,1008.4,600.8,5371.0,218.7,1375.0
2024-08-19,268.17,126.29,6138.5,126.0,483.7,1019.8,591.6,5241.0,216.5,1342.8
2024-08-20,266.2,125.85,6147.5,124.18,481.5,1006.0,586.9,5244.0,212.8,1338.0
2024-08-21,266.93,123.38,6309.5,121.44,480.95,995.4,603.5,5211.0,207.15,1321.0
2024-08-22,261.6,118.51,6419.0,118.9,475.8,950.4,601.7,5088.5,195.0,1292.8
2024-08-23,259.5,116.81,6428.0,113.04,478.75,924.8,596.6,4948.5,195.35,1253.2
2024-08-26,265.39,126.8,6645.0,118.44,489.55,1011.2,607.8,5138.0,201.15,1318.6
2024-08-27,260.5,124.47,6526.5,112.9,477.5,986.4,611.6,4998.0,197.85,1275.2
2024-08-28,262.47,124.51,6389.0,112.1,479.05,978.8,604.1,4926.0,196.6,1275.4
2024-08-29,260.31,130.27,6324.0,111.34,482.95,997.8,599.0,4999.0,198.15,1268.2
2024-08-30,254.45,122.97,6145.0,108.58,475.85,977.2,590.0,4720.0,191.7,1225.0
2024-09-02,244.31,123.86,6115.0,103.12,455.05,958.0,565.0,4595.0,185.9,1172.0
2024-09-03,244.04,120.6,6184.0,104.02,468.85,952.6,564.1,4610.0,189.3,1176.2
2024-09-04,253.01,122.46,6265.0,106.72,477.75,966.8,583.4,4705.0,191.35,1235.6
2024-09-05,252.82,123.76,6272.0,104.88,477.15,949.2,581.2,4712.5,194.3,1236.0
2024-09-06,254.77,123.0,6332.0,107.04,479.1,964.4,588.9,4756.0,193.55,1244.0
2024-09-09,263.31,125.04,6520.0,108.1,493.8,994.6,610.5,4910.0,198.9,1313.0
2024-09-10,261.29,123.44,6435.0,105.96,482.35,986.0,595.8,4883.0,198.95,1254.2
2024-09-11,258.2,121.62,6413.5,103.6,477.75,964.2,590.7,4793.5,196.2,1201.2
2024-09-12,254.93,118.78,6448.0,101.5,488.45,956.0,593.4,4725.5,195.3,1208.4
2024-09-13,258.25,119.91,6624.5,102.62,498.0,968.6,607.3,4998.0,196.0,1233.8
2024-09-16,263.79,121.73,6820.5,106.44,516.3,985.0,621.2,5359.5,207.5,1265.0
2024-09-17,265.99,123.1,6803.0,106.82,517.95,993.6,635.4,5694.5,209.55,1294.4
2024-09-18,263.4,122.18,6745.5,106.22,510.25,984.8,626.8,5597.5,204.9,1272.0
2024-09-19,264.5,122.24,6811.0,111.2,512.55,997.4,624.2,5605.0,206.4,1273.8
2024-09-20,269.08,122.4,6897.5,109.42,528.15,1002.0,631.7,5919.5,204.8,1319.0
2024-09-23,273.17,130.35,6982.5,110.34,526.1,1001.4,641.1,5874.5,205.35,1309.6
2024-09-24,272.92,139.71,6954.5,115.22,522.1,1040.2,642.0,5848.0,209.6,1302.2
2024-09-25,267.8,135.44,6867.0,114.02,512.4,1023.8,640.0,5763.5,206.2,1287.8
2024-09-26,267.88,137.35,6890.0,115.48,512.7,1015.6,639.5,5789.5,206.8,1271.0
2024-09-27,268.07,140.5,6914.5,115.4,511.0,1025.6,644.0,5759.0,206.7,1288.4
2024-09-30,268.49,138.19,6874.0,113.04,507.4,1004.2,641.4,5667.0,206.6,1257.6
2024-10-01,266.29,136.21,6969.0,110.6,509.75,1007.8,646.6,5244.0,208.3,1272.0
2024-10-02,259.31,132.12,6816.5,107.84,499.95,980.2,649.7,5056.0,204.8,1247.8
2024-10-03,264.25,133.87,6956.0,106.46,500.0,993.6,649.0,5099.5,206.3,1241.8
2024-10-04,264.09,133.32,7009.0,106.96,501.9,999.8,659.1,5076.0,207.4,1236.0
2024-10-07,263.39,133.5,7055.0,106.22,503.5,993.6,661.9,5069.5,205.55,1221.0
2024-10-08,262.4,133.83,6973.5,106.4,501.8,985.8,622.6,4930.0,205.85,1239.0
2024-10-09,260.86,132.51,6883.5,103.82,495.85,976.8,613.2,4889.5,206.6,1224.0
2024-10-10,259.98,132.69,6857.0,103.48,497.75,985.6,618.8,4968.0,205.95,1228.2
2024-10-11,256.94,131.82,6837.0,101.56,492.15,957.8,614.3,4902.0,205.55,1221.0
2024-10-14,261.28,131.92,6931.5,105.5,496.0,969.4,610.6,4923.5,206.2,1248.4
2024-10-15,262.03,133.97,6991.0,108.5,498.4,974.2,608.6,5007.0,207.45,1242.4
2024-10-16,259.5,137.24,6980.0,106.82,496.45,970.6,603.1,4970.0,206.25,1243.2
2024-10-17,256.57,136.05,6931.5,104.2,486.95,958.6,593.0,4882.5,204.1,1191.0
2024-10-18,257.19,135.67,6963.0,104.26,487.8,956.6,595.8,4861.0,204.45,1192.2
2024-10-21,258.21,135.97,7020.0,106.14,484.7,958.4,595.2,4818.0,205.2,1189.8
2024-10-22,255.42,136.24,6950.0,105.82,479.0,960.6,592.9,4814.0,200.75,1192.4
2024-10-23,252.01,134.76,6920.0,104.16,469.0,928.8,587.0,4730.0,198.35,1172.0
2024-10-24,252.64,134.12,6958.5,105.12,469.75,922.0,586.6,4673.5,197.9,1173.8
2024-10-25,246.35,133.0,6750.5,101.34,456.1,903.4,572.4,4504.5,193.6,1144.2
2024-10-28,242.56,124.87,6733.5,96.1,434.75,868.4,542.4,4376.0,188.9,1102.8
2024-10-29,242.66,125.97,6837.0,99.74,442.35,865.4,547.2,4404.0,186.6,1126.4
2024-10-30,241.45,123.8,6792.0,97.54,439.05,862.0,538.3,4408.0,185.1,1107.0
2024-10-31,237.9,123.44,6794.5,99.0,434.1,843.8,536.0,4486.0,182.35,1085.6
2024-11-01,238.03,125.6,6844.5,99.16,444.35,854.6,536.0,4529.5,185.45,1103.2
2024-11-02,238.97,128.7,6842.0,100.8,457.0,868.0,550.5,4520.0,187.0,1113.0
2024-11-05,239.23,128.77,6873.0,104.2,460.5,867.2,548.4,4529.5,186.45,1127.8
2024-11-06,243.6,131.92,6996.5,105.9,466.85,895.2,567.6,4625.5,189.45,1158.6
2024-11-07,250.93,135.52,7132.0,109.42,475.5,923.2,578.0,4776.5,191.85,1174.0
2024-11-08,255.98,135.9,7172.0,111.58,481.5,944.8,595.5,4856.5,198.25,1209.8
2024-11-11,260.73,138.12,7022.5,112.64,490.6,944.6,592.0,4917.0,203.75,1272.4
2024-11-12,255.77,135.16,6990.0,113.5,482.05,927.8,592.5,4802.5,197.6,1228.0
2024-11-13,254.7,132.6,6925.0,112.98,480.35,902.4,583.2,4840.0,198.35,1211.0
2024-11-14,249.52,131.61,6932.5,111.68,473.3,893.8,569.9,4789.5,195.8,1202.0
2024-11-15,253.43,133.37,7021.0,115.16,480.1,917.8,576.1,4822.5,198.15,1235.0
2024-11-18,248.72,129.12,6955.5,114.46,471.95,898.8,562.4,4685.0,196.1,1199.8
2024-11-19,240.59,125.49,6842.0,111.0,459.7,875.0,545.2,4491.5,186.5,1152.2
2024-11-20,237.05,121.89,6798.5,108.28,449.25,847.8,536.9,4424.0,183.5,1120.0
2024-11-21,240.47,124.1,6938.5,109.32,458.95,864.8,543.5,4582.5,180.05,1117.8
2024-11-22,236.0,119.47,6940.0,108.52,459.9,822.8,541.9,4494.0,176.7,1130.4
2024-11-25,227.81,117.44,6886.5,103.94,453.65,822.8,515.3,4330.0,171.1,1101.4
2024-11-26,223.16,114.5,6869.5,104.08,450.8,807.8,506.0,4150.0,169.9,1072.0
2024-11-27,226.3,119.41,6896.5,110.96,474.15,828.0,519.0,4213.0,175.4,1096.8
2024-11-28,228.56,120.29,6905.5,110.08,474.85,816.6,534.3,4263.5,177.55,1095.8
2024-11-29,236.49,124.29,6860.5,112.96,478.0,835.6,544.9,4529.5,181.65,1123.2
2024-12-02,235.17,123.9,6810.0,114.1,489.3,846.2,548.5,4629.0,177.75,1142.8
2024-12-03,230.8,121.48,6771.0,110.4,490.5,824.0,538.5,4559.5,171.85,1100.0
2024-12-04,224.55,115.3,6720.5,104.2,473.1,800.0,521.6,4446.0,166.15,1058.0
2024-12-05,233.48,116.63,6841.0,108.16,488.2,830.4,547.5,4478.0,171.05,1081.6
2024-12-06,237.84,114.99,6860.0,107.8,485.3,833.2,558.9,4576.0,174.1,1097.4
2024-12-09,237.29,117.06,6973.0,106.86,491.05,829.2,566.2,4597.5,174.2,1125.8
2024-12-10,230.82,114.7,6894.0,103.6,484.6,811.6,564.9,4521.5,170.25,1098.8
2024-12-11,234.19,115.16,6895.5,104.1,488.75,810.0,574.1,4529.0,169.65,1103.2
2024-12-12,229.02,113.1,6862.5,100.3,485.45,791.2,557.8,4443.0,168.65,1083.0
2024-12-13,228.7,112.86,6800.0,99.9,483.65,790.2,571.6,4411.0,170.8,1091.2
2024-12-16,225.53,108.71,6779.5,95.9,477.4,767.2,550.0,4308.5,164.95,1054.4
2024-12-17,226.5,107.26,6290.5,94.98,480.65,771.6,556.2,4340.0,163.9,1016.4
2024-12-18,230.15,108.05,6375.0,95.66,487.7,784.8,569.3,4432.5,166.7,1033.8
2024-12-19,229.0,107.16,6294.0,95.7,506.15,814.4,563.9,4415.5,171.25,1043.6
2024-12-20,257.6,115.24,6725.0,105.08,559.6,894.0,599.9,4921.5,195.2,1163.0
2024-12-23,264.9,119.75,6919.0,105.0,569.9,944.0,636.0,4984.0,193.6,1148.2
2024-12-24,264.34,121.7,6833.0,104.96,572.7,915.4,625.3,4945.5,194.8,1135.8
2024-12-25,271.69,128.11,6987.5,108.0,581.95,929.4,629.2,5027.5,196.45,1161.8
2024-12-26,269.56,126.89,7003.0,109.66,579.1,949.8,630.9,5174.0,196.0,1174.4
2024-12-27,271.2,127.79,6990.5,111.04,591.0,949.2,635.8,5210.0,196.0,1186.2
2024-12-28,272.83,129.6,6998.0,113.8,596.0,951.8,652.4,5009.0,202.0,1232.2
2024-12-30,279.43,133.12,7235.0,115.5,606.05,996.0,688.9,5092.0,210.65,1337.4
2025-01-03,272.25,128.66,7122.0,112.68,596.1,963.8,668.7,5016.5,205.3,1288.6
2025-01-06,274.37,128.34,7088.0,113.42,588.45,965.0,666.2,4942.5,204.45,1296.6
2025-01-08,277.0,129.45,7089.0,114.0,593.45,976.6,654.7,4787.5,207.9,1283.0
2025-01-09,271.8,124.01,6947.5,111.8,574.8,930.8,633.9,4836.0,203.55,1228.0
2025-01-10,278.77,126.6,7022.5,116.26,562.95,969.0,653.5,4882.5,212.6,1292.2
2025-01-13,279.8,131.47,7010.5,118.38,545.5,1007.4,667.9,4660.0,210.9,1277.4
2025-01-14,279.85,132.99,7115.5,119.98,540.35,1009.0,667.9,4718.0,216.3,1281.6
2025-01-15,282.77,136.36,7178.5,119.46,547.6,1007.8,670.6,4754.5,219.1,1282.6
2025-01-16,281.8,135.33,7208.0,119.12,546.4,990.2,677.1,4716.5,219.0,1285.0
2025-01-17,283.53,138.76,7342.0,124.88,554.9,1006.0,673.6,4741.5,221.75,1326.8
2025-01-20,278.19,137.1,7194.0,123.4,537.7,974.4,676.0,4643.0,223.6,1295.4
2025-01-21,281.85,138.01,7239.5,124.56,542.1,998.8,681.0,4708.0,224.3,1290.0
2025-01-22,280.36,136.83,7215.0,123.74,540.0,1017.6,681.5,4694.5,223.3,1252.0
2025-01-23,280.49,137.84,7215.0,124.96,539.1,1024.2,686.4,4710.0,222.0,1258.6
2025-01-24,280.74,138.43,7199.5,124.14,535.85,1029.8,682.6,4664.5,225.35,1243.4
2025-01-27,275.23,134.26,7065.5,119.46,516.35,1003.4,667.5,4582.5,220.0,1225.4
2025-01-28,278.35,137.54,7160.0,121.2,534.85,1022.4,677.8,4671.0,221.75,1259.2
2025-01-29,280.36,137.05,7192.0,121.78,535.6,1046.0,679.0,4674.5,226.35,1252.6
2025-01-30,281.97,140.47,7166.0,122.76,534.85,1085.6,690.7,4710.0,231.7,1279.6
2025-01-31,280.73,140.84,7171.0,121.18,526.8,1082.0,683.9,4665.5,228.0,1211.8
2025-02-03,279.55,139.63,7170.0,118.3,519.2,1070.2,685.5,4625.5,228.9,1192.4
2025-02-04,277.4,136.84,7093.5,117.16,518.95,1062.2,686.7,4591.0,228.45,1175.0
2025-02-05,282.88,140.45,7171.0,120.4,522.05,1100.0,690.6,4678.0,230.0,1202.8
2025-02-06,287.15,141.98,7141.0,121.5,528.2,1101.4,695.8,4680.5,227.15,1196.8
2025-02-07,285.81,141.9,7148.0,122.28,530.25,1101.8,697.0,4662.0,225.0,1207.6
2025-02-10,289.94,142.46,7147.5,120.82,533.15,1132.6,700.3,4705.5,229.5,1205.4
2025-02-11,294.06,142.97,7271.0,121.12,538.9,1167.8,702.8,4902.0,236.5,1242.0
2025-02-12,314.0,154.6,7676.0,127.26,577.85,1277.2,737.0,5029.0,250.8,1313.6
2025-02-13,310.1,166.32,7534.0,128.1,573.3,1255.8,711.6,5055.5,250.05,1325.0
2025-02-14,309.87,168.1,7492.5,131.5,561.95,1218.8,716.9,4938.0,251.45,1307.6
2025-02-17,319.5,180.05,7784.5,138.2,585.2,1292.8,748.9,5199.0,253.85,1371.4
2025-02-18,312.95,171.2,7644.5,134.6,574.2,1254.6,737.5,5125.0,246.0,1313.4
2025-02-19,315.91,176.25,7714.5,138.52,575.95,1280.0,744.5,5195.0,251.3,1340.8
2025-02-20,315.05,173.0,7720.0,137.74,577.95,1308.4,745.3,5324.5,251.9,1345.2
2025-02-21,314.74,171.09,7709.5,137.18,572.55,1326.4,754.4,5340.0,253.8,1385.8
2025-02-24,316.03,177.16,7737.5,146.94,569.45,1342.8,752.8,5365.0,254.3,1442.2
2025-02-25,316.97,175.1,7729.0,143.04,582.8,1327.8,764.3,5384.5,253.05,1416.2
2025-02-26,310.22,169.26,7555.0,138.02,569.25,1266.8,737.3,5167.0,248.8,1363.6
2025-02-27,307.1,166.7,7497.0,134.34,552.85,1254.4,713.0,5005.0,241.45,1351.0
2025-02-28,309.63,170.87,7546.5,140.32,556.05,1285.2,732.4,4950.0,249.05,1350.2
2025-03-03,305.5,169.26,7341.5,135.92,539.0,1255.2,711.3,4909.0,239.3,1325.4
2025-03-04,316.4,173.92,7393.0,140.92,540.1,1319.0,714.7,5037.0,248.7,1370.0
2025-03-05,313.56,170.95,7241.0,136.98,530.5,1286.4,705.0,5015.5,245.55,1334.8
2025-03-06,315.18,172.93,7175.0,136.46,529.55,1269.6,700.5,5000.0,243.15,1370.0
2025-03-07,316.92,171.56,7225.0,135.7,528.8,1287.0,693.0,4936.5,242.0,1357.2
2025-03-10,317.57,171.09,7185.0,137.14,527.3,1285.0,683.6,4841.5,239.75,1340.0
2025-03-11,319.69,170.42,7248.5,135.72,527.35,1265.8,694.7,4900.0,240.8,1342.6
2025-03-12,318.39,168.29,7205.0,134.0,533.7,1255.0,694.1,4852.0,240.35,1330.2
2025-03-13,316.37,168.11,7130.0,131.9,528.15,1263.8,710.3,4830.0,244.7,1316.2
2025-03-14,320.51,170.45,7149.5,130.54,530.6,1276.2,715.8,4923.0,246.45,1301.0
2025-03-17,326.02,172.73,7222.5,134.06,539.55,1290.0,714.8,4977.5,247.6,1349.0
2025-03-18,324.06,168.52,7183.0,132.08,535.45,1302.2,705.0,4892.0,243.2,1336.2
2025-03-19,325.3,168.33,7221.0,132.04,535.9,1322.2,699.9,4873.5,242.75,1332.0
2025-03-20,324.05,168.09,7293.5,131.16,536.85,1316.0,688.6,4855.0,240.4,1322.8
2025-03-21,323.26,166.61,7346.5,129.8,534.6,1305.8,693.9,4814.0,239.1,1311.0
2025-03-24,319.47,164.56,7291.0,125.88,521.4,1283.4,686.6,4689.0,237.5,1259.8
2025-03-25,319.8,164.46,7265.0,129.58,521.7,1315.8,697.9,4677.5,238.65,1279.6
2025-03-26,315.23,161.85,7185.0,125.8,513.75,1286.8,684.5,4618.0,235.0,1245.8
2025-03-27,311.96,155.25,7108.5,122.98,502.4,1277.6,675.9,4520.0,231.0,1199.2
2025-03-28,308.04,145.43,7064.5,121.56,496.75,1240.2,687.6,4421.5,224.3,1153.2
2025-03-31,309.72,145.69,7026.5,123.3,490.5,1216.6,673.3,4417.5,227.2,1188.0
2025-04-01,303.24,137.5,6905.0,120.8,474.6,1160.4,653.5,4649.5,221.15,1137.0
2025-04-02,306.11,139.23,6978.0,120.1,477.9,1225.8,673.2,4736.5,222.15,1161.2
2025-04-03,302.09,134.54,6802.0,116.42,462.8,1223.8,649.4,4658.0,219.75,1122.2
2025-04-04,285.35,126.7,6445.5,110.9,441.3,1145.4,618.2,4415.5,209.05,1081.4
2025-04-07,287.56,125.57,6349.5,111.32,450.7,1112.6,636.3,4395.0,204.6,1053.4
2025-04-08,282.03,121.91,6283.5,106.8,429.0,1048.8,621.1,4345.0,202.1,992.8
2025-04-09,293.4,127.76,6507.0,116.08,446.0,1102.0,638.2,4518.0,216.05,1058.6
2025-04-10,292.46,127.77,6375.5,114.04,438.0,1062.0,655.8,4583.0,217.8,1022.4
2025-04-11,299.81,132.91,6508.0,117.1,450.9,1115.0,686.9,4567.5,219.8,1058.6
2025-04-14,296.5,132.05,6474.0,114.5,449.3,1115.6,686.4,4473.0,215.5,1035.0
2025-04-15,297.99,131.6,6466.0,112.2,452.05,1159.0,684.1,4481.5,215.5,1042.0
2025-04-16,300.8,132.0,6515.0,113.04,452.25,1190.2,685.9,4541.0,215.75,1041.4
2025-04-17,304.8,136.79,6719.0,115.56,478.7,1219.8,694.0,4550.0,217.15,1062.0
2025-04-18,300.01,134.77,6629.5,111.62,476.85,1193.0,693.4,4473.0,214.35,1022.4
2025-04-21,308.12,139.53,6732.5,113.92,482.0,1237.0,706.6,4512.5,216.8,1040.6
2025-04-22,312.25,145.0,6764.0,116.7,482.65,1244.8,703.5,4592.5,216.4,1093.0
2025-04-23,310.0,143.38,6743.0,114.44,471.4,1235.4,693.7,4536.0,215.95,1062.4
2025-04-24,310.16,144.29,6683.5,113.84,469.9,1249.0,690.5,4585.0,216.35,1071.4
2025-04-25,316.69,150.23,6856.5,117.7,480.0,1314.6,719.5,4630.0,218.9,1106.4
2025-04-28,314.23,153.27,6827.0,117.3,473.95,1266.2,725.4,4763.5,220.05,1081.2
2025-04-29,309.41,149.25,6725.0,113.62,457.95,1214.6,723.1,4467.0,217.35,1033.6
2025-04-30,307.8,149.89,6684.0,114.38,454.5,1186.8,714.9,4434.5,216.3,1054.0
2025-05-02,299.96,138.89,6504.0,109.0,435.7,1110.8,698.9,4309.5,209.1,1016.0
2025-05-05,294.64,135.09,6335.5,107.26,426.7,1077.8,680.0,4226.0,208.3,992.8
2025-05-06,302.02,137.71,6373.5,107.7,430.25,1124.8,685.0,4288.5,212.85,1007.8
2025-05-07,302.79,139.9,6458.5,108.86,438.0,1149.0,691.6,4325.0,215.4,1013.0
2025-05-08,302.15,142.9,6535.0,111.6,443.9,1160.0,696.8,4327.0,215.1,1015.0
2025-05-12,310.81,146.73,6775.0,114.48,456.4,1200.6,720.9,4416.0,220.65,1047.6
2025-05-13,311.24,145.64,6773.0,112.98,455.85,1197.2,715.8,4353.0,219.3,1046.6
2025-05-14,304.21,141.74,6699.5,110.6,438.8,1144.2,700.5,4288.0,215.65,1029.0
2025-05-15,304.72,139.44,6612.0,110.52,442.15,1148.4,695.7,4315.0,218.8,1031.2
2025-05-16,306.34,139.1,6605.0,110.6,439.85,1149.8,699.0,4264.5,216.55,1027.2
2025-05-19,308.33,139.72,6636.5,109.92,439.0,1157.2,703.9,4255.0,216.65,1025.4
2025-05-20,306.16,137.1,6584.0,107.82,432.3,1141.0,690.9,4238.5,219.9,1008.2
2025-05-21,303.98,136.5,6604.5,105.56,429.35,1143.8,691.4,4176.0,216.05,1002.6
2025-05-22,302.66,130.87,6528.0,105.02,423.85,1106.6,692.7,3922.0,217.15,996.0
2025-05-23,302.22,131.13,6550.0,103.68,420.7,1077.6,690.7,3877.5,214.5,982.2
2025-05-26,297.77,125.52,6440.0,100.04,413.9,1031.8,678.6,3750.5,210.1,947.6
2025-05-27,298.7,127.41,6486.0,101.34,413.65,1040.6,680.1,3744.0,213.0,951.8
2025-05-28,308.47,131.95,6686.0,107.2,428.15,1113.0,685.8,3780.0,217.1,988.8
2025-05-29,306.65,129.42,6680.5,104.84,424.95,1078.2,687.8,3755.0,214.0,985.8
2025-05-30,309.3,132.26,6749.0,106.42,427.15,1101.8,704.8,3788.0,216.95,1004.8
2025-06-02,309.63,129.87,6834.0,105.68,438.7,1113.4,656.5,3832.5,218.9,1008.2
2025-06-03,313.55,130.56,6473.0,110.4,444.15,1132.0,661.7,3925.5,227.9,1052.2
2025-06-04,313.23,129.58,6431.5,111.38,435.45,1105.0,656.7,3925.0,226.35,1052.2
2025-06-05,317.96,129.48,6453.0,109.82,437.9,1112.8,654.3,3948.0,231.9,1049.2
2025-06-06,313.13,125.56,6344.5,108.2,429.2,1069.4,639.1,3897.5,225.6,1016.8
2025-06-09,311.17,123.5,6249.0,110.7,425.75,1043.4,640.2,3759.0,224.05,987.2
2025-06-10,308.68,122.8,6195.5,106.24,411.15,1009.4,626.0,3706.5,222.7,983.2
2025-06-11,312.0,122.84,6173.5,106.8,415.4,1028.0,622.9,3694.0,223.95,987.0
2025-06-13,310.2,123.39,6380.0,105.5,444.4,1035.6,654.7,3697.5,223.9,982.4
2025-06-16,311.5,123.05,6269.0,104.42,436.15,1023.8,646.0,3669.5,225.55,989.2
2025-06-17,313.56,127.17,6408.0,107.52,456.95,1073.0,663.6,3694.5,226.05,1041.0
2025-06-18,313.38,126.67,6383.5,107.28,454.85,1061.8,660.8,3670.0,228.45,1021.2
2025-06-19,312.46,125.92,6336.0,106.72,455.6,1056.6,655.5,3676.0,229.05,1009.8
2025-06-20,309.7,124.27,6281.0,104.5,448.75,1040.8,651.5,3614.5,228.5,1009.8
2025-06-23,310.17,124.28,6242.0,103.9,440.0,1039.6,642.5,3566.0,227.2,993.6
2025-06-24,311.37,125.13,6208.5,104.98,436.8,1046.6,647.0,3576.0,234.95,996.6
2025-06-25,313.78,126.35,6236.5,107.18,435.05,1090.8,655.3,3620.5,235.6,1011.8
2025-06-26,312.84,126.69,6205.5,110.4,435.15,1078.0,653.0,3608.5,234.0,1013.2
2025-06-27,315.18,127.59,6274.0,111.58,438.75,1091.0,670.2,3600.0,234.5,1033.0
2025-06-30,316.15,129.89,6307.5,111.22,442.3,1097.6,670.1,3632.5,237.9,1055.6
2025-07-01,318.42,128.26,6306.0,110.48,439.75,1111.0,653.9,3719.5,236.45,1047.6
2025-07-02,319.43,127.11,6234.0,112.02,435.0,1093.8,646.3,3664.0,234.1,1042.0
2025-07-03,319.17,127.85,6138.0,109.4,427.3,1073.4,637.2,3637.0,228.5,1063.0
2025-07-04,319.44,127.83,6151.5,109.48,426.7,1050.2,642.0,3603.0,225.5,1040.0
2025-07-07,313.5,124.02,6110.5,106.4,426.6,1030.2,639.2,3615.5,193.8,1011.8
2025-07-08,309.71,121.03,6013.0,103.72,415.25,1016.4,621.2,3551.5,195.95,998.2
2025-07-09,310.09,119.67,5934.0,104.16,410.25,1032.8,614.2,3502.5,193.95,1010.2
2025-07-10,314.01,120.32,5932.5,104.42,413.2,1037.0,623.8,3491.0,197.0,1002.6
2025-07-11,309.88,116.24,5737.5,101.5,402.25,991.4,608.1,3395.0,193.65,983.6
2025-07-14,317.97,122.3,5933.0,109.26,422.25,1031.2,624.6,3501.0,194.4,1016.4
2025-07-15,319.99,121.63,5913.5,110.1,419.15,1046.8,628.1,3521.5,200.75,1030.4
2025-07-16,321.58,122.83,5943.0,110.04,422.0,1044.2,628.8,3580.0,202.15,1034.0
2025-07-17,327.05,120.8,5925.5,108.68,420.7,1034.0,632.9,3569.0,202.2,1020.2
2025-07-18,309.0,126.75,6114.5,115.36,414.35,1082.0,659.9,3621.5,208.65,1040.6
2025-07-21,310.4,128.34,6170.0,116.54,417.6,1091.6,660.9,3673.0,209.45,1042.6
2025-07-22,310.67,129.07,6196.5,119.5,419.6,1085.0,666.5,3709.5,210.0,1061.2
2025-07-23,313.08,129.2,6190.0,118.24,424.7,1071.4,671.6,3693.5,210.85,1040.0
2025-07-24,310.83,128.04,6169.0,118.26,422.5,1073.2,669.6,3671.0,211.05,1031.8
2025-07-25,308.93,126.5,6074.5,114.68,418.0,1052.8,664.0,3680.0,209.35,1008.6
2025-07-28,303.97,122.86,5981.5,117.0,415.05,1024.8,650.3,3585.5,206.75,1003.2
2025-07-29,305.26,122.69,6005.0,122.9,425.95,1028.0,644.2,3592.0,206.8,1001.4
2025-07-30,303.3,121.34,5925.5,119.46,419.4,1018.8,646.0,3563.5,205.35,993.0
2025-07-31,304.95,122.57,5922.0,120.86,419.65,1014.2,647.0,3525.5,209.75,998.2
2025-08-01,304.22,121.63,5910.5,120.12,416.85,1014.0,651.1,3527.5,208.0,996.4
2025-08-04,307.95,125.94,6097.5,120.68,429.1,1058.2,658.6,3599.0,208.2,1003.6
2025-08-05,307.38,125.98,6081.0,122.16,435.75,1058.6,668.7,3601.0,212.2,1013.8
2025-08-06,310.22,130.11,6170.0,123.7,438.4,1083.8,688.6,3616.5,213.0,1027.4
2025-08-07,313.43,134.24,6202.5,125.5,445.05,1138.0,703.0,3675.0,217.05,1039.2
2025-08-08,317.97,141.16,6320.0,128.3,455.2,1195.8,728.7,3745.5,221.95,1073.8
2025-08-11,317.82,140.0,6336.5,128.1,461.55,1222.0,721.2,3785.5,220.35,1129.0
2025-08-12,318.0,140.8,6385.0,128.2,461.5,1244.0,723.2,3765.5,221.8,1105.2
2025-08-13,317.51,139.39,6336.0,128.2,456.6,1241.2,712.5,3740.0,222.1,1092.0
2025-08-14,318.73,140.26,6387.0,131.46,474.75,1264.4,721.6,3801.5,222.75,1118.0
2025-08-15,319.4,142.53,6444.0,130.58,487.35,1278.8,725.4,3788.0,224.6,1120.2
2025-08-18,318.38,139.5,6420.0,129.88,475.2,1269.8,706.2,3777.5,225.1,1114.0
2025-08-19,316.5,137.81,6365.0,128.34,466.8,1250.6,698.3,3800.0,225.6,1116.4
2025-08-20,314.17,135.31,6311.5,125.72,463.25,1215.0,694.3,3764.5,226.25,1105.0
2025-08-21,309.98,131.13,6249.0,121.8,454.75,1164.0,681.2,3689.0,223.8,1065.0
2025-08-22,312.05,132.57,6326.0,122.94,456.35,1184.8,675.0,3706.5,224.9,1066.6
2025-08-25,311.42,132.38,6275.5,123.42,458.4,1171.2,665.5,3651.0,220.3,1068.0
2025-08-26,311.79,133.69,6280.0,122.96,461.65,1172.0,660.2,3660.5,224.0,1077.0
2025-08-27,312.78,135.51,6323.0,127.1,465.6,1225.2,653.7,3692.0,224.0,1100.2
2025-08-28,310.82,133.25,6273.5,124.32,456.15,1217.0,647.7,3677.0,219.9,1070.6
2025-08-29,310.04,135.88,6430.5,125.44,459.75,1238.4,651.3,3670.0,217.95,1061.0
2025-09-01,309.2,134.91,6370.0,123.2,461.1,1225.6,651.0,3520.0,218.45,1057.6
2025-09-02,308.44,132.18,6336.5,123.36,451.8,1220.0,647.0,3475.0,218.35,1046.8
2025-09-03,309.49,132.18,6393.0,124.88,447.95,1226.8,653.9,3489.0,220.0,1066.0
2025-09-04,308.74,130.8,6464.0,124.7,449.55,1226.6,655.4,3485.5,222.15,1064.6
2025-09-05,310.5,131.87,6472.0,126.0,459.4,1239.8,664.3,3531.5,224.5,1072.6
2025-09-08,312.83,133.48,6465.0,129.18,458.0,1237.4,658.7,3504.5,224.15,1080.2
2025-09-09,313.06,133.52,6484.5,130.2,467.7,1250.8,657.3,3509.0,223.5,1105.6
2025-09-10,309.76,130.73,6537.5,129.66,461.65,1231.0,650.1,3482.0,220.0,1081.8
2025-09-11,307.11,130.02,6626.5,129.44,464.55,1219.4,655.1,3481.0,219.9,1063.0
2025-09-12,303.5,125.44,6448.0,124.04,448.4,1201.0,645.5,3404.0,213.6,1052.4
2025-09-15,302.48,124.07,6420.0,123.56,440.8,1198.8,641.9,3329.5,211.75,1030.2
2025-09-16,301.8,122.58,6370.5,124.12,436.85,1207.2,631.7,3305.0,212.35,1019.2
2025-09-17,304.5,125.0,6380.0,126.3,441.0,1228.0,629.3,3299.5,214.15,1016.6
2025-09-18,301.68,122.77,6325.5,122.88,435.55,1207.2,620.4,3231.5,212.2,1016.8
2025-09-19,294.84,120.44,6239.0,119.28,428.9,1167.2,616.5,3196.5,208.1,980.8
2025-09-22,298.05,119.5,6268.5,121.8,431.45,1156.0,623.9,3164.0,208.45,988.0
2025-09-23,291.6,117.11,6140.0,119.34,421.9,1117.2,610.3,3163.5,207.5,965.2
2025-09-24,293.31,118.9,6189.0,123.7,427.7,1127.6,627.2,3422.0,209.25,974.4
2025-09-25,289.9,117.66,6123.0,120.56,422.2,1119.4,627.3,3251.5,205.95,967.0
2025-09-26,291.33,120.15,6228.0,122.78,424.25,1114.2,645.9,3209.5,207.8,977.8
2025-09-29,287.57,117.05,6093.0,125.96,416.9,1099.4,632.1,3125.0,207.55,960.6
2025-09-30,288.36,118.19,6082.5,123.88,411.4,1101.8,630.0,3087.0,205.05,943.2
2025-10-01,286.4,116.43,6048.5,121.1,406.8,1116.8,614.6,3041.5,204.35,922.2
2025-10-02,285.22,116.07,6026.5,121.4,408.0,1114.8,600.0,3052.0,202.5,928.8
2025-10-03,282.91,115.09,5914.0,120.08,404.4,1084.0,581.8,3005.0,201.0,907.8
2025-10-06,290.56,119.17,6110.0,124.02,411.65,1083.2,591.9,3024.0,202.75,932.8
2025-10-07,293.89,118.74,6134.0,125.96,411.95,1073.6,598.0,3073.0,208.65,948.2
2025-10-08,281.9,114.22,5952.0,121.86,403.85,1022.2,578.0,2979.0,204.7,907.2
2025-10-09,289.37,116.83,6096.0,128.68,417.6,1056.6,607.7,3041.0,205.2,927.0
2025-10-10,285.12,115.18,5964.0,125.64,406.5,1035.6,581.9,2996.0,201.2,904.8
2025-10-13,285.39,115.84,5950.0,129.04,402.8,1033.8,595.3,2933.0,200.65,905.0
2025-10-14,283.3,115.27,5888.0,126.56,401.35,1049.6,557.5,2901.5,200.2,885.0
2025-10-15,283.74,115.13,5835.0,125.22,400.85,1076.4,542.2,2880.0,200.25,874.8
2025-10-16,302.91,124.36,6185.0,134.34,423.75,1162.0,589.1,3040.0,210.3,929.0
2025-10-17,300.91,124.74,6312.5,131.52,418.0,1158.4,606.6,3065.0,211.3,939.2
2025-10-20,304.0,126.02,6374.0,133.54,421.0,1159.6,607.6,3063.0,210.5,928.8
2025-10-21,295.47,120.9,6266.0,128.0,411.95,1116.4,596.5,2986.5,206.95,914.0
2025-10-22,290.02,119.14,6052.0,127.3,401.95,1084.4,580.4,2955.0,206.4,905.0
2025-10-23,291.8,117.8,5761.0,127.36,389.85,1077.2,565.5,2945.0,205.45,895.2
2025-10-24,287.55,116.94,5636.0,126.18,389.8,1057.6,557.1,2916.0,200.65,875.8
2025-10-27,283.17,115.16,5237.0,118.5,370.15,1026.6,517.1,2810.0,199.0,850.8
2025-10-28,289.46,116.43,5461.0,122.6,376.5,1052.2,519.8,2838.0,200.3,864.4
2025-10-29,290.5,116.37,5387.5,125.3,377.95,1057.6,536.9,2825.0,201.65,853.2
2025-10-30,296.12,117.25,5508.0,126.7,387.5,1067.2,544.5,2926.5,204.6,878.0
2025-10-31,291.89,116.11,5443.0,123.94,382.45,1044.8,531.9,2871.0,202.55,853.4
2025-11-01,293.7,116.2,5475.0,125.12,384.8,1044.8,537.4,2872.5,202.95,855.2
2025-11-03,298.04,117.52,5580.0,127.0,394.2,1066.0,553.0,2908.5,204.7,862.4
2025-11-05,295.7,116.46,5490.5,125.02,389.4,1055.4,546.8,2866.0,204.5,859.4
2025-11-06,294.27,117.12,5453.5,124.74,389.95,1060.2,541.6,2869.5,203.1,852.6
2025-11-07,296.84,120.45,5324.0,126.52,394.85,1077.8,562.5,2867.5,205.75,864.4
2025-11-10,300.46,119.34,5140.5,126.56,389.45,1075.8,557.0,2880.0,205.6,870.2
2025-11-11,301.12,121.53,5156.5,126.82,390.15,1088.8,561.2,2887.0,204.75,892.6
2025-11-12,299.09,119.14,4918.0,124.7,383.9,1075.0,550.3,2851.0,204.0,886.2
2025-11-13,299.09,119.28,4954.5,125.38,383.15,1086.4,549.0,2870.0,204.6,875.4
2025-11-14,297.44,118.16,5114.5,123.9,382.2,1077.4,547.3,2848.5,204.4,861.6
2025-11-17,294.68,118.14,4886.0,123.02,379.8,1049.6,544.5,2814.5,203.45,851.2
2025-11-18,299.44,121.06,5058.5,127.0,387.25,1073.0,564.9,2843.5,205.45,876.0
2025-11-19,304.75,124.0,5275.0,129.8,402.6,1117.8,598.3,2877.5,209.65,913.0
2025-11-20,307.89,128.11,5470.0,133.38,412.95,1162.0,628.8,2942.5,213.4,942.2
2025-11-21,306.7,127.06,5503.0,132.62,407.95,1159.4,626.0,2913.5,210.7,931.6
2025-11-24,305.87,126.0,5505.0,129.8,409.55,1147.0,601.0,2905.5,208.95,918.0
2025-11-25,306.6,127.6,5520.0,132.34,410.2,1158.8,600.4,2982.0,211.55,937.8
2025-11-26,304.96,126.6,5471.0,131.36,407.4,1145.4,592.8,2971.0,212.2,926.2
2025-11-27,299.53,124.06,5409.5,127.86,400.7,1119.2,576.6,2900.5,209.85,919.0
2025-11-28,304.17,127.7,5531.5,130.96,405.0,1166.4,602.5,2942.0,212.3,938.2
2025-12-01,305.2,127.8,5529.5,131.1,406.3,1183.0,595.4,2897.5,215.0,944.4
2025-12-02,303.77,127.02,5504.5,130.96,404.25,1178.0,598.4,2900.0,216.55,936.2
2025-12-03,302.85,125.01,5449.0,129.96,399.8,1149.2,588.4,2881.0,212.3,923.4
2025-12-04,301.76,125.32,5443.5,128.94,400.0,1153.6,588.3,2879.0,213.25,932.0
2025-12-05,307.22,128.67,5555.0,134.02,410.0,1194.4,605.8,2907.0,214.8,945.2
2025-12-08,304.95,127.12,5526.5,133.02,403.0,1171.6,590.3,3052.0,211.85,938.2
2025-12-09,306.39,129.28,5556.0,137.8,408.05,1199.6,598.4,3035.0,213.8,952.8
2025-12-10,306.73,128.32,5550.0,136.9,407.6,1194.8,597.3,3149.5,214.05,949.2
2025-12-11,307.19,130.3,5705.5,136.36,411.65,1223.0,607.0,3097.5,215.7,960.8
2025-12-12,303.86,127.44,5643.5,136.78,402.25,1196.4,597.1,3057.0,212.05,953.6
2025-12-15,305.08,129.12,5697.0,139.0,409.65,1216.0,608.7,3102.5,217.6,967.4
2025-12-16,304.78,130.51,5742.5,140.48,413.0,1224.4,608.3,3113.5,217.9,987.0
2025-12-17,303.5,129.11,5730.5,140.44,411.45,1215.8,604.2,3211.0,218.25,983.8
2025-12-18,301.96,128.76,5888.0,142.68,409.25,1206.0,589.0,3211.0,216.4,992.4
2025-12-19,299.87,127.46,5897.5,142.2,410.0,1205.0,585.9,3161.0,215.5,994.2
2025-12-22,297.72,124.6,5810.0,143.42,406.25,1154.6,575.1,3083.5,213.7,971.0
2025-12-23,300.65,125.32,5744.5,148.08,404.95,1165.0,576.5,3076.5,213.05,973.2
2025-12-24,302.03,125.04,5677.5,145.72,405.75,1161.2,572.9,3036.5,211.75,965.8
2025-12-25,300.26,124.2,5673.5,147.16,402.8,1153.8,568.8,3001.0,210.55,964.2
2025-12-26,302.51,127.37,5790.0,152.0,408.5,1198.2,584.3,3042.5,212.25,980.0
2025-12-29,299.7,125.29,5832.5,148.7,408.65,1187.0,572.3,3017.0,212.35,967.6
2025-12-30,299.9,125.36,5908.5,149.46,409.0,1188.0,580.7,3012.0,213.9,962.2
