TRADEDATE,ZCYC_0.25y,ZCYC_0.5y,ZCYC_0.75y,ZCYC_1.0y,ZCYC_2.0y,ZCYC_3.0y,ZCYC_5.0y,ZCYC_7.0y,ZCYC_10.0y,ZCYC_15.0y,ZCYC_20.0y,ZCYC_30.0y
2021-01-01,,,,,,,,,,,,
2021-01-04,4.03,4.09,4.14,4.2,4.5,4.87,5.44,5.84,6.25,6.65,6.87,7.08
2021-01-05,3.98,4.04,4.11,4.18,4.48,4.82,5.38,5.8,6.22,6.62,6.84,7.06
2021-01-06,3.85,3.95,4.04,4.11,4.42,4.79,5.4,5.83,6.24,6.62,6.82,7.03
2021-01-07,,,,,,,,,,,,
2021-01-08,3.78,3.88,3.99,4.08,4.46,4.84,5.45,5.85,6.24,6.59,6.76,6.92
2021-01-11,4.17,4.19,4.22,4.26,4.56,4.92,5.52,5.93,6.34,6.7,6.89,7.07
2021-01-12,4.21,4.23,4.26,4.31,4.59,4.94,5.53,5.93,6.33,6.68,6.87,7.05
2021-01-13,4.16,4.18,4.23,4.29,4.63,4.99,5.58,5.99,6.38,6.73,6.91,7.07
2021-01-14,4.2,4.23,4.29,4.35,4.67,5.01,5.58,5.98,6.39,6.76,6.95,7.13
2021-01-15,4.17,4.22,4.28,4.36,4.73,5.09,5.67,6.07,6.47,6.85,7.04,7.22
2021-01-18,4.17,4.22,4.28,4.36,4.71,5.09,5.69,6.1,6.5,6.86,7.05,7.22
2021-01-19,4.15,4.21,4.27,4.35,4.7,5.06,5.64,6.06,6.47,6.84,7.04,7.23
2021-01-20,4.09,4.15,4.23,4.31,4.7,5.08,5.67,6.07,6.46,6.82,7.01,7.17
2021-01-21,4.13,4.16,4.21,4.29,4.68,5.08,5.71,6.11,6.5,6.84,7.02,7.18
2021-01-22,4.12,4.16,4.22,4.3,4.72,5.16,5.81,6.23,6.63,6.98,7.15,7.29
2021-01-25,4.12,4.17,4.24,4.33,4.75,5.18,5.82,6.22,6.6,6.94,7.12,7.27
2021-01-26,4.13,4.17,4.24,4.32,4.71,5.12,5.76,6.18,6.57,6.92,7.09,7.24
2021-01-27,4.19,4.22,4.28,4.35,4.75,5.16,5.81,6.23,6.62,6.95,7.11,7.26
2021-01-28,4.26,4.28,4.32,4.39,4.76,5.16,5.79,6.22,6.61,6.97,7.14,7.3
2021-01-29,4.22,4.24,4.28,4.35,4.74,5.15,5.78,6.2,6.59,6.93,7.11,7.26
2021-02-01,4.25,4.26,4.3,4.36,4.73,5.14,5.77,6.18,6.58,6.92,7.09,7.24
2021-02-02,4.24,4.26,4.31,4.38,4.75,5.14,5.78,6.22,6.63,7.0,7.19,7.35
2021-02-03,4.16,4.2,4.27,4.36,4.77,5.18,5.82,6.25,6.67,7.04,7.22,7.39
2021-02-04,4.19,4.23,4.3,4.38,4.77,5.16,5.78,6.21,6.65,7.04,7.23,7.41
2021-02-05,4.16,4.21,4.28,4.36,4.73,5.11,5.7,6.13,6.55,6.93,7.13,7.32
2021-02-08,4.21,4.24,4.29,4.36,4.73,5.11,5.71,6.13,6.55,6.91,7.09,7.26
2021-02-09,4.29,4.29,4.33,4.39,4.74,5.14,5.78,6.21,6.61,6.96,7.12,7.28
2021-02-10,4.3,4.31,4.36,4.42,4.8,5.2,5.81,6.22,6.63,7.0,7.17,7.33
2021-02-11,4.39,4.4,4.44,4.5,4.86,5.26,5.88,6.31,6.72,7.07,7.24,7.4
2021-02-12,4.45,4.48,4.53,4.61,4.99,5.38,5.99,6.4,6.79,7.13,7.3,7.45
2021-02-15,4.51,4.53,4.58,4.65,5.03,5.44,6.08,6.5,6.88,7.2,7.36,7.51
2021-02-16,4.5,4.55,4.62,4.69,5.08,5.5,6.16,6.58,6.96,7.29,7.45,7.61
2021-02-17,4.62,4.65,4.71,4.78,5.16,5.58,6.22,6.61,6.97,7.27,7.41,7.56
2021-02-18,4.57,4.6,4.65,4.72,5.09,5.5,6.13,6.53,6.89,7.19,7.33,7.46
2021-02-19,4.58,4.61,4.66,4.73,5.12,5.55,6.21,6.6,6.95,7.24,7.38,7.52
2021-02-22,4.51,4.52,4.57,4.65,5.08,5.55,6.22,6.62,6.96,7.23,7.37,7.5
2021-02-23,,,,,,,,,,,,
2021-02-24,4.6,4.63,4.68,4.75,5.13,5.55,6.2,6.6,6.95,7.23,7.37,7.51
2021-02-25,4.59,4.62,4.68,4.76,5.21,5.66,6.32,6.7,7.01,7.27,7.4,7.54
2021-02-26,4.58,4.6,4.66,4.74,5.21,5.72,6.4,6.76,7.06,7.3,7.42,7.54
2021-03-01,4.56,4.56,4.61,4.7,5.19,5.69,6.36,6.73,7.02,7.25,7.36,7.46
2021-03-02,4.64,4.62,4.66,4.74,5.23,5.73,6.35,6.68,6.94,7.17,7.29,7.41
2021-03-03,4.64,4.61,4.65,4.72,5.17,5.64,6.26,6.6,6.87,7.08,7.19,7.31
2021-03-04,4.64,4.61,4.64,4.72,5.18,5.65,6.25,6.55,6.8,7.0,7.1,7.2
2021-03-05,4.66,4.63,4.67,4.74,5.21,5.7,6.32,6.64,6.89,7.1,7.19,7.29
2021-03-08,,,,,,,,,,,,
2021-03-09,4.63,4.61,4.65,4.73,5.23,5.72,6.34,6.66,6.91,7.11,7.21,7.3
2021-03-10,4.65,4.64,4.69,4.78,5.3,5.8,6.42,6.73,6.97,7.17,7.27,7.38
2021-03-11,4.76,4.73,4.78,4.87,5.4,5.88,6.46,6.74,6.98,7.17,7.27,7.36
2021-03-12,4.74,4.73,4.79,4.9,5.44,5.92,6.49,6.78,7.02,7.21,7.3,7.39
2021-03-15,4.87,4.86,4.91,5.01,5.52,5.98,6.54,6.82,7.04,7.22,7.31,7.4
2021-03-16,4.85,4.85,4.92,5.02,5.53,5.98,6.53,6.82,7.03,7.2,7.28,7.36
2021-03-17,4.83,4.86,4.94,5.05,5.58,6.03,6.6,6.89,7.11,7.27,7.36,7.44
2021-03-18,4.95,4.98,5.06,5.16,5.64,6.08,6.66,6.98,7.2,7.37,7.46,7.55
2021-03-19,4.96,4.99,5.06,5.16,5.66,6.13,6.75,7.06,7.25,7.39,7.47,7.57
2021-03-22,5.05,5.08,5.15,5.26,5.77,6.21,6.79,7.09,7.3,7.46,7.54,7.63
2021-03-23,5.11,5.16,5.26,5.38,5.93,6.4,6.97,7.23,7.39,7.51,7.58,7.67
2021-03-24,5.03,5.09,5.2,5.33,5.89,6.35,6.92,7.2,7.38,7.5,7.56,7.64
2021-03-25,4.94,5.0,5.1,5.23,5.8,6.27,6.84,7.11,7.28,7.4,7.47,7.56
2021-03-26,4.79,4.86,4.99,5.13,5.74,6.18,6.72,6.98,7.16,7.3,7.37,7.45
2021-03-29,4.74,4.82,4.94,5.09,5.7,6.17,6.72,6.99,7.16,7.29,7.35,7.43
2021-03-30,4.76,4.85,4.99,5.15,5.78,6.24,6.8,7.09,7.29,7.42,7.48,7.56
2021-03-31,4.77,4.86,4.99,5.14,5.73,6.18,6.74,7.03,7.23,7.38,7.45,7.53
2021-04-01,4.75,4.84,4.98,5.14,5.75,6.22,6.8,7.08,7.27,7.4,7.47,7.55
2021-04-02,4.8,4.88,5.01,5.15,5.75,6.21,6.79,7.08,7.27,7.39,7.46,7.55
2021-04-05,4.83,4.9,5.01,5.14,5.71,6.18,6.78,7.08,7.27,7.4,7.47,7.57
2021-04-06,4.78,4.87,5.0,5.15,5.79,6.32,6.94,7.22,7.38,7.48,7.55,7.64
2021-04-07,4.8,4.9,5.05,5.22,5.87,6.38,6.97,7.25,7.43,7.55,7.62,7.72
2021-04-08,4.79,4.91,5.07,5.25,5.91,6.41,7.0,7.28,7.44,7.54,7.6,7.68
2021-04-09,4.75,4.91,5.09,5.28,5.93,6.43,7.0,7.28,7.46,7.59,7.66,7.75
2021-04-12,4.82,4.97,5.14,5.31,5.93,6.4,6.96,7.23,7.42,7.55,7.61,7.69
2021-04-13,4.82,4.94,5.09,5.25,5.86,6.36,6.96,7.23,7.4,7.51,7.58,7.68
2021-04-14,4.8,4.91,5.05,5.2,5.78,6.22,6.77,7.04,7.23,7.36,7.42,7.5
2021-04-15,4.93,5.0,5.11,5.23,5.75,6.21,6.81,7.11,7.27,7.38,7.45,7.54
2021-04-16,4.85,4.92,5.02,5.14,5.66,6.11,6.7,7.0,7.19,7.31,7.38,7.47
2021-04-19,4.87,4.95,5.06,5.18,5.69,6.15,6.77,7.08,7.26,7.39,7.46,7.55
2021-04-20,4.93,4.99,5.09,5.21,5.72,6.19,6.81,7.12,7.27,7.36,7.43,7.53
2021-04-21,4.95,5.0,5.09,5.19,5.68,6.14,6.75,7.05,7.24,7.36,7.43,7.53
2021-04-22,5.08,5.11,5.18,5.27,5.71,6.12,6.68,6.98,7.16,7.29,7.36,7.46
2021-04-23,5.2,5.26,5.34,5.42,5.8,6.16,6.67,6.96,7.16,7.31,7.39,7.48
2021-04-26,5.2,5.27,5.36,5.46,5.84,6.17,6.65,6.93,7.13,7.27,7.34,7.43
2021-04-27,5.16,5.26,5.37,5.47,5.86,6.19,6.67,6.96,7.18,7.33,7.41,7.5
2021-04-28,5.12,5.22,5.32,5.43,5.85,6.21,6.69,6.98,7.21,7.37,7.44,7.52
2021-04-29,5.06,5.17,5.29,5.4,5.83,6.18,6.67,6.96,7.21,7.39,7.46,7.55
2021-04-30,5.01,5.15,5.28,5.41,5.83,6.18,6.67,6.97,7.21,7.39,7.48,7.56
2021-05-03,,,,,,,,,,,,
2021-05-04,5.04,5.17,5.3,5.42,5.83,6.17,6.64,6.92,7.17,7.35,7.44,7.52
2021-05-05,5.02,5.17,5.31,5.44,5.86,6.18,6.64,6.92,7.17,7.36,7.44,7.53
2021-05-06,5.07,5.21,5.34,5.47,5.88,6.19,6.62,6.9,7.16,7.36,7.45,7.54
2021-05-07,5.09,5.23,5.35,5.47,5.88,6.19,6.61,6.89,7.15,7.35,7.44,7.54
2021-05-10,5.02,5.17,5.31,5.44,5.87,6.18,6.62,6.9,7.14,7.33,7.41,7.49
2021-05-11,5.15,5.28,5.4,5.51,5.9,6.21,6.66,6.95,7.21,7.4,7.48,7.58
2021-05-12,5.26,5.36,5.46,5.56,5.92,6.23,6.69,7.0,7.27,7.48,7.57,7.68
2021-05-13,5.23,5.35,5.46,5.57,5.95,6.27,6.74,7.04,7.3,7.48,7.57,7.67
2021-05-14,5.21,5.33,5.44,5.55,5.92,6.24,6.7,7.0,7.25,7.44,7.54,7.64
2021-05-17,5.24,5.36,5.47,5.58,5.95,6.26,6.72,7.01,7.25,7.44,7.53,7.63
2021-05-18,5.23,5.37,5.49,5.6,5.96,6.26,6.71,7.0,7.25,7.45,7.54,7.64
2021-05-19,5.22,5.36,5.48,5.59,5.96,6.28,6.75,7.03,7.27,7.46,7.55,7.65
2021-05-20,5.21,5.35,5.48,5.6,5.98,6.28,6.71,6.98,7.23,7.43,7.53,7.62
2021-05-21,5.23,5.36,5.48,5.59,5.98,6.28,6.7,6.98,7.24,7.45,7.54,7.63
2021-05-24,5.22,5.36,5.49,5.61,5.99,6.29,6.72,7.01,7.26,7.44,7.52,7.62
2021-05-25,5.27,5.39,5.51,5.61,5.98,6.28,6.73,7.02,7.28,7.47,7.56,7.66
2021-05-26,5.3,5.41,5.52,5.62,5.99,6.28,6.71,7.0,7.25,7.43,7.51,7.62
2021-05-27,5.45,5.56,5.67,5.76,6.08,6.34,6.74,7.0,7.23,7.41,7.5,7.6
2021-05-28,5.5,5.65,5.77,5.86,6.1,6.33,6.73,7.0,7.24,7.43,7.52,7.6
2021-05-31,5.52,5.66,5.77,5.86,6.13,6.37,6.76,7.02,7.25,7.43,7.51,7.6
2021-06-01,5.67,5.78,5.88,5.95,6.16,6.39,6.77,7.03,7.26,7.44,7.53,7.62
2021-06-02,5.64,5.76,5.87,5.95,6.18,6.42,6.8,7.05,7.26,7.43,7.52,7.6
2021-06-03,5.67,5.79,5.9,5.98,6.23,6.46,6.82,7.06,7.26,7.43,7.52,7.61
2021-06-04,5.75,5.85,5.94,6.02,6.29,6.53,6.87,7.09,7.29,7.44,7.52,7.6
2021-06-07,5.73,5.87,5.99,6.08,6.35,6.58,6.91,7.12,7.3,7.44,7.51,7.57
2021-06-08,5.73,5.88,6.01,6.1,6.38,6.63,6.98,7.2,7.37,7.5,7.56,7.62
2021-06-09,5.77,5.9,6.02,6.11,6.4,6.65,6.98,7.19,7.37,7.51,7.58,7.65
2021-06-10,5.76,5.91,6.04,6.14,6.44,6.65,6.95,7.13,7.29,7.41,7.46,7.51
2021-06-11,5.81,5.92,6.02,6.1,6.38,6.6,6.89,7.07,7.23,7.36,7.42,7.49
2021-06-14,5.82,5.95,6.05,6.13,6.39,6.6,6.88,7.05,7.24,7.38,7.45,7.52
2021-06-15,5.93,6.03,6.12,6.2,6.47,6.68,6.96,7.13,7.29,7.43,7.49,7.56
2021-06-16,5.83,5.97,6.1,6.22,6.57,6.78,7.01,7.13,7.26,7.37,7.42,7.46
2021-06-17,5.82,5.99,6.13,6.25,6.59,6.78,6.97,7.08,7.21,7.3,7.34,7.37
2021-06-18,5.77,5.94,6.09,6.22,6.55,6.74,6.92,7.03,7.16,7.24,7.26,7.28
2021-06-21,5.77,5.95,6.1,6.23,6.59,6.78,6.95,7.05,7.16,7.24,7.27,7.29
2021-06-22,5.75,5.91,6.06,6.19,6.57,6.77,6.96,7.07,7.21,7.29,7.32,7.34
2021-06-23,5.75,5.91,6.06,6.18,6.54,6.73,6.93,7.04,7.17,7.25,7.28,7.31
2021-06-24,5.73,5.9,6.05,6.19,6.55,6.75,6.93,7.03,7.14,7.22,7.25,7.27
2021-06-25,5.73,5.89,6.03,6.16,6.54,6.74,6.94,7.05,7.15,7.23,7.26,7.28
2021-06-28,5.78,5.96,6.11,6.25,6.65,6.84,7.01,7.08,7.17,7.25,7.28,7.31
2021-06-29,5.78,5.97,6.13,6.28,6.72,6.92,7.08,7.15,7.23,7.28,7.31,7.33
2021-06-30,5.77,5.96,6.12,6.28,6.72,6.92,7.06,7.12,7.2,7.26,7.28,7.3
2021-07-01,5.71,5.91,6.09,6.25,6.72,6.93,7.08,7.14,7.21,7.27,7.3,7.33
2021-07-02,5.78,6.03,6.23,6.4,6.81,6.97,7.07,7.11,7.18,7.25,7.28,7.3
2021-07-05,5.87,6.09,6.26,6.41,6.77,6.93,7.05,7.12,7.19,7.25,7.27,7.29
2021-07-06,5.83,6.03,6.21,6.35,6.74,6.93,7.08,7.13,7.2,7.25,7.27,7.29
2021-07-07,5.86,6.06,6.23,6.37,6.76,6.94,7.08,7.13,7.2,7.25,7.28,7.3
2021-07-08,5.91,6.12,6.29,6.44,6.83,7.0,7.12,7.16,7.22,7.27,7.3,7.31
2021-07-09,5.93,6.14,6.31,6.44,6.78,6.95,7.09,7.15,7.21,7.26,7.28,7.29
2021-07-12,6.09,6.3,6.46,6.58,6.84,6.97,7.1,7.16,7.22,7.27,7.28,7.28
2021-07-13,6.06,6.26,6.41,6.54,6.85,6.99,7.09,7.15,7.24,7.31,7.34,7.35
2021-07-14,6.09,6.29,6.44,6.56,6.85,6.98,7.09,7.16,7.24,7.3,7.32,7.32
2021-07-15,6.14,6.3,6.44,6.55,6.83,6.95,7.07,7.15,7.23,7.3,7.33,7.34
2021-07-16,6.18,6.32,6.45,6.55,6.8,6.92,7.05,7.14,7.24,7.32,7.34,7.36
2021-07-19,6.17,6.33,6.46,6.57,6.8,6.91,7.06,7.17,7.28,7.34,7.36,7.36
2021-07-20,6.23,6.36,6.47,6.56,6.79,6.87,6.99,7.1,7.22,7.31,7.34,7.35
2021-07-21,6.25,6.36,6.46,6.54,6.73,6.8,6.92,7.04,7.16,7.25,7.28,7.3
2021-07-22,6.21,6.33,6.43,6.51,6.67,6.74,6.85,6.96,7.07,7.15,7.17,7.18
2021-07-23,6.35,6.44,6.51,6.58,6.73,6.77,6.85,6.94,7.04,7.11,7.14,7.15
2021-07-26,6.35,6.43,6.51,6.58,6.74,6.8,6.86,6.92,7.02,7.11,7.13,7.13
2021-07-27,6.46,6.51,6.55,6.59,6.71,6.75,6.82,6.88,6.98,7.09,7.13,7.15
2021-07-28,6.39,6.45,6.5,6.55,6.7,6.74,6.8,6.87,6.97,7.07,7.12,7.15
2021-07-29,6.43,6.48,6.53,6.58,6.71,6.76,6.81,6.86,6.96,7.07,7.12,7.15
2021-07-30,6.49,6.52,6.56,6.59,6.7,6.74,6.79,6.84,6.93,7.03,7.08,7.12
2021-08-02,6.48,6.53,6.57,6.61,6.74,6.78,6.82,6.87,6.97,7.09,7.16,7.22
2021-08-03,6.47,6.53,6.58,6.63,6.75,6.78,6.83,6.88,6.99,7.13,7.2,7.26
2021-08-04,6.5,6.54,6.58,6.62,6.73,6.78,6.84,6.91,7.03,7.16,7.24,7.3
2021-08-05,6.49,6.54,6.58,6.62,6.71,6.76,6.83,6.9,7.02,7.15,7.23,7.3
2021-08-06,6.49,6.54,6.6,6.65,6.76,6.79,6.85,6.92,7.04,7.18,7.27,7.36
2021-08-09,6.5,6.54,6.58,6.63,6.75,6.81,6.88,6.96,7.08,7.23,7.33,7.42
2021-08-10,6.5,6.55,6.6,6.65,6.8,6.85,6.91,6.96,7.08,7.24,7.34,7.44
2021-08-11,6.51,6.56,6.6,6.65,6.77,6.83,6.9,6.98,7.1,7.26,7.37,7.47
2021-08-12,6.49,6.54,6.6,6.65,6.8,6.86,6.91,6.98,7.1,7.25,7.36,7.46
2021-08-13,6.48,6.53,6.58,6.64,6.78,6.83,6.87,6.93,7.06,7.23,7.34,7.43
2021-08-16,6.54,6.57,6.61,6.64,6.74,6.78,6.82,6.88,7.01,7.19,7.3,7.42
2021-08-17,6.55,6.58,6.6,6.63,6.72,6.76,6.8,6.87,7.01,7.21,7.35,7.49
2021-08-18,6.49,6.52,6.56,6.6,6.72,6.78,6.83,6.88,7.02,7.22,7.37,7.53
2021-08-19,6.45,6.49,6.54,6.58,6.72,6.78,6.85,6.93,7.07,7.28,7.44,7.61
2021-08-20,6.45,6.49,6.53,6.57,6.71,6.78,6.85,6.92,7.07,7.29,7.46,7.64
2021-08-23,6.42,6.46,6.51,6.55,6.7,6.78,6.86,6.94,7.09,7.31,7.47,7.66
2021-08-24,6.43,6.47,6.51,6.55,6.7,6.79,6.88,6.96,7.11,7.33,7.49,7.68
2021-08-25,6.39,6.44,6.49,6.54,6.71,6.79,6.88,6.96,7.12,7.34,7.5,7.68
2021-08-26,6.45,6.5,6.56,6.61,6.79,6.87,6.94,7.01,7.15,7.35,7.5,7.67
2021-08-27,6.44,6.49,6.54,6.6,6.75,6.83,6.89,6.96,7.1,7.31,7.44,7.6
2021-08-30,6.4,6.45,6.52,6.57,6.75,6.83,6.9,6.98,7.12,7.32,7.45,7.6
2021-08-31,6.44,6.49,6.54,6.59,6.74,6.81,6.88,6.95,7.1,7.3,7.43,7.57
2021-09-01,6.45,6.51,6.56,6.61,6.76,6.82,6.88,6.95,7.09,7.28,7.41,7.54
2021-09-02,6.58,6.62,6.67,6.71,6.81,6.86,6.92,6.99,7.13,7.32,7.45,7.59
2021-09-03,6.58,6.63,6.68,6.72,6.82,6.85,6.9,6.97,7.11,7.31,7.44,7.59
2021-09-06,6.58,6.64,6.69,6.73,6.84,6.88,6.93,7.0,7.15,7.35,7.49,7.64
2021-09-07,6.69,6.73,6.77,6.81,6.89,6.91,6.95,7.01,7.13,7.33,7.47,7.64
2021-09-08,6.76,6.79,6.82,6.85,6.9,6.92,6.95,7.0,7.13,7.34,7.49,7.67
2021-09-09,6.83,6.85,6.87,6.88,6.92,6.93,6.95,6.99,7.12,7.34,7.51,7.72
2021-09-10,6.75,6.77,6.8,6.82,6.9,6.91,6.91,6.96,7.09,7.33,7.51,7.77
2021-09-13,6.81,6.82,6.84,6.86,6.91,6.91,6.91,6.95,7.08,7.31,7.52,7.79
2021-09-14,6.79,6.81,6.83,6.85,6.93,6.94,6.95,6.99,7.12,7.35,7.55,7.83
2021-09-15,6.83,6.84,6.86,6.87,6.92,6.95,7.0,7.06,7.17,7.4,7.6,7.9
2021-09-16,6.89,6.9,6.9,6.9,6.93,6.95,7.01,7.07,7.19,7.43,7.64,7.94
2021-09-17,6.88,6.89,6.89,6.9,6.93,6.96,7.03,7.09,7.2,7.43,7.65,7.95
2021-09-20,6.96,6.97,6.97,6.98,7.03,7.06,7.12,7.19,7.29,7.5,7.7,8.0
2021-09-21,6.99,6.99,7.0,7.0,7.03,7.05,7.1,7.15,7.26,7.48,7.69,7.97
2021-09-22,6.96,6.96,6.97,6.98,7.0,7.03,7.08,7.15,7.27,7.49,7.7,8.0
2021-09-23,7.07,7.07,7.08,7.08,7.09,7.1,7.14,7.21,7.33,7.55,7.76,8.05
2021-09-24,7.1,7.1,7.11,7.11,7.14,7.16,7.21,7.27,7.39,7.62,7.83,8.12
2021-09-27,7.1,7.1,7.11,7.12,7.14,7.17,7.23,7.29,7.41,7.63,7.83,8.12
2021-09-28,7.07,7.08,7.09,7.1,7.15,7.18,7.23,7.3,7.42,7.62,7.81,8.1
2021-09-29,7.09,7.1,7.1,7.11,7.13,7.15,7.21,7.27,7.39,7.59,7.77,8.05
2021-09-30,7.12,7.13,7.14,7.15,7.19,7.21,7.26,7.31,7.42,7.64,7.83,8.11
2021-10-01,7.09,7.12,7.16,7.18,7.22,7.24,7.28,7.34,7.45,7.66,7.85,8.13
2021-10-04,7.17,7.2,7.22,7.24,7.31,7.34,7.38,7.44,7.56,7.75,7.92,8.18
2021-10-05,7.21,7.26,7.31,7.35,7.44,7.47,7.51,7.56,7.67,7.87,8.05,8.3
2021-10-06,7.1,7.2,7.29,7.36,7.46,7.49,7.54,7.59,7.69,7.88,8.04,8.28
2021-10-07,7.11,7.19,7.26,7.31,7.4,7.42,7.44,7.48,7.57,7.73,7.88,8.06
2021-10-08,7.09,7.15,7.21,7.26,7.34,7.36,7.39,7.44,7.54,7.71,7.85,8.03
2021-10-11,7.14,7.22,7.28,7.32,7.38,7.39,7.43,7.48,7.58,7.74,7.87,8.05
2021-10-12,7.14,7.21,7.27,7.32,7.38,7.41,7.44,7.49,7.59,7.76,7.89,8.07
2021-10-13,7.13,7.18,7.23,7.27,7.35,7.38,7.4,7.43,7.52,7.69,7.83,8.0
2021-10-14,7.12,7.17,7.22,7.26,7.35,7.37,7.39,7.42,7.5,7.65,7.78,7.93
2021-10-15,7.11,7.16,7.22,7.26,7.37,7.41,7.43,7.45,7.53,7.68,7.8,7.97
2021-10-18,7.14,7.21,7.28,7.34,7.47,7.5,7.51,7.53,7.61,7.76,7.89,8.05
2021-10-19,7.13,7.19,7.26,7.31,7.44,7.48,7.49,7.51,7.58,7.73,7.85,8.0
2021-10-20,7.17,7.24,7.31,7.37,7.46,7.49,7.52,7.55,7.61,7.74,7.85,7.99
2021-10-21,7.12,7.23,7.34,7.41,7.55,7.58,7.59,7.62,7.7,7.84,7.95,8.08
2021-10-22,7.19,7.33,7.46,7.56,7.8,7.86,7.85,7.84,7.86,7.92,7.96,7.98
2021-10-25,7.29,7.49,7.65,7.78,8.07,8.15,8.13,8.07,8.0,7.96,7.96,7.93
2021-10-26,7.43,7.66,7.83,7.95,8.17,8.2,8.17,8.11,8.03,7.98,7.95,7.93
2021-10-27,7.3,7.6,7.82,7.97,8.23,8.22,8.12,8.05,8.0,7.97,7.97,7.96
2021-10-28,7.45,7.76,7.99,8.15,8.42,8.44,8.34,8.25,8.16,8.1,8.07,8.05
2021-10-29,7.46,7.79,8.03,8.19,8.44,8.43,8.33,8.25,8.17,8.11,8.07,8.03
2021-11-01,7.54,7.95,8.19,8.33,8.45,8.44,8.41,8.38,8.32,8.28,8.26,8.26
2021-11-02,7.51,7.9,8.15,8.31,8.49,8.47,8.4,8.35,8.29,8.25,8.23,8.23
2021-11-03,7.48,7.85,8.11,8.29,8.55,8.52,8.41,8.35,8.29,8.25,8.24,8.24
2021-11-04,,,,,,,,,,,,
2021-11-05,7.37,7.86,8.17,8.35,8.53,8.48,8.39,8.34,8.29,8.24,8.22,8.21
2021-11-08,7.54,7.9,8.15,8.31,8.52,8.46,8.32,8.23,8.16,8.1,8.07,8.05
2021-11-09,7.61,7.92,8.12,8.26,8.43,8.37,8.23,8.15,8.07,8.01,7.98,7.95
2021-11-10,7.76,7.96,8.11,8.22,8.38,8.35,8.21,8.11,8.02,7.95,7.91,7.87
2021-11-11,7.8,7.94,8.04,8.13,8.28,8.27,8.17,8.08,8.0,7.95,7.92,7.89
2021-11-12,7.68,7.9,8.07,8.19,8.38,8.38,8.25,8.16,8.08,8.02,7.99,7.95
2021-11-15,7.66,7.98,8.18,8.3,8.44,8.41,8.33,8.26,8.19,8.15,8.14,8.13
2021-11-16,7.88,8.07,8.21,8.32,8.51,8.53,8.44,8.35,8.23,8.16,8.13,8.1
2021-11-17,7.88,8.07,8.21,8.31,8.51,8.53,8.44,8.34,8.22,8.14,8.11,8.09
2021-11-18,8.05,8.2,8.32,8.41,8.61,8.65,8.56,8.44,8.31,8.19,8.13,8.06
2021-11-19,8.09,8.23,8.35,8.44,8.65,8.7,8.62,8.5,8.35,8.21,8.14,8.06
2021-11-22,8.22,8.41,8.56,8.68,8.93,8.98,8.89,8.75,8.58,8.43,8.35,8.28
2021-11-23,8.47,8.6,8.72,8.8,8.99,9.03,8.95,8.81,8.61,8.39,8.26,8.13
2021-11-24,8.29,8.45,8.57,8.67,8.9,8.95,8.85,8.69,8.52,8.35,8.25,8.14
2021-11-25,8.04,8.25,8.42,8.55,8.81,8.86,8.74,8.58,8.4,8.24,8.16,8.06
2021-11-26,8.08,8.28,8.43,8.55,8.81,8.85,8.73,8.57,8.39,8.24,8.16,8.08
2021-11-29,7.81,8.08,8.29,8.44,8.7,8.71,8.59,8.47,8.32,8.19,8.14,8.1
2021-11-30,7.86,8.12,8.32,8.46,8.71,8.72,8.58,8.45,8.32,8.22,8.18,8.12
2021-12-01,7.78,8.06,8.26,8.42,8.71,8.73,8.59,8.46,8.35,8.26,8.21,8.16
2021-12-02,8.03,8.25,8.41,8.53,8.74,8.73,8.6,8.49,8.4,8.31,8.27,8.23
2021-12-03,7.94,8.19,8.38,8.52,8.75,8.73,8.59,8.49,8.4,8.32,8.28,8.23
2021-12-06,8.2,8.36,8.48,8.57,8.76,8.78,8.69,8.6,8.51,8.42,8.36,8.3
2021-12-07,8.26,8.41,8.52,8.61,8.78,8.8,8.73,8.66,8.57,8.48,8.43,8.39
2021-12-08,8.14,8.33,8.47,8.58,8.79,8.81,8.74,8.67,8.58,8.49,8.45,8.41
2021-12-09,7.98,8.21,8.38,8.51,8.75,8.76,8.68,8.59,8.5,8.42,8.39,8.37
2021-12-10,7.99,8.22,8.4,8.53,8.76,8.76,8.66,8.57,8.49,8.42,8.38,8.33
2021-12-13,7.85,8.12,8.32,8.47,8.74,8.77,8.71,8.64,8.55,8.47,8.44,8.41
2021-12-14,8.01,8.25,8.42,8.55,8.79,8.82,8.73,8.64,8.55,8.48,8.45,8.42
2021-12-15,7.8,8.1,8.32,8.48,8.77,8.8,8.73,8.65,8.57,8.5,8.47,8.45
2021-12-16,7.77,8.06,8.28,8.44,8.74,8.78,8.69,8.6,8.5,8.42,8.38,8.35
2021-12-17,7.54,7.88,8.14,8.33,8.69,8.72,8.59,8.48,8.39,8.31,8.28,8.22
2021-12-20,7.52,7.82,8.05,8.23,8.6,8.68,8.6,8.5,8.39,8.29,8.23,8.17
2021-12-21,7.56,7.81,8.01,8.17,8.53,8.64,8.61,8.52,8.42,8.35,8.31,8.27
2021-12-22,7.42,7.68,7.88,8.05,8.41,8.54,8.54,8.49,8.42,8.37,8.34,8.3
2021-12-23,7.34,7.66,7.89,8.06,8.38,8.47,8.51,8.5,8.46,8.43,8.43,8.43
2021-12-24,7.3,7.69,7.95,8.11,8.36,8.4,8.44,8.46,8.46,8.46,8.46,8.47
2021-12-27,7.39,7.75,7.99,8.15,8.41,8.46,8.48,8.48,8.45,8.44,8.44,8.45
2021-12-28,7.45,7.8,8.02,8.17,8.39,8.43,8.46,8.47,8.45,8.44,8.44,8.44
2021-12-29,7.52,7.87,8.09,8.23,8.44,8.47,8.48,8.47,8.45,8.44,8.44,8.45
2021-12-30,7.4,7.81,8.04,8.18,8.35,8.4,8.44,8.45,8.44,8.43,8.43,8.44
2021-12-31,,,,,,,,,,,,
2022-01-03,7.37,7.75,7.95,8.06,8.21,8.27,8.33,8.36,8.37,8.37,8.37,8.37
2022-01-04,7.44,7.81,7.99,8.09,8.21,8.27,8.34,8.37,8.37,8.37,8.36,8.36
2022-01-05,7.48,7.79,7.96,8.06,8.2,8.24,8.3,8.33,8.34,8.34,8.34,8.34
2022-01-06,7.71,7.99,8.16,8.28,8.46,8.5,8.49,8.48,8.47,8.47,8.47,8.49
2022-01-07,,,,,,,,,,,,
2022-01-10,8.1,8.39,8.52,8.57,8.64,8.66,8.66,8.63,8.58,8.55,8.56,8.57
2022-01-11,8.42,8.5,8.57,8.63,8.76,8.81,8.83,8.81,8.73,8.64,8.6,8.56
2022-01-12,8.52,8.58,8.63,8.68,8.8,8.86,8.88,8.84,8.76,8.63,8.55,8.46
2022-01-13,8.98,9.01,9.04,9.07,9.14,9.2,9.24,9.19,9.04,8.86,8.74,8.61
2022-01-14,9.25,9.3,9.34,9.37,9.44,9.47,9.46,9.4,9.25,9.04,8.89,8.71
2022-01-17,9.44,9.49,9.53,9.55,9.57,9.57,9.58,9.55,9.44,9.23,9.07,8.86
2022-01-18,9.59,9.62,9.64,9.66,9.66,9.63,9.58,9.5,9.37,9.18,9.05,8.87
2022-01-19,9.55,9.57,9.59,9.59,9.55,9.49,9.42,9.35,9.22,9.03,8.9,8.73
2022-01-20,9.63,9.65,9.66,9.66,9.62,9.57,9.5,9.42,9.29,9.1,8.97,8.81
2022-01-21,9.79,9.78,9.77,9.76,9.69,9.65,9.6,9.52,9.35,9.16,9.05,8.92
2022-01-24,9.98,9.98,9.98,9.97,9.94,9.93,9.9,9.83,9.69,9.52,9.4,9.26
2022-01-25,9.99,9.99,9.99,9.98,9.95,9.95,9.94,9.89,9.75,9.58,9.45,9.3
2022-01-26,9.9,9.91,9.93,9.95,9.98,9.96,9.92,9.86,9.75,9.57,9.45,9.29
2022-01-27,9.79,9.79,9.79,9.77,9.7,9.67,9.65,9.6,9.48,9.31,9.19,9.05
2022-01-28,9.74,9.74,9.74,9.74,9.72,9.71,9.67,9.61,9.49,9.33,9.22,9.09
2022-01-31,9.7,9.72,9.72,9.72,9.67,9.65,9.6,9.54,9.42,9.27,9.16,9.03
2022-02-01,9.73,9.72,9.7,9.69,9.64,9.63,9.6,9.53,9.42,9.26,9.15,9.02
2022-02-02,9.64,9.64,9.63,9.63,9.6,9.57,9.53,9.47,9.34,9.18,9.08,8.96
2022-02-03,9.65,9.65,9.65,9.64,9.61,9.58,9.54,9.5,9.4,9.25,9.14,8.99
2022-02-04,9.67,9.66,9.64,9.63,9.57,9.54,9.51,9.46,9.36,9.21,9.1,8.95
2022-02-07,9.69,9.68,9.67,9.66,9.61,9.57,9.53,9.48,9.39,9.25,9.14,9.0
2022-02-08,9.73,9.71,9.7,9.68,9.62,9.58,9.52,9.47,9.38,9.26,9.18,9.07
2022-02-09,9.76,9.74,9.72,9.7,9.64,9.59,9.52,9.46,9.36,9.25,9.19,9.1
2022-02-10,9.78,9.76,9.75,9.74,9.69,9.63,9.54,9.48,9.41,9.31,9.25,9.17
2022-02-11,10.15,10.13,10.11,10.1,10.11,10.08,9.97,9.86,9.74,9.59,9.5,9.38
2022-02-14,10.31,10.31,10.32,10.33,10.38,10.4,10.34,10.22,10.02,9.8,9.66,9.5
2022-02-15,10.07,10.12,10.16,10.18,10.17,10.12,10.01,9.89,9.73,9.55,9.43,9.31
2022-02-16,10.01,10.06,10.09,10.1,10.11,10.06,9.91,9.76,9.6,9.48,9.42,9.35
2022-02-17,10.11,10.17,10.21,10.23,10.23,10.17,10.0,9.86,9.69,9.54,9.46,9.38
2022-02-18,10.18,10.22,10.24,10.25,10.25,10.19,10.05,9.91,9.75,9.6,9.51,9.43
2022-02-21,11.15,11.16,11.15,11.12,11.0,10.96,10.85,10.71,10.51,10.28,10.14,10.0
2022-02-22,11.46,11.46,11.45,11.44,11.34,11.25,11.1,10.96,10.78,10.59,10.49,10.39
2022-02-23,,,,,,,,,,,,
2022-02-24,16.88,16.7,16.51,16.31,15.66,15.34,14.96,14.36,13.16,11.95,11.32,10.66
2022-02-25,13.77,13.69,13.58,13.45,13.09,13.11,13.2,13.04,12.52,11.76,11.21,10.46
2022-02-28,,,,,,,,,,,,
2022-03-01,,,,,,,,,,,,
2022-03-02,,,,,,,,,,,,
2022-03-03,,,,,,,,,,,,
2022-03-04,,,,,,,,,,,,
2022-03-07,,,,,,,,,,,,
2022-03-08,,,,,,,,,,,,
2022-03-09,,,,,,,,,,,,
2022-03-10,,,,,,,,,,,,
2022-03-11,,,,,,,,,,,,
2022-03-14,,,,,,,,,,,,
2022-03-15,,,,,,,,,,,,
2022-03-16,,,,,,,,,,,,
2022-03-17,,,,,,,,,,,,
2022-03-18,,,,,,,,,,,,
2022-03-21,17.22,17.01,16.8,16.58,15.82,15.28,14.62,14.15,13.57,13.03,12.78,12.57
2022-03-22,17.57,17.02,16.54,16.12,14.92,14.27,13.8,13.59,13.22,12.82,12.63,12.55
2022-03-23,17.87,17.29,16.8,16.38,15.17,14.46,13.97,13.85,13.63,13.34,13.19,13.12
2022-03-24,17.82,17.29,16.85,16.46,15.24,14.34,13.6,13.44,13.36,13.26,13.19,13.13
2022-03-25,17.47,17.01,16.61,16.25,15.1,14.24,13.42,13.19,13.18,13.34,13.46,13.61
2022-03-28,17.57,17.08,16.64,16.25,15.01,14.16,13.43,13.26,13.26,13.39,13.49,13.61
2022-03-29,17.12,16.57,16.08,15.65,14.35,13.48,12.69,12.48,12.45,12.54,12.64,12.76
2022-03-30,15.42,14.92,14.48,14.1,13.02,12.46,12.11,12.0,11.78,11.52,11.39,11.37
2022-03-31,15.14,14.57,14.09,13.69,12.57,11.92,11.4,11.26,11.23,11.18,11.13,11.07
2022-04-01,15.06,14.52,14.07,13.69,12.73,12.27,11.82,11.57,11.36,11.26,11.23,11.19
2022-04-04,15.55,14.83,14.27,13.84,12.84,12.44,12.12,11.95,11.78,11.67,11.64,11.61
2022-04-05,15.28,14.67,14.17,13.76,12.75,12.33,12.03,11.9,11.76,11.66,11.63,11.61
2022-04-06,15.22,14.64,14.17,13.79,12.85,12.42,12.11,11.99,11.92,11.93,11.95,11.93
2022-04-07,15.09,14.45,13.94,13.54,12.63,12.27,12.04,11.94,11.84,11.78,11.77,11.78
2022-04-08,13.95,13.22,12.67,12.24,11.33,11.06,10.95,10.94,10.94,10.95,10.97,10.99
2022-04-11,14.62,13.67,12.96,12.42,11.3,10.99,10.85,10.82,10.8,10.79,10.8,10.81
2022-04-12,15.67,14.01,12.97,12.3,11.28,11.03,10.89,10.83,10.8,10.78,10.76,10.76
2022-04-13,15.18,13.45,12.48,11.92,11.12,10.89,10.72,10.66,10.61,10.58,10.57,10.56
2022-04-14,15.29,13.35,12.36,11.83,11.12,10.92,10.74,10.66,10.59,10.56,10.54,10.53
2022-04-15,14.58,13.16,12.37,11.91,11.23,11.0,10.79,10.69,10.62,10.57,10.57,10.57
2022-04-18,14.15,13.08,12.31,11.77,10.79,10.54,10.43,10.4,10.36,10.33,10.3,10.27
2022-04-19,13.95,12.25,11.39,10.95,10.45,10.36,10.3,10.27,10.25,10.22,10.22,10.21
2022-04-20,14.6,12.51,11.44,10.88,10.26,10.16,10.1,10.08,10.05,10.02,10.01,10.01
2022-04-21,14.44,12.61,11.53,10.88,10.03,9.91,9.87,9.86,9.84,9.83,9.82,9.81
2022-04-22,14.46,12.47,11.37,10.76,10.06,9.97,9.94,9.92,9.91,9.89,9.88,9.88
2022-04-25,14.65,12.51,11.36,10.74,10.06,10.01,10.0,9.99,9.98,9.96,9.94,9.92
2022-04-26,14.6,12.55,11.36,10.66,9.82,9.76,9.8,9.82,9.83,9.82,9.82,9.81
2022-04-27,13.79,12.08,11.05,10.45,9.82,9.88,10.03,10.1,10.15,10.18,10.19,10.2
2022-04-28,13.06,11.48,10.6,10.14,9.83,9.98,10.19,10.27,10.34,10.4,10.44,10.49
2022-04-29,13.09,11.62,10.72,10.19,9.68,9.81,10.08,10.22,10.32,10.41,10.47,10.52
2022-05-02,,,,,,,,,,,,
2022-05-03,,,,,,,,,,,,
2022-05-04,13.7,12.18,11.21,10.61,9.85,9.88,10.11,10.23,10.32,10.39,10.42,10.46
2022-05-05,13.92,12.24,11.25,10.67,10.06,10.13,10.3,10.38,10.44,10.5,10.54,10.59
2022-05-06,13.33,11.68,10.81,10.36,10.06,10.17,10.3,10.36,10.39,10.43,10.45,10.48
2022-05-09,,,,,,,,,,,,
2022-05-10,,,,,,,,,,,,
2022-05-11,12.93,11.33,10.58,10.25,10.12,10.23,10.34,10.37,10.4,10.42,10.43,10.45
2022-05-12,12.68,11.17,10.48,10.18,10.14,10.27,10.39,10.42,10.45,10.48,10.5,10.52
2022-05-13,12.79,11.47,10.72,10.32,10.02,10.15,10.32,10.39,10.44,10.49,10.53,10.56
2022-05-16,12.23,11.07,10.48,10.2,10.13,10.28,10.4,10.44,10.46,10.51,10.55,10.59
2022-05-17,13.17,12.03,11.27,10.78,10.12,10.11,10.27,10.37,10.45,10.53,10.58,10.64
2022-05-18,13.1,11.89,11.14,10.7,10.22,10.26,10.38,10.43,10.47,10.52,10.56,10.62
2022-05-19,13.18,11.99,11.23,10.76,10.15,10.13,10.24,10.29,10.33,10.37,10.4,10.43
2022-05-20,13.07,11.99,11.28,10.82,10.19,10.15,10.22,10.25,10.27,10.29,10.31,10.34
2022-05-23,13.13,12.02,11.34,10.93,10.39,10.32,10.28,10.26,10.26,10.28,10.29,10.32
2022-05-24,13.02,11.93,11.29,10.91,10.44,10.35,10.27,10.23,10.19,10.18,10.18,10.19
2022-05-25,12.07,11.11,10.59,10.31,9.98,9.87,9.7,9.6,9.51,9.45,9.46,9.51
2022-05-26,11.04,10.6,10.31,10.12,9.81,9.71,9.59,9.51,9.44,9.4,9.38,9.39
2022-05-27,10.59,10.37,10.21,10.1,9.93,9.85,9.69,9.57,9.47,9.4,9.38,9.39
2022-05-30,10.65,10.33,10.15,10.05,9.93,9.88,9.74,9.61,9.47,9.44,9.46,9.5
2022-05-31,10.8,10.46,10.24,10.09,9.85,9.78,9.68,9.58,9.48,9.43,9.44,9.46
2022-06-01,10.44,10.03,9.81,9.68,9.47,9.37,9.3,9.27,9.23,9.21,9.21,9.22
2022-06-02,9.9,9.68,9.55,9.48,9.36,9.3,9.23,9.19,9.15,9.12,9.12,9.13
2022-06-03,9.96,9.7,9.51,9.39,9.18,9.14,9.13,9.13,9.13,9.13,9.15,9.17
2022-06-06,9.74,9.49,9.33,9.24,9.13,9.11,9.1,9.08,9.05,9.05,9.05,9.06
2022-06-07,9.61,9.36,9.22,9.15,9.1,9.11,9.1,9.06,9.02,9.01,9.02,9.04
2022-06-08,9.5,9.19,9.07,9.02,9.02,9.08,9.12,9.1,9.05,9.02,9.02,9.04
2022-06-09,9.4,9.06,8.95,8.92,9.0,9.06,9.08,9.04,8.99,8.98,9.0,9.03
2022-06-10,9.45,9.11,9.01,9.01,9.14,9.15,9.08,9.05,9.09,9.15,9.18,9.2
2022-06-13,,,,,,,,,,,,
2022-06-14,9.68,9.26,9.1,9.05,9.07,9.1,9.1,9.09,9.08,9.1,9.11,9.11
2022-06-15,9.28,9.09,9.03,9.01,9.05,9.08,9.08,9.07,9.07,9.09,9.1,9.1
2022-06-16,9.22,9.12,9.07,9.04,9.02,9.02,9.03,9.02,8.98,8.95,8.95,8.96
2022-06-17,9.14,9.02,8.96,8.94,8.95,8.99,9.04,9.04,8.98,8.94,8.95,8.97
2022-06-20,9.32,9.07,8.97,8.94,8.97,9.0,9.02,9.0,8.95,8.93,8.94,8.96
2022-06-21,9.01,8.98,8.98,8.98,8.96,8.94,8.94,8.95,8.93,8.93,8.94,8.95
2022-06-22,9.0,8.95,8.92,8.91,8.91,8.93,8.97,8.98,8.94,8.93,8.93,8.94
2022-06-23,8.95,8.9,8.86,8.84,8.82,8.82,8.81,8.8,8.81,8.84,8.86,8.85
2022-06-24,8.8,8.77,8.75,8.73,8.71,8.71,8.73,8.75,8.78,8.8,8.81,8.82
2022-06-27,8.49,8.55,8.59,8.61,8.61,8.61,8.63,8.66,8.7,8.75,8.79,8.83
2022-06-28,8.65,8.63,8.61,8.59,8.54,8.54,8.61,8.68,8.72,8.77,8.8,8.83
2022-06-29,8.89,8.78,8.7,8.64,8.54,8.54,8.63,8.71,8.74,8.78,8.81,8.85
2022-06-30,8.75,8.73,8.71,8.69,8.65,8.67,8.74,8.78,8.79,8.81,8.82,8.83
2022-07-01,8.7,8.64,8.61,8.6,8.63,8.69,8.79,8.84,8.84,8.85,8.87,8.88
2022-07-04,8.39,8.4,8.44,8.49,8.68,8.78,8.87,8.91,8.94,8.96,8.96,8.96
2022-07-05,8.34,8.37,8.44,8.51,8.72,8.83,8.92,8.95,8.97,9.02,9.04,9.04
2022-07-06,8.22,8.29,8.36,8.44,8.66,8.78,8.89,8.93,8.94,8.98,9.0,9.01
2022-07-07,8.09,8.16,8.23,8.29,8.51,8.66,8.81,8.88,8.95,9.05,9.09,9.11
2022-07-08,8.11,8.16,8.21,8.26,8.44,8.58,8.77,8.88,8.97,9.07,9.12,9.15
2022-07-11,7.9,7.97,8.04,8.11,8.34,8.53,8.78,8.91,9.01,9.13,9.2,9.25
2022-07-12,7.89,7.98,8.05,8.12,8.35,8.57,8.86,8.99,9.06,9.14,9.19,9.23
2022-07-13,7.85,7.9,7.95,8.01,8.27,8.53,8.89,9.07,9.15,9.23,9.27,9.33
2022-07-14,8.16,8.09,8.08,8.11,8.35,8.59,8.9,9.03,9.11,9.18,9.22,9.25
2022-07-15,8.37,8.16,8.07,8.05,8.28,8.57,8.9,9.02,9.07,9.12,9.16,9.2
2022-07-18,8.36,8.14,8.07,8.08,8.38,8.67,8.96,9.05,9.09,9.14,9.19,9.24
2022-07-19,8.48,8.2,8.1,8.1,8.38,8.66,8.96,9.06,9.1,9.15,9.19,9.24
2022-07-20,8.41,8.12,8.01,8.0,8.29,8.58,8.9,9.03,9.1,9.15,9.19,9.24
2022-07-21,7.95,7.82,7.77,7.78,8.05,8.37,8.77,8.95,9.03,9.09,9.13,9.19
2022-07-22,7.42,7.34,7.34,7.39,7.75,8.08,8.49,8.69,8.83,8.95,9.01,9.08
2022-07-25,7.05,7.02,7.07,7.17,7.65,8.05,8.49,8.68,8.83,8.94,9.0,9.06
2022-07-26,6.98,6.97,7.03,7.13,7.6,7.99,8.46,8.69,8.87,9.0,9.06,9.13
2022-07-27,6.97,7.04,7.12,7.22,7.62,7.97,8.44,8.7,8.91,9.07,9.14,9.21
2022-07-28,7.05,7.1,7.17,7.25,7.6,7.92,8.39,8.65,8.86,9.03,9.11,9.2
2022-07-29,7.15,7.12,7.14,7.19,7.51,7.85,8.37,8.67,8.89,9.06,9.15,9.25
2022-08-01,7.36,7.25,7.21,7.23,7.53,7.85,8.36,8.65,8.87,9.03,9.11,9.19
2022-08-02,7.55,7.41,7.34,7.32,7.53,7.85,8.38,8.68,8.88,9.04,9.13,9.22
2022-08-03,7.61,7.48,7.43,7.42,7.63,7.93,8.39,8.67,8.88,9.05,9.13,9.21
2022-08-04,7.42,7.37,7.36,7.39,7.64,7.93,8.38,8.65,8.84,8.98,9.06,9.13
2022-08-05,7.42,7.36,7.36,7.4,7.72,8.05,8.48,8.7,8.87,9.02,9.09,9.16
2022-08-08,7.46,7.37,7.37,7.41,7.77,8.07,8.46,8.68,8.86,8.99,9.04,9.09
2022-08-09,7.35,7.37,7.42,7.48,7.76,8.01,8.41,8.66,8.85,8.99,9.07,9.13
2022-08-10,7.37,7.38,7.42,7.47,7.75,8.03,8.44,8.69,8.91,9.08,9.15,9.23
2022-08-11,7.34,7.36,7.41,7.48,7.79,8.1,8.56,8.81,8.98,9.11,9.18,9.25
2022-08-12,7.36,7.38,7.43,7.5,7.83,8.14,8.56,8.78,8.96,9.1,9.16,9.22
2022-08-15,7.34,7.36,7.41,7.48,7.81,8.12,8.54,8.78,8.99,9.15,9.22,9.28
2022-08-16,7.35,7.36,7.4,7.46,7.78,8.1,8.54,8.78,8.96,9.12,9.19,9.26
2022-08-17,7.38,7.34,7.35,7.4,7.74,8.08,8.55,8.79,8.94,9.06,9.12,9.19
2022-08-18,7.51,7.39,7.36,7.39,7.73,8.09,8.55,8.78,8.93,9.04,9.11,9.17
2022-08-19,7.51,7.38,7.35,7.37,7.72,8.1,8.62,8.88,9.03,9.15,9.22,9.29
2022-08-22,7.77,7.62,7.57,7.59,7.88,8.2,8.65,8.88,9.03,9.15,9.21,9.27
2022-08-23,7.63,7.48,7.44,7.48,7.88,8.24,8.66,8.87,9.02,9.14,9.2,9.25
2022-08-24,7.68,7.59,7.56,7.58,7.83,8.14,8.62,8.89,9.09,9.24,9.31,9.39
2022-08-25,7.69,7.55,7.5,7.5,7.78,8.11,8.59,8.85,9.04,9.19,9.25,9.32
2022-08-26,7.69,7.61,7.58,7.59,7.8,8.08,8.57,8.86,9.08,9.24,9.33,9.43
2022-08-29,7.67,7.65,7.65,7.67,7.85,8.08,8.52,8.82,9.05,9.24,9.35,9.45
2022-08-30,7.63,7.62,7.63,7.66,7.85,8.1,8.53,8.82,9.06,9.26,9.36,9.47
2022-08-31,7.71,7.68,7.68,7.69,7.84,8.05,8.51,8.84,9.11,9.32,9.43,9.56
2022-09-01,7.64,7.66,7.69,7.72,7.86,8.05,8.48,8.81,9.08,9.29,9.4,9.53
2022-09-02,7.59,7.62,7.65,7.68,7.79,7.95,8.35,8.7,9.04,9.32,9.47,9.64
2022-09-05,7.47,7.52,7.57,7.61,7.75,7.9,8.28,8.62,8.98,9.29,9.44,9.62
2022-09-06,7.51,7.51,7.52,7.54,7.69,7.87,8.28,8.62,8.98,9.3,9.46,9.62
2022-09-07,7.62,7.62,7.63,7.64,7.72,7.88,8.25,8.61,8.99,9.3,9.46,9.64
2022-09-08,7.45,7.5,7.56,7.61,7.78,7.96,8.35,8.7,9.06,9.37,9.52,9.69
2022-09-09,7.59,7.59,7.61,7.63,7.77,7.95,8.36,8.7,9.05,9.34,9.48,9.64
2022-09-12,7.54,7.52,7.52,7.53,7.67,7.88,8.32,8.69,9.06,9.33,9.46,9.61
2022-09-13,7.44,7.47,7.51,7.55,7.73,7.94,8.39,8.75,9.09,9.35,9.48,9.62
2022-09-14,7.46,7.44,7.45,7.47,7.65,7.89,8.36,8.74,9.08,9.31,9.42,9.55
2022-09-15,7.37,7.37,7.39,7.41,7.61,7.86,8.35,8.73,9.07,9.33,9.44,9.58
2022-09-16,7.44,7.4,7.39,7.4,7.6,7.89,8.47,8.88,9.21,9.42,9.52,9.65
2022-09-19,7.48,7.46,7.47,7.5,7.73,8.03,8.65,9.09,9.43,9.69,9.82,9.97
2022-09-20,7.58,7.63,7.7,7.78,8.17,8.56,9.25,9.71,10.05,10.3,10.42,10.57
2022-09-21,7.53,7.66,7.79,7.91,8.31,8.6,9.16,9.59,9.91,10.14,10.26,10.42
2022-09-22,7.41,7.55,7.7,7.85,8.39,8.83,9.5,9.9,10.19,10.42,10.54,10.67
2022-09-23,7.55,7.71,7.87,8.02,8.55,8.98,9.62,10.01,10.31,10.55,10.67,10.81
2022-09-26,8.25,8.32,8.4,8.49,8.84,9.2,9.84,10.25,10.56,10.82,10.97,11.13
2022-09-27,8.18,8.17,8.19,8.24,8.57,8.95,9.64,10.09,10.42,10.7,10.84,11.0
2022-09-28,8.2,8.19,8.23,8.3,8.74,9.22,9.91,10.27,10.5,10.69,10.8,10.9
2022-09-29,8.44,8.49,8.58,8.69,9.16,9.59,10.14,10.42,10.62,10.8,10.9,10.97
2022-09-30,8.61,8.64,8.71,8.79,9.21,9.65,10.28,10.61,10.79,10.96,11.05,11.15
2022-10-03,8.31,8.33,8.38,8.44,8.76,9.13,9.79,10.21,10.5,10.73,10.85,10.97
2022-10-04,7.93,8.02,8.12,8.23,8.67,9.07,9.69,10.08,10.35,10.57,10.7,10.83
2022-10-05,7.8,7.91,8.04,8.16,8.67,9.1,9.72,10.07,10.3,10.5,10.59,10.69
2022-10-06,7.72,7.86,8.0,8.13,8.58,8.94,9.55,9.96,10.29,10.57,10.72,10.88
2022-10-07,7.68,7.81,7.94,8.08,8.55,8.92,9.57,10.02,10.37,10.65,10.79,10.93
2022-10-10,7.82,7.99,8.15,8.29,8.75,9.1,9.74,10.18,10.49,10.77,10.93,11.1
2022-10-11,7.6,7.78,7.95,8.11,8.63,8.98,9.57,9.97,10.29,10.54,10.67,10.81
2022-10-12,7.72,7.92,8.1,8.26,8.7,8.98,9.51,9.91,10.26,10.55,10.7,10.87
2022-10-13,7.66,7.83,7.98,8.12,8.55,8.87,9.43,9.84,10.2,10.5,10.67,10.84
2022-10-14,7.64,7.79,7.93,8.06,8.49,8.82,9.41,9.84,10.19,10.49,10.66,10.84
2022-10-17,7.69,7.82,7.93,8.04,8.4,8.72,9.31,9.76,10.15,10.49,10.68,10.88
2022-10-18,7.69,7.8,7.9,8.0,8.34,8.66,9.3,9.78,10.17,10.49,10.66,10.85
2022-10-19,7.7,7.74,7.8,7.87,8.2,8.57,9.26,9.76,10.16,10.49,10.66,10.86
2022-10-20,7.72,7.71,7.73,7.77,8.08,8.46,9.22,9.75,10.18,10.53,10.71,10.91
2022-10-21,7.68,7.63,7.63,7.66,7.95,8.34,9.17,9.74,10.16,10.46,10.61,10.8
2022-10-24,7.7,7.64,7.62,7.65,7.92,8.32,9.15,9.72,10.14,10.45,10.61,10.79
2022-10-25,7.6,7.59,7.61,7.65,7.95,8.32,9.13,9.72,10.17,10.51,10.69,10.9
2022-10-26,7.63,7.59,7.59,7.62,7.93,8.35,9.19,9.76,10.18,10.48,10.64,10.83
2022-10-27,7.54,7.53,7.56,7.62,8.01,8.44,9.27,9.81,10.17,10.42,10.57,10.75
2022-10-28,7.42,7.45,7.52,7.6,8.03,8.45,9.25,9.78,10.16,10.43,10.56,10.73
2022-10-31,7.43,7.51,7.61,7.72,8.2,8.64,9.37,9.84,10.18,10.45,10.59,10.75
2022-11-01,7.52,7.56,7.62,7.7,8.13,8.58,9.38,9.89,10.23,10.46,10.59,10.75
2022-11-02,7.49,7.52,7.59,7.69,8.17,8.67,9.49,10.01,10.37,10.65,10.8,10.97
2022-11-03,7.37,7.39,7.46,7.55,8.06,8.6,9.46,9.98,10.35,10.64,10.8,10.98
2022-11-04,,,,,,,,,,,,
2022-11-07,7.31,7.33,7.39,7.5,8.07,8.64,9.52,10.02,10.35,10.63,10.78,10.94
2022-11-08,7.42,7.43,7.49,7.6,8.18,8.77,9.67,10.18,10.53,10.82,10.97,11.14
2022-11-09,7.51,7.53,7.59,7.68,8.17,8.69,9.54,10.08,10.48,10.8,10.98,11.17
2022-11-10,7.51,7.5,7.55,7.62,8.08,8.58,9.44,10.0,10.42,10.74,10.9,11.09
2022-11-11,7.49,7.46,7.49,7.55,8.0,8.53,9.42,9.98,10.39,10.72,10.89,11.08
2022-11-14,7.32,7.34,7.41,7.51,8.06,8.63,9.52,10.03,10.37,10.66,10.83,11.02
2022-11-15,7.32,7.33,7.39,7.48,8.0,8.54,9.44,9.99,10.4,10.71,10.87,11.05
2022-11-16,7.34,7.37,7.44,7.53,7.99,8.46,9.29,9.83,10.19,10.44,10.58,10.76
2022-11-17,7.2,7.27,7.38,7.49,7.97,8.44,9.26,9.81,10.23,10.53,10.69,10.87
2022-11-18,7.31,7.32,7.37,7.44,7.87,8.35,9.23,9.8,10.23,10.54,10.71,10.9
2022-11-21,7.4,7.41,7.46,7.52,7.91,8.37,9.26,9.88,10.34,10.68,10.86,11.07
2022-11-22,7.3,7.34,7.4,7.48,7.9,8.37,9.24,9.84,10.32,10.7,10.89,11.1
2022-11-23,7.33,7.35,7.4,7.48,7.9,8.37,9.25,9.86,10.32,10.66,10.84,11.05
2022-11-24,7.29,7.32,7.38,7.46,7.87,8.33,9.21,9.81,10.25,10.58,10.75,10.95
2022-11-25,7.32,7.35,7.41,7.49,7.9,8.35,9.19,9.77,10.23,10.59,10.78,10.99
2022-11-28,7.24,7.29,7.36,7.45,7.9,8.38,9.23,9.81,10.25,10.59,10.76,10.96
2022-11-29,7.08,7.18,7.3,7.42,7.92,8.4,9.26,9.84,10.26,10.57,10.73,10.94
2022-11-30,7.11,7.22,7.33,7.46,7.95,8.41,9.24,9.79,10.2,10.5,10.66,10.85
2022-12-01,6.93,7.09,7.25,7.4,7.96,8.43,9.26,9.82,10.24,10.55,10.71,10.9
2022-12-02,7.05,7.18,7.31,7.45,7.99,8.47,9.3,9.85,10.28,10.62,10.79,10.99
2022-12-05,7.15,7.23,7.33,7.45,7.97,8.49,9.35,9.9,10.31,10.61,10.76,10.93
2022-12-06,7.08,7.14,7.23,7.34,7.89,8.45,9.35,9.91,10.3,10.58,10.73,10.92
2022-12-07,7.16,7.22,7.3,7.41,7.92,8.43,9.32,9.89,10.29,10.59,10.75,10.94
2022-12-08,6.98,7.09,7.21,7.35,7.87,8.37,9.24,9.82,10.26,10.6,10.77,10.97
2022-12-09,6.81,6.95,7.11,7.26,7.87,8.38,9.26,9.84,10.28,10.62,10.8,11.0
2022-12-12,6.66,6.79,6.95,7.11,7.74,8.31,9.26,9.85,10.27,10.58,10.74,10.93
2022-12-13,6.25,6.54,6.8,7.02,7.73,8.31,9.24,9.84,10.28,10.6,10.77,10.98
2022-12-14,6.31,6.56,6.8,7.01,7.73,8.33,9.27,9.87,10.3,10.63,10.81,11.03
2022-12-15,6.46,6.64,6.81,6.99,7.69,8.31,9.3,9.91,10.37,10.72,10.9,11.11
2022-12-16,6.61,6.71,6.84,6.99,7.65,8.28,9.31,9.93,10.36,10.67,10.84,11.03
2022-12-19,7.11,7.15,7.23,7.34,7.88,8.41,9.34,9.95,10.44,10.82,11.01,11.23
2022-12-20,7.2,7.21,7.26,7.35,7.87,8.43,9.39,10.0,10.47,10.82,11.0,11.2
2022-12-21,7.35,7.28,7.28,7.33,7.8,8.37,9.37,10.01,10.47,10.82,11.0,11.2
2022-12-22,7.14,7.17,7.24,7.35,7.88,8.42,9.36,9.97,10.45,10.81,11.0,11.22
2022-12-23,7.28,7.29,7.33,7.41,7.88,8.39,9.34,9.98,10.46,10.82,11.01,11.22
2022-12-26,7.23,7.26,7.33,7.42,7.91,8.43,9.32,9.91,10.37,10.72,10.9,11.1
2022-12-27,7.23,7.32,7.43,7.55,8.09,8.59,9.44,10.0,10.43,10.74,10.89,11.08
2022-12-28,7.2,7.29,7.4,7.52,8.04,8.54,9.38,9.93,10.37,10.7,10.88,11.07
2022-12-29,6.94,7.1,7.26,7.42,8.03,8.54,9.39,9.95,10.39,10.73,10.9,11.1
2022-12-30,6.68,6.87,7.06,7.25,7.95,8.52,9.37,9.89,10.31,10.63,10.82,11.04
2023-01-02,,,,,,,,,,,,
2023-01-03,6.6,6.71,6.85,7.01,7.69,8.32,9.28,9.86,10.27,10.58,10.74,10.94
2023-01-04,6.8,6.83,6.91,7.03,7.63,8.25,9.25,9.84,10.28,10.6,10.76,10.96
2023-01-05,6.98,6.95,6.99,7.06,7.6,8.21,9.21,9.82,10.26,10.59,10.77,10.96
2023-01-06,6.91,6.88,6.93,7.03,7.65,8.32,9.33,9.9,10.28,10.56,10.71,10.89
2023-01-09,7.09,7.14,7.23,7.35,7.94,8.51,9.39,9.93,10.35,10.68,10.84,11.02
2023-01-10,7.04,7.16,7.29,7.43,8.01,8.53,9.38,9.93,10.37,10.7,10.87,11.06
2023-01-11,7.01,7.11,7.22,7.36,7.95,8.52,9.43,10.0,10.43,10.76,10.93,11.11
2023-01-12,7.04,7.14,7.26,7.39,7.97,8.53,9.41,9.96,10.39,10.71,10.88,11.07
2023-01-13,7.02,7.14,7.27,7.42,8.01,8.54,9.39,9.95,10.38,10.71,10.88,11.07
2023-01-16,7.0,7.14,7.29,7.43,8.0,8.53,9.37,9.93,10.39,10.75,10.93,11.13
2023-01-17,7.0,7.13,7.26,7.4,7.95,8.47,9.34,9.92,10.44,10.86,11.07,11.3
2023-01-18,7.03,7.15,7.28,7.41,7.94,8.46,9.34,9.95,10.45,10.86,11.07,11.3
2023-01-19,7.07,7.18,7.3,7.44,7.98,8.49,9.36,9.95,10.45,10.85,11.06,11.29
2023-01-20,7.1,7.21,7.33,7.46,8.0,8.49,9.35,9.96,10.5,10.93,11.15,11.39
2023-01-23,7.11,7.22,7.34,7.47,8.01,8.5,9.36,9.97,10.5,10.94,11.17,11.4
2023-01-24,7.08,7.19,7.31,7.44,7.98,8.51,9.39,10.0,10.53,10.97,11.19,11.43
2023-01-25,7.06,7.17,7.3,7.43,7.97,8.48,9.37,9.99,10.53,10.98,11.21,11.46
2023-01-26,6.88,7.01,7.15,7.29,7.88,8.43,9.39,10.04,10.56,10.97,11.18,11.42
2023-01-27,6.91,7.04,7.18,7.32,7.93,8.48,9.38,9.98,10.51,10.94,11.16,11.4
2023-01-30,6.82,6.96,7.11,7.27,7.91,8.49,9.44,10.06,10.56,10.94,11.13,11.34
2023-01-31,6.88,7.01,7.15,7.3,7.88,8.43,9.37,10.03,10.59,11.05,11.28,11.53
2023-02-01,6.94,7.06,7.18,7.31,7.86,8.41,9.37,10.05,10.65,11.14,11.38,11.64
2023-02-02,6.92,7.05,7.18,7.32,7.87,8.38,9.32,10.01,10.62,11.12,11.39,11.67
2023-02-03,6.94,7.09,7.24,7.39,7.94,8.46,9.37,10.04,10.67,11.22,11.51,11.82
2023-02-06,6.91,7.06,7.22,7.37,7.92,8.44,9.34,10.01,10.63,11.17,11.46,11.75
2023-02-07,7.06,7.18,7.31,7.45,7.98,8.46,9.37,10.06,10.68,11.22,11.5,11.8
2023-02-08,7.2,7.3,7.41,7.53,8.02,8.49,9.4,10.09,10.72,11.25,11.53,11.82
2023-02-09,7.23,7.31,7.42,7.54,8.05,8.56,9.48,10.15,10.73,11.21,11.46,11.72
2023-02-10,7.21,7.32,7.45,7.58,8.1,8.58,9.49,10.16,10.78,11.3,11.57,11.86
2023-02-13,7.38,7.54,7.69,7.84,8.36,8.8,9.63,10.25,10.78,11.21,11.44,11.68
2023-02-14,7.38,7.54,7.69,7.84,8.33,8.77,9.57,10.19,10.76,11.27,11.53,11.81
2023-02-15,7.36,7.53,7.69,7.85,8.42,8.89,9.72,10.31,10.82,11.25,11.48,11.73
2023-02-16,7.4,7.58,7.75,7.91,8.48,8.91,9.67,10.26,10.82,11.32,11.59,11.89
2023-02-17,7.29,7.47,7.65,7.83,8.42,8.87,9.66,10.26,10.81,11.32,11.58,11.86
2023-02-20,7.32,7.5,7.68,7.85,8.47,8.95,9.76,10.34,10.87,11.32,11.55,11.81
2023-02-21,7.39,7.54,7.7,7.85,8.42,8.91,9.74,10.34,10.87,11.32,11.56,11.82
2023-02-22,7.29,7.47,7.65,7.81,8.41,8.91,9.72,10.3,10.83,11.3,11.55,11.81
2023-02-23,,,,,,,,,,,,
2023-02-24,7.01,7.22,7.43,7.62,8.29,8.81,9.67,10.27,10.8,11.25,11.48,11.73
2023-02-27,7.28,7.45,7.61,7.77,8.32,8.81,9.63,10.22,10.78,11.26,11.5,11.76
2023-02-28,7.28,7.43,7.58,7.73,8.31,8.82,9.67,10.29,10.87,11.33,11.55,11.79
2023-03-01,7.12,7.32,7.5,7.68,8.28,8.8,9.65,10.25,10.82,11.31,11.57,11.84
2023-03-02,7.31,7.44,7.58,7.72,8.28,8.78,9.64,10.27,10.86,11.33,11.57,11.83
2023-03-03,7.14,7.28,7.43,7.59,8.19,8.74,9.64,10.27,10.84,11.29,11.51,11.76
2023-03-06,7.16,7.32,7.47,7.63,8.22,8.75,9.62,10.24,10.8,11.23,11.45,11.69
2023-03-07,7.23,7.36,7.5,7.64,8.21,8.74,9.62,10.23,10.78,11.22,11.43,11.67
2023-03-08,,,,,,,,,,,,
2023-03-09,7.25,7.37,7.51,7.65,8.21,8.74,9.61,10.22,10.77,11.19,11.41,11.64
2023-03-10,7.37,7.46,7.56,7.68,8.19,8.7,9.58,10.21,10.78,11.22,11.45,11.69
2023-03-13,7.48,7.56,7.66,7.77,8.25,8.74,9.6,10.23,10.78,11.22,11.45,11.69
2023-03-14,7.56,7.63,7.71,7.81,8.27,8.74,9.6,10.24,10.81,11.24,11.46,11.7
2023-03-15,7.45,7.52,7.62,7.73,8.26,8.78,9.68,10.3,10.84,11.26,11.46,11.69
2023-03-16,7.51,7.57,7.66,7.76,8.27,8.79,9.69,10.31,10.85,11.25,11.46,11.69
2023-03-17,7.51,7.56,7.65,7.76,8.32,8.88,9.79,10.37,10.84,11.17,11.34,11.53
2023-03-20,7.74,7.75,7.81,7.9,8.37,8.89,9.77,10.37,10.87,11.24,11.41,11.6
2023-03-21,7.78,7.77,7.81,7.89,8.36,8.88,9.77,10.35,10.82,11.17,11.34,11.53
2023-03-22,7.82,7.81,7.84,7.91,8.36,8.87,9.74,10.33,10.81,11.17,11.34,11.53
2023-03-23,7.8,7.8,7.84,7.92,8.37,8.85,9.71,10.29,10.79,11.15,11.33,11.53
2023-03-24,7.79,7.81,7.85,7.93,8.37,8.84,9.69,10.27,10.77,11.14,11.33,11.53
2023-03-27,7.78,7.79,7.83,7.9,8.33,8.81,9.67,10.28,10.78,11.16,11.34,11.55
2023-03-28,7.79,7.78,7.81,7.87,8.27,8.75,9.64,10.26,10.8,11.2,11.4,11.62
2023-03-29,7.74,7.75,7.79,7.86,8.27,8.76,9.64,10.27,10.81,11.23,11.43,11.65
2023-03-30,7.74,7.72,7.75,7.81,8.24,8.74,9.65,10.28,10.81,11.21,11.4,11.63
2023-03-31,7.77,7.75,7.77,7.83,8.25,8.75,9.66,10.29,10.83,11.24,11.44,11.66
2023-04-03,7.63,7.63,7.67,7.75,8.23,8.78,9.7,10.31,10.82,11.21,11.4,11.61
2023-04-04,7.62,7.65,7.71,7.8,8.29,8.83,9.74,10.35,10.84,11.22,11.4,11.62
2023-04-05,7.41,7.5,7.62,7.74,8.29,8.83,9.73,10.36,10.88,11.27,11.46,11.68
2023-04-06,7.37,7.47,7.59,7.72,8.29,8.85,9.77,10.39,10.92,11.32,11.52,11.74
2023-04-07,7.36,7.47,7.59,7.73,8.3,8.85,9.76,10.39,10.93,11.35,11.56,11.8
2023-04-10,7.33,7.42,7.54,7.68,8.27,8.82,9.75,10.37,10.91,11.34,11.55,11.79
2023-04-11,7.14,7.25,7.38,7.52,8.16,8.77,9.77,10.42,10.95,11.32,11.51,11.72
2023-04-12,7.18,7.26,7.38,7.51,8.14,8.77,9.78,10.44,10.98,11.37,11.56,11.79
2023-04-13,7.17,7.24,7.35,7.48,8.1,8.73,9.76,10.43,10.99,11.4,11.6,11.83
2023-04-14,7.22,7.28,7.37,7.49,8.1,8.72,9.75,10.43,10.99,11.41,11.62,11.86
2023-04-17,7.18,7.23,7.32,7.44,8.07,8.72,9.77,10.45,10.99,11.4,11.6,11.83
2023-04-18,7.19,7.22,7.29,7.41,8.01,8.66,9.74,10.43,10.99,11.42,11.64,11.88
2023-04-19,7.21,7.24,7.32,7.43,8.02,8.67,9.74,10.44,11.02,11.46,11.68,11.93
2023-04-20,7.2,7.19,7.25,7.34,7.96,8.63,9.74,10.43,11.0,11.41,11.61,11.84
2023-04-21,7.28,7.23,7.26,7.34,7.94,8.63,9.75,10.44,10.98,11.37,11.57,11.79
2023-04-24,7.25,7.25,7.31,7.41,8.01,8.66,9.73,10.42,10.97,11.37,11.57,11.79
2023-04-25,7.2,7.2,7.26,7.36,7.96,8.6,9.69,10.4,11.0,11.44,11.64,11.88
2023-04-26,7.29,7.31,7.37,7.46,8.0,8.6,9.66,10.39,11.01,11.48,11.71,11.97
2023-04-27,7.18,7.19,7.25,7.35,7.92,8.56,9.65,10.38,10.99,11.44,11.65,11.9
2023-04-28,7.23,7.26,7.33,7.44,7.98,8.58,9.61,10.33,10.93,11.37,11.59,11.85
2023-05-01,,,,,,,,,,,,
2023-05-02,7.32,7.33,7.38,7.46,7.96,8.53,9.56,10.28,10.91,11.39,11.63,11.89
2023-05-03,7.39,7.39,7.43,7.5,7.97,8.51,9.54,10.27,10.92,11.42,11.68,11.96
2023-05-04,7.39,7.39,7.43,7.5,7.97,8.52,9.55,10.28,10.92,11.42,11.67,11.94
2023-05-05,7.26,7.26,7.31,7.4,7.93,8.51,9.55,10.27,10.89,11.37,11.61,11.87
2023-05-08,7.51,7.46,7.48,7.53,7.97,8.53,9.57,10.3,10.91,11.37,11.59,11.85
2023-05-09,,,,,,,,,,,,
2023-05-10,7.59,7.54,7.55,7.59,8.0,8.53,9.55,10.27,10.89,11.37,11.61,11.87
2023-05-11,7.47,7.45,7.47,7.54,7.99,8.55,9.58,10.29,10.89,11.36,11.59,11.87
2023-05-12,7.54,7.52,7.55,7.62,8.07,8.59,9.58,10.28,10.89,11.37,11.61,11.88
2023-05-15,7.64,7.58,7.57,7.61,8.04,8.59,9.61,10.3,10.88,11.3,11.5,11.75
2023-05-16,7.63,7.59,7.6,7.65,8.06,8.58,9.58,10.29,10.89,11.35,11.58,11.83
2023-05-17,7.67,7.64,7.66,7.72,8.12,8.62,9.58,10.27,10.87,11.35,11.58,11.84
2023-05-18,7.65,7.61,7.62,7.67,8.07,8.59,9.58,10.28,10.89,11.36,11.59,11.85
2023-05-19,7.61,7.57,7.58,7.63,8.05,8.58,9.57,10.27,10.86,11.32,11.55,11.81
2023-05-22,7.53,7.49,7.51,7.57,8.03,8.59,9.59,10.28,10.87,11.32,11.55,11.79
2023-05-23,7.65,7.59,7.59,7.64,8.06,8.61,9.63,10.32,10.88,11.33,11.57,11.82
2023-05-24,7.7,7.65,7.66,7.71,8.12,8.63,9.6,10.28,10.87,11.33,11.56,11.81
2023-05-25,7.55,7.54,7.57,7.64,8.09,8.62,9.59,10.27,10.86,11.31,11.54,11.78
2023-05-26,7.53,7.54,7.6,7.68,8.14,8.65,9.6,10.27,10.85,11.3,11.52,11.77
2023-05-29,7.69,7.69,7.74,7.8,8.21,8.69,9.6,10.27,10.87,11.35,11.59,11.86
2023-05-30,7.63,7.63,7.67,7.74,8.16,8.66,9.6,10.28,10.88,11.37,11.61,11.88
2023-05-31,7.62,7.63,7.67,7.74,8.17,8.67,9.61,10.29,10.88,11.36,11.6,11.86
2023-06-01,7.67,7.67,7.71,7.78,8.2,8.69,9.62,10.3,10.89,11.36,11.6,11.86
2023-06-02,7.68,7.69,7.73,7.8,8.22,8.7,9.62,10.3,10.9,11.38,11.62,11.88
2023-06-05,7.68,7.69,7.73,7.81,8.23,8.72,9.64,10.32,10.92,11.4,11.64,11.9
2023-06-06,7.62,7.65,7.71,7.79,8.23,8.72,9.64,10.32,10.91,11.4,11.66,11.93
2023-06-07,7.6,7.63,7.69,7.78,8.22,8.7,9.63,10.31,10.91,11.4,11.66,11.93
2023-06-08,7.63,7.66,7.72,7.8,8.22,8.7,9.63,10.31,10.92,11.42,11.68,11.97
2023-06-09,7.48,7.56,7.67,7.78,8.28,8.75,9.64,10.32,10.93,11.45,11.72,12.0
2023-06-12,,,,,,,,,,,,
2023-06-13,7.5,7.61,7.72,7.84,8.32,8.77,9.65,10.33,10.96,11.47,11.74,12.03
2023-06-14,7.37,7.53,7.7,7.86,8.4,8.84,9.68,10.34,10.97,11.52,11.8,12.11
2023-06-15,7.28,7.45,7.62,7.78,8.34,8.81,9.68,10.35,10.97,11.51,11.79,12.1
2023-06-16,7.25,7.44,7.63,7.8,8.38,8.83,9.7,10.37,10.98,11.51,11.8,12.11
2023-06-19,7.38,7.54,7.69,7.85,8.39,8.85,9.71,10.37,10.98,11.51,11.79,12.1
2023-06-20,7.42,7.57,7.72,7.87,8.42,8.9,9.8,10.45,11.02,11.5,11.75,12.03
2023-06-21,7.5,7.64,7.78,7.92,8.46,8.92,9.77,10.42,11.02,11.53,11.8,12.09
2023-06-22,7.44,7.59,7.74,7.89,8.45,8.93,9.8,10.43,11.01,11.5,11.75,12.02
2023-06-23,7.49,7.63,7.77,7.91,8.46,8.95,9.84,10.49,11.05,11.54,11.79,12.05
2023-06-26,7.55,7.67,7.8,7.93,8.46,8.95,9.85,10.5,11.06,11.54,11.78,12.05
2023-06-27,7.3,7.48,7.66,7.83,8.47,8.99,9.87,10.49,11.05,11.51,11.74,11.99
2023-06-28,7.49,7.63,7.78,7.93,8.48,8.96,9.84,10.49,11.06,11.56,11.81,12.08
2023-06-29,7.52,7.67,7.82,7.97,8.52,9.0,9.85,10.48,11.04,11.52,11.77,12.04
2023-06-30,7.51,7.67,7.82,7.98,8.56,9.06,9.94,10.56,11.09,11.55,11.79,12.04
2023-07-03,7.55,7.72,7.89,8.04,8.6,9.08,9.93,10.55,11.08,11.54,11.77,12.03
2023-07-04,7.42,7.6,7.78,7.95,8.58,9.11,9.98,10.58,11.11,11.58,11.83,12.09
2023-07-05,7.37,7.57,7.76,7.94,8.58,9.09,9.96,10.58,11.13,11.59,11.84,12.1
2023-07-06,7.39,7.58,7.76,7.94,8.58,9.1,10.0,10.64,11.17,11.62,11.85,12.11
2023-07-07,7.35,7.55,7.75,7.94,8.6,9.14,10.03,10.65,11.19,11.64,11.87,12.12
2023-07-10,7.46,7.64,7.82,8.0,8.65,9.21,10.11,10.69,11.18,11.59,11.81,12.05
2023-07-11,7.44,7.64,7.84,8.02,8.71,9.27,10.13,10.7,11.2,11.61,11.82,12.04
2023-07-12,7.52,7.72,7.91,8.09,8.73,9.25,10.13,10.73,11.23,11.65,11.88,12.12
2023-07-13,7.4,7.63,7.84,8.05,8.73,9.29,10.15,10.72,11.2,11.62,11.84,12.06
2023-07-14,7.39,7.65,7.89,8.1,8.82,9.38,10.2,10.73,11.21,11.59,11.79,11.99
2023-07-17,7.28,7.63,7.94,8.21,9.01,9.58,10.35,10.83,11.22,11.52,11.66,11.79
2023-07-18,7.28,7.61,7.92,8.19,9.04,9.64,10.39,10.84,11.23,11.53,11.67,11.81
2023-07-19,7.15,7.6,7.98,8.3,9.18,9.73,10.44,10.86,11.18,11.42,11.52,11.62
2023-07-20,7.16,7.6,7.97,8.28,9.11,9.65,10.39,10.85,11.22,11.48,11.6,11.71
2023-07-21,7.45,7.8,8.11,8.38,9.21,9.76,10.46,10.86,11.21,11.48,11.61,11.73
2023-07-24,7.57,7.89,8.17,8.41,9.16,9.68,10.41,10.85,11.21,11.49,11.63,11.78
2023-07-25,7.66,7.93,8.17,8.4,9.12,9.64,10.37,10.82,11.2,11.51,11.67,11.83
2023-07-26,7.65,7.9,8.14,8.36,9.08,9.62,10.37,10.83,11.21,11.53,11.7,11.88
2023-07-27,7.71,7.99,8.25,8.47,9.13,9.62,10.33,10.8,11.2,11.51,11.66,11.82
2023-07-28,7.76,8.09,8.37,8.6,9.24,9.71,10.39,10.83,11.2,11.49,11.62,11.77
2023-07-31,7.82,8.2,8.52,8.77,9.4,9.81,10.44,10.86,11.17,11.38,11.47,11.55
2023-08-01,7.86,8.22,8.52,8.77,9.41,9.83,10.45,10.86,11.21,11.46,11.57,11.68
2023-08-02,7.68,8.07,8.4,8.67,9.37,9.83,10.48,10.89,11.21,11.43,11.51,11.58
2023-08-03,7.76,8.23,8.61,8.91,9.59,9.98,10.53,10.9,11.17,11.32,11.36,11.4
2023-08-04,7.83,8.29,8.66,8.96,9.66,10.06,10.58,10.91,11.16,11.3,11.33,11.36
2023-08-07,7.8,8.29,8.68,8.98,9.66,10.02,10.56,10.93,11.2,11.34,11.36,11.37
2023-08-08,7.81,8.35,8.78,9.1,9.79,10.13,10.62,10.97,11.22,11.34,11.35,11.36
2023-08-09,7.88,8.41,8.83,9.16,9.94,10.32,10.77,11.04,11.25,11.37,11.41,11.44
2023-08-10,7.83,8.44,8.9,9.26,10.06,10.42,10.84,11.1,11.29,11.39,11.42,11.44
2023-08-11,7.92,8.54,9.01,9.36,10.1,10.44,10.85,11.11,11.3,11.39,11.4,11.41
2023-08-14,8.39,9.18,9.68,10.01,10.56,10.77,11.05,11.24,11.36,11.41,11.4,11.4
2023-08-15,10.69,10.72,10.75,10.77,10.84,10.94,11.14,11.28,11.36,11.4,11.42,11.45
2023-08-16,10.53,10.56,10.6,10.63,10.76,10.89,11.1,11.24,11.36,11.41,11.44,11.49
2023-08-17,10.17,10.21,10.25,10.29,10.48,10.67,10.96,11.14,11.27,11.36,11.41,11.46
2023-08-18,10.8,10.53,10.39,10.32,10.41,10.62,10.96,11.13,11.23,11.29,11.32,11.38
2023-08-21,10.53,10.3,10.19,10.16,10.34,10.61,10.97,11.15,11.27,11.35,11.4,11.46
2023-08-22,10.56,10.37,10.27,10.23,10.37,10.61,10.97,11.17,11.32,11.41,11.46,11.52
2023-08-23,10.53,10.36,10.28,10.25,10.4,10.62,10.98,11.19,11.35,11.44,11.48,11.54
2023-08-24,10.57,10.43,10.37,10.38,10.58,10.79,11.08,11.25,11.37,11.43,11.46,11.49
2023-08-25,10.55,10.45,10.42,10.43,10.63,10.81,11.08,11.25,11.37,11.45,11.49,11.52
2023-08-28,10.46,10.41,10.42,10.44,10.65,10.85,11.15,11.3,11.39,11.44,11.48,11.51
2023-08-29,10.3,10.36,10.44,10.5,10.7,10.85,11.12,11.3,11.41,11.47,11.51,11.56
2023-08-30,10.08,10.26,10.41,10.52,10.76,10.9,11.14,11.31,11.42,11.47,11.49,11.5
2023-08-31,10.31,10.38,10.45,10.51,10.71,10.86,11.14,11.34,11.47,11.56,11.61,11.68
2023-09-01,10.4,10.48,10.55,10.62,10.82,10.99,11.25,11.4,11.47,11.52,11.55,11.61
2023-09-04,10.56,10.63,10.69,10.73,10.87,11.0,11.25,11.41,11.5,11.55,11.58,11.63
2023-09-05,10.65,10.84,10.97,11.06,11.19,11.22,11.31,11.38,11.41,11.42,11.41,11.4
2023-09-06,11.01,11.37,11.53,11.58,11.6,11.59,11.58,11.57,11.54,11.52,11.52,11.53
2023-09-07,11.53,11.82,11.91,11.92,11.83,11.77,11.72,11.69,11.67,11.67,11.68,11.68
2023-09-08,11.87,11.96,12.04,12.09,12.18,12.17,12.05,11.94,11.81,11.7,11.65,11.61
2023-09-11,11.87,11.95,12.01,12.06,12.11,12.08,11.96,11.86,11.75,11.67,11.64,11.6
2023-09-12,11.81,11.81,11.8,11.8,11.77,11.77,11.78,11.76,11.69,11.6,11.55,11.49
2023-09-13,11.9,11.88,11.87,11.86,11.82,11.79,11.76,11.73,11.65,11.58,11.55,11.54
2023-09-14,12.04,12.02,12.0,11.99,11.95,11.91,11.83,11.75,11.66,11.6,11.57,11.54
2023-09-15,12.27,12.24,12.21,12.18,12.08,11.99,11.85,11.75,11.64,11.57,11.54,11.5
2023-09-18,12.17,12.17,12.16,12.13,11.99,11.87,11.74,11.67,11.61,11.55,11.52,11.48
2023-09-19,12.19,12.16,12.13,12.11,12.01,11.94,11.82,11.75,11.69,11.64,11.62,11.6
2023-09-20,12.14,12.12,12.11,12.09,12.03,11.98,11.88,11.8,11.73,11.68,11.65,11.62
2023-09-21,12.19,12.21,12.2,12.19,12.08,11.97,11.84,11.78,11.72,11.67,11.64,11.62
2023-09-22,12.37,12.35,12.32,12.29,12.15,12.03,11.89,11.81,11.73,11.66,11.63,11.6
2023-09-25,12.26,12.26,12.25,12.24,12.15,12.06,11.94,11.86,11.76,11.65,11.59,11.54
2023-09-26,12.5,12.5,12.47,12.42,12.19,12.04,11.93,11.88,11.82,11.75,11.73,11.72
2023-09-27,12.26,12.4,12.44,12.42,12.22,12.07,11.96,11.9,11.83,11.76,11.72,11.7
2023-09-28,12.39,12.5,12.54,12.54,12.4,12.26,12.09,12.0,11.91,11.83,11.8,11.77
2023-09-29,12.38,12.53,12.58,12.57,12.39,12.24,12.08,12.0,11.93,11.9,11.89,11.88
2023-10-02,12.35,12.49,12.57,12.6,12.55,12.41,12.2,12.08,11.97,11.89,11.86,11.83
2023-10-03,12.37,12.46,12.52,12.56,12.55,12.45,12.25,12.11,11.97,11.86,11.81,11.77
2023-10-04,12.58,12.62,12.64,12.65,12.61,12.54,12.39,12.25,12.05,11.84,11.75,11.68
2023-10-05,12.16,12.4,12.56,12.66,12.72,12.6,12.34,12.17,12.01,11.88,11.82,11.77
2023-10-06,11.9,12.29,12.54,12.68,12.73,12.58,12.35,12.21,12.05,11.88,11.82,11.8
2023-10-09,11.77,12.26,12.55,12.71,12.77,12.6,12.34,12.21,12.09,12.01,11.99,11.96
2023-10-10,11.7,12.16,12.45,12.62,12.73,12.6,12.41,12.29,12.15,12.01,11.95,11.93
2023-10-11,11.55,12.17,12.46,12.59,12.54,12.41,12.26,12.18,12.12,12.11,12.11,12.1
2023-10-12,11.65,12.28,12.51,12.57,12.44,12.32,12.18,12.1,12.03,12.02,12.04,12.05
2023-10-13,11.6,12.22,12.45,12.51,12.39,12.27,12.15,12.08,12.04,12.05,12.06,12.04
2023-10-16,11.66,12.02,12.22,12.32,12.35,12.28,12.18,12.12,12.08,12.06,12.05,12.03
2023-10-17,12.01,12.06,12.11,12.16,12.29,12.33,12.32,12.28,12.22,12.16,12.13,12.1
2023-10-18,11.77,11.91,12.04,12.15,12.43,12.46,12.4,12.35,12.31,12.27,12.25,12.23
2023-10-19,11.99,12.08,12.15,12.22,12.38,12.44,12.43,12.38,12.31,12.25,12.23,12.2
2023-10-20,11.89,12.02,12.12,12.21,12.42,12.48,12.46,12.4,12.32,12.25,12.21,12.18
2023-10-23,12.11,12.24,12.32,12.37,12.43,12.41,12.33,12.26,12.2,12.13,12.09,12.04
2023-10-24,12.35,12.37,12.39,12.42,12.48,12.44,12.37,12.32,12.27,12.21,12.17,12.13
2023-10-25,12.52,12.49,12.46,12.44,12.41,12.39,12.36,12.32,12.27,12.22,12.19,12.16
2023-10-26,12.46,12.44,12.43,12.43,12.45,12.43,12.38,12.35,12.33,12.32,12.31,12.31
2023-10-27,13.4,13.38,13.35,13.3,13.04,12.75,12.43,12.3,12.19,12.1,12.04,11.98
2023-10-30,13.42,13.37,13.33,13.29,13.05,12.75,12.48,12.44,12.44,12.44,12.44,12.43
2023-10-31,13.13,13.06,13.0,12.95,12.78,12.61,12.48,12.48,12.5,12.55,12.6,12.66
2023-11-01,13.05,12.99,12.95,12.91,12.72,12.46,12.22,12.19,12.23,12.32,12.4,12.5
2023-11-02,13.02,12.93,12.84,12.75,12.43,12.25,12.1,12.07,12.09,12.18,12.25,12.33
2023-11-03,13.1,12.85,12.65,12.49,12.1,11.94,11.9,11.95,12.03,12.12,12.19,12.25
2023-11-06,13.12,12.64,12.34,12.14,11.87,11.86,11.92,11.96,12.0,12.04,12.06,12.09
2023-11-07,12.95,12.77,12.63,12.51,12.22,12.01,11.9,11.92,11.96,11.98,11.99,11.99
2023-11-08,13.11,12.75,12.49,12.3,11.94,11.87,11.9,11.94,11.97,11.98,11.98,11.98
2023-11-09,12.76,12.52,12.32,12.15,11.72,11.58,11.58,11.66,11.77,11.86,11.9,11.93
2023-11-10,12.66,12.38,12.16,11.99,11.64,11.52,11.58,11.7,11.82,11.92,11.98,12.04
2023-11-13,12.76,12.36,12.09,11.93,11.73,11.66,11.75,11.87,11.95,12.01,12.04,12.06
2023-11-14,12.96,12.56,12.29,12.12,11.88,11.8,11.84,11.91,11.98,12.02,12.03,12.03
2023-11-15,12.71,12.41,12.18,12.03,11.79,11.75,11.81,11.88,11.94,11.99,12.03,12.06
2023-11-16,12.46,12.28,12.14,12.05,11.87,11.77,11.76,11.82,11.89,11.96,11.99,12.02
2023-11-17,12.77,12.27,12.02,11.9,11.8,11.76,11.75,11.78,11.8,11.8,11.79,11.76
2023-11-20,12.46,12.08,11.94,11.9,11.87,11.75,11.68,11.73,11.78,11.8,11.79,11.77
2023-11-21,12.45,12.02,11.84,11.76,11.67,11.63,11.67,11.75,11.82,11.85,11.83,11.8
2023-11-22,12.46,11.94,11.72,11.64,11.57,11.53,11.57,11.65,11.72,11.75,11.73,11.71
2023-11-23,12.55,11.94,11.64,11.51,11.47,11.52,11.61,11.67,11.72,11.75,11.75,11.74
2023-11-24,13.5,12.26,11.74,11.54,11.51,11.57,11.64,11.69,11.72,11.74,11.75,11.74
2023-11-27,13.29,12.15,11.71,11.55,11.52,11.54,11.61,11.68,11.74,11.78,11.78,11.77
2023-11-28,13.15,12.13,11.74,11.6,11.57,11.54,11.57,11.65,11.73,11.77,11.77,11.77
2023-11-29,13.3,12.05,11.58,11.43,11.49,11.53,11.59,11.65,11.71,11.74,11.75,11.75
2023-11-30,13.51,12.17,11.66,11.5,11.56,11.6,11.64,11.69,11.74,11.77,11.78,11.78
2023-12-01,14.18,13.06,12.61,12.42,12.13,11.85,11.7,11.78,11.88,11.92,11.92,11.9
2023-12-04,14.22,13.26,12.78,12.53,12.17,11.98,11.87,11.87,11.9,11.89,11.88,11.85
2023-12-05,14.65,13.31,12.73,12.46,12.2,12.06,11.95,11.97,12.0,12.01,12.0,11.99
2023-12-06,14.24,13.02,12.51,12.32,12.18,12.06,11.99,12.02,12.07,12.09,12.08,12.07
2023-12-07,14.38,13.11,12.57,12.36,12.24,12.13,12.06,12.1,12.15,12.19,12.21,12.23
2023-12-08,14.64,13.17,12.56,12.33,12.27,12.21,12.15,12.17,12.21,12.25,12.27,12.28
2023-12-11,14.48,13.07,12.48,12.27,12.2,12.18,12.18,12.22,12.27,12.31,12.32,12.34
2023-12-12,14.31,13.27,12.78,12.55,12.39,12.34,12.3,12.31,12.33,12.35,12.37,12.38
2023-12-13,14.52,13.32,12.79,12.57,12.46,12.43,12.41,12.43,12.45,12.47,12.48,12.49
2023-12-14,14.69,13.44,12.89,12.66,12.52,12.49,12.48,12.49,12.52,12.55,12.56,12.57
2023-12-15,14.39,13.33,12.79,12.53,12.34,12.35,12.36,12.37,12.38,12.39,12.4,12.4
2023-12-18,14.15,13.35,12.83,12.51,12.07,11.99,11.98,11.99,11.97,11.93,11.9,11.86
2023-12-19,14.05,13.52,13.13,12.87,12.39,12.09,11.89,11.88,11.9,11.91,11.91,11.89
2023-12-20,14.53,13.4,12.72,12.32,11.84,11.79,11.81,11.83,11.85,11.87,11.87,11.87
2023-12-21,14.43,13.37,12.67,12.23,11.63,11.62,11.77,11.86,11.93,12.0,12.03,12.07
2023-12-22,13.85,12.82,12.35,12.15,11.97,11.91,11.88,11.89,11.9,11.91,11.92,11.93
2023-12-25,13.78,13.0,12.53,12.25,11.91,11.86,11.86,11.86,11.87,11.88,11.89,11.9
2023-12-26,13.33,12.74,12.42,12.25,12.1,12.03,11.98,11.97,11.98,11.98,11.99,12.0
2023-12-27,13.22,12.6,12.28,12.13,12.05,12.03,12.01,12.02,12.03,12.05,12.05,12.05
2023-12-28,12.78,12.72,12.65,12.59,12.4,12.15,11.9,11.84,11.8,11.74,11.68,11.62
2023-12-29,11.73,12.35,12.66,12.78,12.51,12.05,11.75,11.8,11.86,11.84,11.77,11.64
2024-01-01,,,,,,,,,,,,
2024-01-02,,,,,,,,,,,,
2024-01-03,12.89,12.95,12.95,12.9,12.55,12.16,11.82,11.76,11.74,11.7,11.64,11.56
2024-01-04,13.13,13.06,12.98,12.88,12.44,12.04,11.75,11.74,11.75,11.73,11.68,11.61
2024-01-05,13.27,13.12,12.99,12.87,12.45,12.07,11.77,11.72,11.71,11.66,11.62,11.55
2024-01-08,13.44,13.3,13.16,13.04,12.57,12.12,11.79,11.78,11.8,11.77,11.71,11.62
2024-01-09,14.35,13.51,13.06,12.81,12.39,12.16,11.99,11.97,11.98,11.97,11.95,11.93
2024-01-10,13.88,13.67,13.48,13.32,12.72,12.21,11.8,11.75,11.78,11.8,11.81,11.81
2024-01-11,13.65,13.49,13.35,13.23,12.77,12.3,11.88,11.83,11.89,12.04,12.16,12.29
2024-01-12,14.12,13.68,13.35,13.12,12.61,12.23,12.01,12.05,12.15,12.2,12.21,12.2
2024-01-15,13.76,13.61,13.47,13.35,12.86,12.37,11.9,11.81,11.86,12.05,12.21,12.41
2024-01-16,13.7,13.56,13.43,13.32,12.82,12.28,11.81,11.77,11.9,12.18,12.42,12.72
2024-01-17,13.68,13.55,13.44,13.34,12.83,12.23,11.71,11.69,11.89,12.34,12.73,13.26
2024-01-18,13.53,13.23,12.99,12.83,12.47,12.15,11.83,11.77,11.91,12.36,12.79,13.38
2024-01-19,13.47,13.3,13.17,13.07,12.69,12.24,11.73,11.58,11.6,11.92,12.3,12.92
2024-01-22,13.32,13.22,13.15,13.09,12.76,12.28,11.76,11.61,11.63,11.91,12.28,12.92
2024-01-23,13.3,13.23,13.17,13.12,12.79,12.28,11.75,11.6,11.62,11.89,12.26,12.93
2024-01-24,13.47,13.36,13.27,13.18,12.74,12.2,11.67,11.57,11.69,12.13,12.6,13.33
2024-01-25,13.38,13.3,13.23,13.16,12.76,12.21,11.65,11.54,11.62,12.0,12.45,13.22
2024-01-26,13.3,13.24,13.19,13.14,12.79,12.25,11.68,11.53,11.58,11.93,12.37,13.18
2024-01-29,13.47,13.37,13.29,13.23,12.89,12.4,11.84,11.65,11.67,12.0,12.47,13.32
2024-01-30,13.51,13.44,13.38,13.32,12.95,12.41,11.81,11.63,11.66,12.02,12.5,13.39
2024-01-31,13.46,13.39,13.32,13.26,12.87,12.34,11.77,11.6,11.64,12.03,12.54,13.51
2024-02-01,13.49,13.38,13.3,13.23,12.9,12.47,11.95,11.75,11.71,11.96,12.39,13.31
2024-02-02,13.52,13.43,13.36,13.3,12.97,12.49,11.94,11.75,11.74,12.04,12.52,13.48
2024-02-05,13.59,13.49,13.41,13.34,12.99,12.5,11.94,11.75,11.75,12.09,12.58,13.58
2024-02-06,13.57,13.51,13.45,13.39,13.01,12.48,11.9,11.74,11.78,12.18,12.73,13.79
2024-02-07,13.68,13.59,13.5,13.42,12.98,12.45,11.88,11.73,11.82,12.31,12.93,14.04
2024-02-08,13.79,13.68,13.59,13.49,13.02,12.49,11.94,11.8,11.9,12.42,13.07,14.22
2024-02-09,13.88,13.77,13.68,13.57,13.08,12.51,11.92,11.78,11.9,12.47,13.15,14.33
2024-02-12,13.99,13.87,13.75,13.63,13.07,12.49,11.89,11.77,11.94,12.58,13.32,14.53
2024-02-13,13.89,13.79,13.69,13.59,13.11,12.53,11.92,11.78,11.91,12.51,13.23,14.46
2024-02-14,14.13,13.99,13.85,13.7,13.05,12.45,11.92,11.84,11.99,12.57,13.28,14.5
2024-02-15,14.32,14.15,13.98,13.81,13.13,12.55,12.02,11.93,12.09,12.66,13.32,14.43
2024-02-16,14.26,14.04,13.85,13.69,13.15,12.66,12.14,12.03,12.17,12.76,13.43,14.55
2024-02-19,14.13,14.03,13.94,13.84,13.32,12.75,12.18,12.06,12.19,12.73,13.37,14.5
2024-02-20,14.39,14.23,14.07,13.89,13.21,12.65,12.14,12.06,12.2,12.73,13.37,14.46
2024-02-21,14.17,14.08,13.98,13.87,13.29,12.69,12.17,12.11,12.25,12.73,13.33,14.38
2024-02-22,14.31,14.2,14.09,13.98,13.42,12.83,12.22,12.08,12.2,12.73,13.36,14.4
2024-02-23,,,,,,,,,,,,
2024-02-26,14.17,14.08,14.0,13.9,13.42,12.87,12.29,12.14,12.2,12.66,13.24,14.29
2024-02-27,14.34,14.22,14.1,13.97,13.38,12.84,12.29,12.16,12.25,12.74,13.34,14.4
2024-02-28,14.25,14.14,14.04,13.92,13.36,12.82,12.29,12.18,12.28,12.76,13.35,14.37
2024-02-29,13.59,13.6,13.6,13.58,13.28,12.82,12.38,12.28,12.31,12.56,12.96,13.84
2024-03-01,14.02,13.96,13.89,13.79,13.25,12.71,12.23,12.16,12.3,12.79,13.37,14.4
2024-03-04,14.38,14.22,14.06,13.9,13.3,12.88,12.5,12.41,12.47,12.84,13.34,14.28
2024-03-05,14.45,14.29,14.14,13.97,13.35,12.9,12.53,12.49,12.6,12.96,13.39,14.11
2024-03-06,14.38,14.24,14.1,13.96,13.41,12.99,12.63,12.57,12.66,13.0,13.34,13.86
2024-03-07,14.5,14.34,14.19,14.03,13.43,12.97,12.6,12.59,12.73,13.03,13.28,13.59
2024-03-08,,,,,,,,,,,,
2024-03-11,14.48,14.32,14.18,14.02,13.41,12.96,12.61,12.6,12.72,13.01,13.25,13.55
2024-03-12,14.36,14.25,14.13,14.01,13.48,13.05,12.67,12.63,12.74,13.02,13.28,13.62
2024-03-13,14.43,14.34,14.25,14.13,13.59,13.15,12.76,12.69,12.76,13.07,13.38,13.81
2024-03-14,14.54,14.48,14.4,14.28,13.68,13.19,12.8,12.76,12.86,13.19,13.5,13.93
2024-03-15,14.88,14.77,14.64,14.49,13.82,13.3,12.87,12.82,12.95,13.34,13.7,14.19
2024-03-18,14.98,14.87,14.74,14.58,13.87,13.33,12.88,12.83,12.98,13.46,13.91,14.52
2024-03-19,15.07,14.92,14.77,14.59,13.84,13.29,12.86,12.86,13.1,13.65,14.14,14.76
2024-03-20,15.26,15.08,14.9,14.69,13.87,13.31,12.9,12.92,13.17,13.74,14.22,14.83
2024-03-21,15.22,15.08,14.93,14.75,13.97,13.4,12.93,12.89,13.06,13.57,14.04,14.69
2024-03-22,15.29,15.1,14.9,14.68,13.81,13.23,12.83,12.88,13.17,13.76,14.25,14.87
2024-03-25,15.15,14.96,14.78,14.58,13.81,13.29,12.9,12.92,13.18,13.74,14.2,14.78
2024-03-26,15.06,14.84,14.63,14.42,13.73,13.31,13.06,13.14,13.38,13.79,14.09,14.45
2024-03-27,15.07,14.83,14.6,14.37,13.6,13.15,12.87,12.95,13.19,13.56,13.83,14.16
2024-03-28,14.98,14.77,14.57,14.37,13.64,13.18,12.88,12.94,13.16,13.55,13.84,14.17
2024-03-29,15.12,14.87,14.63,14.4,13.65,13.19,12.91,13.0,13.26,13.68,13.97,14.29
2024-04-01,15.09,14.86,14.64,14.41,13.66,13.21,12.96,13.07,13.36,13.82,14.14,14.51
2024-04-02,14.96,14.79,14.63,14.45,13.78,13.32,13.01,13.05,13.26,13.69,14.01,14.4
2024-04-03,14.89,14.74,14.6,14.44,13.81,13.35,13.04,13.08,13.3,13.74,14.09,14.52
2024-04-04,14.78,14.64,14.5,14.35,13.77,13.36,13.06,13.11,13.35,13.83,14.21,14.68
2024-04-05,14.79,14.66,14.52,14.37,13.8,13.41,13.16,13.23,13.48,13.94,14.31,14.76
2024-04-08,14.73,14.63,14.53,14.4,13.86,13.46,13.19,13.24,13.45,13.91,14.31,14.82
2024-04-09,14.82,14.71,14.59,14.45,13.89,13.48,13.2,13.25,13.47,13.95,14.35,14.86
2024-04-10,14.7,14.6,14.5,14.37,13.85,13.49,13.24,13.29,13.5,13.95,14.34,14.85
2024-04-11,14.92,14.79,14.66,14.51,13.93,13.55,13.31,13.37,13.59,14.06,14.46,14.97
2024-04-12,14.93,14.76,14.61,14.47,13.98,13.63,13.35,13.36,13.56,14.04,14.46,15.02
2024-04-15,14.99,14.81,14.63,14.47,13.9,13.53,13.28,13.34,13.59,14.06,14.44,14.92
2024-04-16,14.81,14.59,14.43,14.32,14.02,13.7,13.4,13.4,13.6,14.07,14.48,15.01
2024-04-17,14.87,14.63,14.44,14.32,14.01,13.68,13.38,13.37,13.51,13.86,14.17,14.57
2024-04-18,15.22,14.87,14.58,14.35,13.81,13.5,13.31,13.4,13.65,14.0,14.24,14.5
2024-04-19,15.26,14.9,14.61,14.39,13.84,13.47,13.22,13.26,13.41,13.63,13.77,13.94
2024-04-22,15.0,14.88,14.76,14.61,13.99,13.57,13.26,13.26,13.38,13.58,13.73,13.93
2024-04-23,15.11,14.89,14.69,14.52,13.97,13.62,13.34,13.32,13.43,13.64,13.79,13.96
2024-04-24,15.05,14.83,14.64,14.48,14.01,13.66,13.37,13.34,13.42,13.63,13.8,14.0
2024-04-25,15.02,14.87,14.73,14.58,14.01,13.65,13.38,13.37,13.44,13.61,13.72,13.84
2024-04-26,14.95,14.85,14.75,14.63,14.15,13.79,13.51,13.51,13.61,13.81,13.95,14.12
2024-04-29,14.48,14.47,14.45,14.41,14.15,13.88,13.61,13.54,13.54,13.66,13.8,14.03
2024-04-30,14.65,14.61,14.57,14.51,14.2,13.89,13.61,13.56,13.59,13.75,13.91,14.12
2024-05-01,,,,,,,,,,,,
2024-05-02,15.12,15.04,14.96,14.86,14.4,14.02,13.67,13.59,13.61,13.78,13.95,14.19
2024-05-03,15.12,15.06,15.0,14.9,14.46,14.07,13.69,13.59,13.61,13.79,13.98,14.28
2024-05-06,15.24,15.18,15.11,15.0,14.45,14.02,13.66,13.61,13.67,13.9,14.12,14.43
2024-05-07,15.1,15.05,14.99,14.89,14.41,14.03,13.7,13.64,13.69,13.92,14.16,14.48
2024-05-08,15.04,15.01,14.95,14.86,14.37,14.0,13.72,13.69,13.73,13.91,14.12,14.44
2024-05-09,,,,,,,,,,,,
2024-05-10,15.3,15.2,15.09,14.96,14.42,14.02,13.69,13.63,13.69,13.92,14.14,14.47
2024-05-13,15.21,15.17,15.13,15.04,14.6,14.2,13.85,13.78,13.8,14.01,14.24,14.59
2024-05-14,14.99,15.02,15.01,14.96,14.6,14.32,14.08,14.02,14.01,14.15,14.36,14.72
2024-05-15,15.02,15.01,14.98,14.92,14.6,14.37,14.12,14.01,13.94,13.98,14.1,14.4
2024-05-16,14.92,14.88,14.84,14.79,14.63,14.48,14.26,14.13,14.02,13.96,14.02,14.25
2024-05-17,14.83,14.81,14.79,14.77,14.63,14.49,14.27,14.14,14.01,13.93,13.96,14.13
2024-05-20,14.83,14.85,14.85,14.85,14.73,14.58,14.35,14.21,14.08,14.0,14.02,14.18
2024-05-21,14.87,14.92,14.96,14.97,14.9,14.73,14.47,14.3,14.16,14.08,14.09,14.24
2024-05-22,15.03,15.06,15.07,15.07,14.96,14.8,14.53,14.35,14.2,14.06,14.01,14.03
2024-05-23,14.97,15.08,15.18,15.23,15.18,15.0,14.71,14.53,14.37,14.23,14.17,14.19
2024-05-24,14.98,15.1,15.22,15.31,15.39,15.22,14.88,14.67,14.5,14.34,14.26,14.24
2024-05-27,15.21,15.39,15.55,15.64,15.62,15.36,14.98,14.79,14.65,14.49,14.39,14.3
2024-05-28,15.17,15.34,15.48,15.56,15.53,15.32,14.99,14.78,14.59,14.4,14.27,14.15
2024-05-29,15.31,15.54,15.74,15.84,15.8,15.54,15.13,14.9,14.73,14.56,14.45,14.33
2024-05-30,15.08,15.36,15.6,15.74,15.8,15.52,15.09,14.89,14.75,14.64,14.57,14.5
2024-05-31,15.13,15.37,15.59,15.73,15.81,15.59,15.23,15.06,14.96,14.85,14.78,14.71
2024-06-03,15.1,15.38,15.63,15.79,15.89,15.69,15.35,15.14,14.96,14.8,14.71,14.6
2024-06-04,15.25,15.47,15.66,15.77,15.78,15.5,15.08,14.85,14.67,14.45,14.28,14.04
2024-06-05,14.88,15.37,15.64,15.77,15.7,15.41,15.0,14.79,14.62,14.46,14.37,14.3
2024-06-06,14.99,15.48,15.75,15.89,15.79,15.47,15.02,14.79,14.61,14.45,14.37,14.3
2024-06-07,14.96,15.36,15.61,15.75,15.78,15.52,15.05,14.78,14.57,14.39,14.3,14.2
2024-06-10,15.02,15.4,15.64,15.79,15.86,15.66,15.28,15.06,14.89,14.73,14.65,14.58
2024-06-11,14.78,15.17,15.44,15.62,15.82,15.69,15.34,15.09,14.89,14.7,14.6,14.52
2024-06-12,,,,,,,,,,,,
2024-06-13,14.99,15.39,15.66,15.82,15.94,15.75,15.38,15.17,14.99,14.83,14.74,14.66
2024-06-14,15.14,15.53,15.77,15.92,15.95,15.73,15.34,15.13,14.97,14.84,14.78,14.74
2024-06-17,15.24,15.73,16.05,16.23,16.33,16.09,15.64,15.39,15.18,14.99,14.88,14.8
2024-06-18,15.36,15.9,16.24,16.42,16.48,16.2,15.73,15.48,15.28,15.13,15.06,14.98
2024-06-19,15.7,16.24,16.56,16.72,16.64,16.29,15.78,15.51,15.31,15.17,15.1,15.03
2024-06-20,15.6,16.15,16.5,16.7,16.79,16.51,15.98,15.68,15.45,15.27,15.18,15.08
2024-06-21,15.54,16.01,16.34,16.56,16.78,16.56,16.0,15.61,15.29,15.03,14.9,14.76
2024-06-24,15.48,15.99,16.34,16.56,16.77,16.52,15.93,15.55,15.22,14.93,14.77,14.64
2024-06-25,15.52,16.01,16.34,16.55,16.7,16.42,15.83,15.45,15.13,14.88,14.75,14.61
2024-06-26,15.28,15.76,16.08,16.28,16.4,16.13,15.58,15.25,14.99,14.74,14.61,14.49
2024-06-27,15.59,16.06,16.36,16.53,16.54,16.21,15.62,15.28,15.01,14.8,14.68,14.55
2024-06-28,15.89,16.37,16.64,16.76,16.61,16.21,15.63,15.33,15.11,14.93,14.83,14.73
2024-07-01,15.79,16.33,16.59,16.68,16.42,16.03,15.55,15.31,15.14,15.01,14.94,14.88
2024-07-02,15.86,16.37,16.63,16.72,16.47,16.06,15.56,15.31,15.14,15.02,14.96,14.89
2024-07-03,15.55,16.05,16.34,16.48,16.41,16.08,15.58,15.32,15.12,14.95,14.86,14.79
2024-07-04,15.53,16.05,16.36,16.53,16.53,16.22,15.71,15.43,15.22,15.1,15.03,14.94
2024-07-05,15.7,16.41,16.79,16.95,16.74,16.31,15.77,15.51,15.32,15.18,15.12,15.05
2024-07-08,15.49,16.21,16.62,16.82,16.76,16.37,15.83,15.55,15.35,15.19,15.11,15.02
2024-07-09,15.55,16.23,16.64,16.86,16.87,16.49,15.91,15.61,15.38,15.2,15.1,14.99
2024-07-10,15.33,16.04,16.48,16.74,16.84,16.52,15.98,15.69,15.46,15.26,15.16,15.06
2024-07-11,15.68,16.42,16.82,17.02,16.9,16.48,15.92,15.64,15.44,15.3,15.24,15.17
2024-07-12,15.95,16.65,17.03,17.2,17.04,16.61,16.03,15.74,15.52,15.37,15.29,15.21
2024-07-15,15.42,16.19,16.68,16.99,17.2,16.9,16.31,15.98,15.72,15.51,15.4,15.28
2024-07-16,15.37,16.07,16.56,16.9,17.33,17.16,16.59,16.19,15.84,15.55,15.4,15.26
2024-07-17,14.83,15.71,16.31,16.71,17.19,17.02,16.54,16.24,16.02,15.83,15.72,15.61
2024-07-18,15.13,15.88,16.39,16.73,17.15,16.95,16.36,15.97,15.67,15.42,15.29,15.13
2024-07-19,15.22,15.69,16.04,16.3,16.76,16.73,16.32,15.97,15.67,15.42,15.27,15.1
2024-07-22,15.22,15.77,16.16,16.43,16.81,16.68,16.17,15.8,15.5,15.24,15.12,15.0
2024-07-23,15.52,16.12,16.53,16.8,17.08,16.86,16.31,15.94,15.64,15.41,15.3,15.18
2024-07-24,15.88,16.41,16.75,16.96,17.07,16.77,16.18,15.82,15.53,15.28,15.16,15.05
2024-07-25,16.08,16.49,16.75,16.9,16.9,16.61,16.07,15.76,15.5,15.3,15.2,15.1
2024-07-26,16.61,16.89,17.08,17.2,17.28,17.07,16.57,16.22,15.92,15.66,15.51,15.37
2024-07-29,16.19,16.51,16.75,16.92,17.17,17.09,16.71,16.4,16.11,15.83,15.68,15.57
2024-07-30,15.82,16.26,16.59,16.81,17.09,16.95,16.48,16.14,15.86,15.6,15.47,15.32
2024-07-31,16.28,16.8,17.09,17.23,17.09,16.7,16.15,15.87,15.68,15.53,15.44,15.35
2024-08-01,16.11,16.53,16.8,16.96,17.02,16.71,16.1,15.72,15.42,15.18,15.04,14.89
2024-08-02,16.16,16.52,16.77,16.93,17.06,16.82,16.22,15.79,15.45,15.16,14.99,14.81
2024-08-05,16.14,16.58,16.87,17.03,17.05,16.74,16.18,15.83,15.55,15.32,15.2,15.09
2024-08-06,16.16,16.48,16.71,16.87,17.03,16.82,16.23,15.78,15.38,15.02,14.84,14.65
2024-08-07,16.47,16.72,16.89,16.99,17.01,16.73,16.06,15.56,15.1,14.72,14.52,14.31
2024-08-08,16.4,16.59,16.72,16.81,16.82,16.57,15.92,15.39,14.89,14.42,14.16,13.91
2024-08-09,16.62,16.76,16.85,16.9,16.83,16.54,15.85,15.31,14.78,14.28,14.02,13.77
2024-08-12,16.6,16.74,16.83,16.87,16.79,16.49,15.83,15.33,14.87,14.45,14.23,14.02
2024-08-13,16.72,16.84,16.91,16.95,16.82,16.5,15.83,15.33,14.86,14.42,14.18,13.96
2024-08-14,16.65,16.86,16.96,16.97,16.66,16.21,15.54,15.21,14.99,14.79,14.66,14.52
2024-08-15,16.98,17.23,17.32,17.31,16.91,16.46,15.87,15.58,15.37,15.24,15.17,15.07
2024-08-16,16.92,17.1,17.2,17.25,17.12,16.8,16.15,15.72,15.36,15.05,14.88,14.69
2024-08-19,16.81,17.02,17.15,17.22,17.14,16.83,16.2,15.77,15.39,15.07,14.9,14.72
2024-08-20,16.63,16.97,17.19,17.32,17.27,16.91,16.22,15.79,15.43,15.15,15.0,14.84
2024-08-21,16.94,17.23,17.39,17.46,17.26,16.84,16.16,15.77,15.45,15.19,15.06,14.91
2024-08-22,17.06,17.32,17.47,17.55,17.4,17.0,16.25,15.77,15.37,15.04,14.87,14.68
2024-08-23,16.39,17.41,17.9,18.08,17.65,17.02,16.29,15.95,15.67,15.44,15.33,15.25
2024-08-26,17.12,17.96,18.35,18.47,17.93,17.24,16.41,16.01,15.68,15.45,15.34,15.21
2024-08-27,17.24,17.9,18.17,18.21,17.63,17.03,16.36,16.03,15.75,15.51,15.4,15.32
2024-08-28,17.27,17.88,18.17,18.24,17.77,17.17,16.45,16.09,15.82,15.6,15.49,15.41
2024-08-29,17.06,17.7,18.05,18.18,17.85,17.27,16.49,16.1,15.79,15.54,15.41,15.28
2024-08-30,17.4,17.92,18.22,18.35,18.11,17.55,16.68,16.18,15.78,15.5,15.37,15.22
2024-09-02,17.51,18.05,18.34,18.45,18.13,17.54,16.69,16.23,15.88,15.64,15.53,15.41
2024-09-03,17.59,18.13,18.43,18.55,18.25,17.64,16.74,16.26,15.88,15.63,15.5,15.35
2024-09-04,17.61,18.07,18.32,18.41,18.05,17.44,16.53,16.03,15.61,15.25,15.07,14.9
2024-09-05,17.51,17.99,18.25,18.36,18.02,17.38,16.38,15.8,15.33,14.93,14.72,14.5
2024-09-06,17.28,17.74,18.04,18.2,18.1,17.55,16.43,15.7,15.08,14.55,14.27,13.97
2024-09-09,17.28,17.62,17.84,17.97,17.93,17.48,16.49,15.76,15.1,14.51,14.18,13.85
2024-09-10,17.54,17.84,18.04,18.14,18.0,17.51,16.54,15.87,15.29,14.8,14.54,14.26
2024-09-11,17.39,17.71,17.91,18.0,17.83,17.33,16.4,15.78,15.26,14.82,14.6,14.38
2024-09-12,17.56,17.95,18.19,18.32,18.2,17.7,16.71,16.07,15.52,15.08,14.86,14.62
2024-09-13,18.4,18.56,18.64,18.66,18.38,17.86,16.85,16.13,15.48,14.97,14.73,14.49
2024-09-16,18.36,18.49,18.56,18.58,18.35,17.9,16.95,16.23,15.55,14.98,14.68,14.37
2024-09-17,18.62,18.74,18.8,18.8,18.51,18.01,17.03,16.3,15.63,15.06,14.77,14.47
2024-09-18,18.69,18.8,18.86,18.87,18.62,18.16,17.19,16.46,15.75,15.15,14.84,14.54
2024-09-19,18.51,18.62,18.69,18.71,18.54,18.15,17.27,16.54,15.81,15.16,14.81,14.47
2024-09-20,18.43,18.54,18.6,18.62,18.49,18.14,17.3,16.58,15.8,15.06,14.66,14.25
2024-09-23,18.51,18.61,18.66,18.68,18.53,18.16,17.29,16.56,15.78,15.02,14.62,14.22
2024-09-24,18.64,18.72,18.76,18.76,18.56,18.16,17.25,16.48,15.68,14.94,14.55,14.12
2024-09-25,18.63,18.71,18.75,18.76,18.55,18.13,17.21,16.45,15.68,14.95,14.56,14.15
2024-09-26,18.88,18.94,18.97,18.96,18.68,18.21,17.24,16.48,15.73,15.03,14.66,14.28
2024-09-27,19.03,19.08,19.09,19.07,18.79,18.34,17.37,16.58,15.78,15.04,14.64,14.23
2024-09-30,19.49,19.5,19.48,19.43,19.05,18.52,17.47,16.65,15.85,15.1,14.68,14.24
2024-10-01,19.64,19.66,19.63,19.58,19.14,18.57,17.49,16.67,15.87,15.18,14.83,14.48
2024-10-02,19.5,19.52,19.51,19.47,19.12,18.62,17.6,16.8,16.02,15.32,14.93,14.52
2024-10-03,19.76,19.77,19.76,19.71,19.33,18.81,17.78,16.98,16.18,15.45,15.07,14.68
2024-10-04,19.75,19.82,19.84,19.82,19.47,18.92,17.8,16.94,16.13,15.44,15.09,14.74
2024-10-07,19.73,19.83,19.89,19.89,19.63,19.13,18.02,17.15,16.31,15.58,15.2,14.8
2024-10-08,19.34,19.48,19.57,19.61,19.48,19.07,18.08,17.24,16.37,15.55,15.12,14.69
2024-10-09,19.44,19.58,19.66,19.7,19.55,19.13,18.12,17.27,16.39,15.56,15.12,14.69
2024-10-10,19.31,19.44,19.52,19.56,19.44,19.05,18.08,17.22,16.3,15.44,15.0,14.58
2024-10-11,19.17,19.31,19.4,19.44,19.34,18.96,18.0,17.14,16.23,15.35,14.9,14.46
2024-10-14,19.16,19.31,19.41,19.47,19.38,19.0,18.01,17.14,16.2,15.3,14.81,14.32
2024-10-15,19.14,19.31,19.42,19.48,19.41,19.04,18.05,17.17,16.24,15.39,14.94,14.47
2024-10-16,18.96,19.14,19.28,19.36,19.36,19.02,18.02,17.14,16.24,15.41,14.98,14.55
2024-10-17,18.89,19.1,19.24,19.34,19.37,19.04,18.08,17.21,16.3,15.48,15.06,14.64
2024-10-18,19.04,19.24,19.39,19.48,19.47,19.09,18.05,17.14,16.25,15.47,15.07,14.66
2024-10-21,19.26,19.46,19.59,19.67,19.61,19.2,18.1,17.15,16.2,15.37,14.93,14.48
2024-10-22,19.74,19.94,20.06,20.13,19.97,19.45,18.18,17.12,16.11,15.28,14.88,14.46
2024-10-23,19.57,19.81,19.97,20.05,19.95,19.44,18.15,17.06,16.03,15.19,14.79,14.36
2024-10-24,19.7,19.98,20.16,20.27,20.17,19.66,18.34,17.24,16.17,15.28,14.83,14.37
2024-10-25,20.53,20.77,20.92,20.98,20.75,20.14,18.71,17.55,16.42,15.46,14.99,14.5
2024-10-28,20.57,20.8,20.95,21.02,20.88,20.37,19.04,17.89,16.71,15.71,15.2,14.67
2024-10-29,20.53,20.75,20.9,20.98,20.84,20.31,19.01,17.9,16.77,15.76,15.23,14.68
2024-10-30,20.54,20.73,20.84,20.9,20.72,20.19,18.91,17.81,16.68,15.68,15.15,14.59
2024-10-31,21.72,21.81,21.85,21.83,21.39,20.71,19.26,18.08,16.89,15.83,15.28,14.7
2024-11-01,21.68,21.75,21.77,21.74,21.3,20.62,19.2,18.04,16.84,15.76,15.2,14.62
2024-11-04,,,,,,,,,,,,
2024-11-05,21.76,21.8,21.79,21.74,21.25,20.57,19.14,17.98,16.76,15.62,15.02,14.41
2024-11-06,22.09,22.08,22.02,21.93,21.29,20.47,18.91,17.71,16.53,15.45,14.86,14.25
2024-11-07,21.9,21.87,21.79,21.67,20.95,20.06,18.41,17.18,16.0,14.96,14.42,13.86
2024-11-08,21.9,21.85,21.76,21.62,20.88,20.0,18.38,17.14,15.91,14.83,14.28,13.73
2024-11-11,21.46,21.44,21.37,21.28,20.67,19.9,18.4,17.19,15.95,14.84,14.27,13.69
2024-11-12,21.42,21.42,21.37,21.27,20.6,19.76,18.19,17.0,15.85,14.86,14.37,13.88
2024-11-13,21.48,21.45,21.38,21.27,20.57,19.72,18.12,16.91,15.71,14.69,14.17,13.66
2024-11-14,21.61,21.57,21.49,21.36,20.63,19.74,18.09,16.88,15.72,14.74,14.23,13.69
2024-11-15,21.73,21.68,21.57,21.43,20.64,19.72,18.09,16.9,15.76,14.79,14.3,13.82
2024-11-18,21.37,21.34,21.26,21.15,20.48,19.67,18.15,17.02,15.93,14.98,14.47,13.96
2024-11-19,21.67,21.64,21.57,21.47,20.86,20.1,18.63,17.47,16.29,15.17,14.58,14.0
2024-11-20,21.51,21.49,21.42,21.32,20.7,19.9,18.4,17.27,16.18,15.21,14.71,14.21
2024-11-21,21.87,21.84,21.76,21.63,20.89,20.0,18.42,17.3,16.3,15.45,15.01,14.53
2024-11-22,21.93,21.87,21.77,21.62,20.83,19.91,18.33,17.23,16.23,15.39,14.96,14.51
2024-11-25,22.18,22.1,21.97,21.81,20.98,20.07,18.47,17.34,16.27,15.37,14.91,14.46
2024-11-26,22.38,22.27,22.12,21.94,21.04,20.08,18.46,17.36,16.36,15.51,15.09,14.67
2024-11-27,22.89,22.73,22.52,22.28,21.18,20.09,18.4,17.3,16.33,15.56,15.17,14.79
2024-11-28,22.91,22.74,22.54,22.31,21.27,20.22,18.5,17.33,16.29,15.42,14.97,14.52
2024-11-29,23.22,23.01,22.78,22.53,21.44,20.37,18.61,17.38,16.24,15.27,14.78,14.29
2024-12-02,23.49,23.24,22.96,22.68,21.46,20.31,18.48,17.26,16.17,15.27,14.8,14.31
2024-12-03,23.36,23.12,22.86,22.59,21.43,20.31,18.47,17.2,16.05,15.12,14.64,14.1
2024-12-04,23.27,23.04,22.8,22.54,21.44,20.35,18.54,17.26,16.06,15.05,14.53,13.97
2024-12-05,23.62,23.36,23.07,22.78,21.55,20.4,18.54,17.27,16.09,15.11,14.6,14.06
2024-12-06,23.58,23.3,23.0,22.69,21.4,20.2,18.34,17.13,16.07,15.25,14.83,14.35
2024-12-09,23.06,22.85,22.62,22.37,21.31,20.27,18.54,17.35,16.29,15.44,15.01,14.53
2024-12-10,22.67,22.52,22.33,22.12,21.17,20.2,18.56,17.41,16.35,15.5,15.08,14.64
2024-12-11,22.85,22.65,22.42,22.17,21.07,20.0,18.26,17.08,16.04,15.2,14.77,14.3
2024-12-12,23.15,22.95,22.73,22.47,21.36,20.28,18.57,17.46,16.51,15.79,15.43,15.01
2024-12-13,22.88,22.69,22.46,22.21,21.12,20.08,18.44,17.36,16.41,15.66,15.29,14.89
2024-12-16,22.97,22.78,22.56,22.33,21.34,20.35,18.71,17.55,16.41,15.35,14.77,14.17
2024-12-17,23.02,22.84,22.64,22.43,21.48,20.53,18.87,17.64,16.4,15.21,14.6,14.05
2024-12-18,22.67,22.55,22.38,22.2,21.32,20.39,18.72,17.47,16.21,15.0,14.35,13.73
2024-12-19,22.41,22.35,22.24,22.1,21.35,20.49,18.86,17.58,16.23,14.94,14.24,13.56
2024-12-20,20.28,20.25,20.19,20.09,19.49,18.77,17.45,16.45,15.42,14.43,13.9,13.37
2024-12-23,18.61,18.58,18.52,18.43,17.96,17.4,16.39,15.62,14.83,14.07,13.65,13.23
2024-12-24,18.29,18.35,18.37,18.35,18.05,17.57,16.57,15.78,14.98,14.24,13.84,13.43
2024-12-25,18.33,18.33,18.3,18.24,17.88,17.44,16.58,15.91,15.21,14.52,14.15,13.8
2024-12-26,17.97,17.99,17.98,17.96,17.7,17.33,16.57,15.95,15.28,14.62,14.26,13.94
2024-12-27,17.49,17.59,17.64,17.67,17.56,17.29,16.65,16.08,15.43,14.75,14.36,13.99
2024-12-30,18.8,18.75,18.68,18.58,18.06,17.48,16.53,15.87,15.22,14.57,14.22,13.9
2024-12-31,,,,,,,,,,,,
2025-01-01,,,,,,,,,,,,
2025-01-02,,,,,,,,,,,,
2025-01-03,18.7,18.62,18.52,18.41,17.92,17.41,16.57,15.96,15.38,14.86,14.57,14.28
2025-01-06,19.1,18.96,18.82,18.66,18.03,17.43,16.48,15.81,15.18,14.63,14.34,14.05
2025-01-07,,,,,,,,,,,,
2025-01-08,19.43,19.26,19.07,18.87,18.11,17.42,16.37,15.68,15.07,14.6,14.37,14.1
2025-01-09,18.77,18.68,18.57,18.46,17.97,17.48,16.72,16.19,15.64,15.08,14.77,14.49
2025-01-10,19.06,18.93,18.79,18.64,18.05,17.52,16.73,16.21,15.7,15.2,14.92,14.67
2025-01-13,19.03,18.86,18.7,18.54,17.93,17.41,16.67,16.18,15.7,15.21,14.94,14.7
2025-01-14,19.07,18.91,18.74,18.58,17.98,17.46,16.71,16.22,15.76,15.28,15.01,14.77
2025-01-15,19.32,19.16,19.0,18.84,18.24,17.73,16.93,16.39,15.86,15.34,15.07,14.83
2025-01-16,19.39,19.23,19.06,18.89,18.25,17.71,16.9,16.35,15.8,15.25,14.95,14.69
2025-01-17,19.45,19.29,19.13,18.97,18.35,17.81,17.0,16.45,15.88,15.3,15.0,14.74
2025-01-20,19.24,19.08,18.92,18.75,18.14,17.6,16.83,16.31,15.78,15.24,14.94,14.67
2025-01-21,19.32,19.16,19.0,18.84,18.23,17.7,16.94,16.44,15.94,15.42,15.13,14.87
2025-01-22,20.0,19.74,19.49,19.25,18.4,17.77,16.93,16.4,15.89,15.4,15.14,14.93
2025-01-23,19.45,19.27,19.09,18.92,18.28,17.75,16.99,16.48,15.96,15.45,15.17,14.94
2025-01-24,19.44,19.25,19.06,18.88,18.24,17.72,16.99,16.52,16.04,15.57,15.32,15.11
2025-01-27,20.19,19.71,19.3,18.94,17.94,17.36,16.8,16.56,16.38,16.2,16.09,16.0
2025-01-28,20.4,19.79,19.29,18.88,17.83,17.29,16.81,16.61,16.45,16.29,16.19,16.12
2025-01-29,19.34,19.07,18.83,18.6,17.91,17.46,16.92,16.63,16.37,16.11,15.96,15.83
2025-01-30,18.79,18.62,18.47,18.32,17.84,17.48,17.01,16.73,16.48,16.2,16.05,15.92
2025-01-31,18.68,18.54,18.42,18.29,17.86,17.53,17.08,16.81,16.53,16.24,16.08,15.95
2025-02-03,18.96,18.84,18.72,18.6,18.17,17.82,17.32,16.96,16.6,16.22,16.0,15.8
2025-02-04,19.23,19.1,18.97,18.85,18.38,18.0,17.41,17.0,16.6,16.18,15.95,15.75
2025-02-05,19.51,19.33,19.14,18.95,18.27,17.8,17.27,16.96,16.63,16.23,15.99,15.78
2025-02-06,19.74,19.51,19.29,19.08,18.38,17.86,17.17,16.75,16.36,15.98,15.77,15.58
2025-02-07,19.71,19.48,19.26,19.05,18.35,17.83,17.12,16.68,16.27,15.86,15.63,15.42
2025-02-10,19.77,19.53,19.3,19.08,18.35,17.84,17.16,16.72,16.28,15.85,15.62,15.42
2025-02-11,19.78,19.56,19.35,19.15,18.48,17.98,17.28,16.81,16.34,15.87,15.63,15.41
2025-02-12,19.82,19.59,19.36,19.14,18.41,17.91,17.2,16.75,16.3,15.85,15.6,15.37
2025-02-13,20.25,19.67,19.17,18.74,17.52,16.8,16.07,15.69,15.35,15.02,14.85,14.74
2025-02-14,19.85,19.51,19.2,18.91,18.01,17.41,16.69,16.29,15.93,15.57,15.37,15.19
2025-02-17,20.0,19.64,19.32,19.02,18.08,17.41,16.62,16.19,15.8,15.46,15.28,15.11
2025-02-18,19.77,19.42,19.1,18.82,17.91,17.28,16.53,16.13,15.79,15.49,15.33,15.2
2025-02-19,19.78,19.44,19.14,18.86,17.96,17.33,16.57,16.15,15.8,15.46,15.28,15.13
2025-02-20,19.74,19.39,19.07,18.77,17.85,17.21,16.45,16.04,15.69,15.36,15.19,15.03
2025-02-21,19.71,19.39,19.1,18.83,17.94,17.3,16.5,16.05,15.67,15.32,15.14,14.99
2025-02-24,19.75,19.44,19.15,18.88,18.0,17.36,16.54,16.07,15.63,15.23,15.03,14.85
2025-02-25,19.77,19.45,19.14,18.87,17.95,17.29,16.48,16.03,15.63,15.24,15.04,14.87
2025-02-26,19.84,19.47,19.13,18.82,17.82,17.13,16.32,15.89,15.5,15.15,14.97,14.82
2025-02-27,19.75,19.4,19.07,18.77,17.78,17.13,16.34,15.91,15.52,15.15,14.97,14.83
2025-02-28,19.94,19.57,19.24,18.93,17.94,17.25,16.41,15.94,15.52,15.13,14.93,14.76
2025-03-03,19.82,19.41,19.04,18.71,17.69,17.05,16.31,15.91,15.55,15.21,15.03,14.88
2025-03-04,19.56,19.13,18.75,18.42,17.41,16.79,16.1,15.76,15.46,15.17,15.02,14.91
2025-03-05,20.65,19.58,18.76,18.12,16.66,16.06,15.62,15.44,15.29,15.11,15.02,14.97
2025-03-06,20.81,19.57,18.61,17.88,16.24,15.64,15.3,15.19,15.1,14.98,14.93,14.9
2025-03-07,21.3,19.75,18.62,17.79,16.11,15.55,15.22,15.12,15.04,14.94,14.87,14.83
2025-03-10,21.05,19.7,18.65,17.82,15.96,15.27,14.91,14.86,14.84,14.81,14.8,14.81
2025-03-11,21.15,19.8,18.77,17.97,16.22,15.57,15.18,15.07,14.97,14.88,14.83,14.81
2025-03-12,21.13,19.8,18.77,17.97,16.2,15.51,15.07,14.92,14.81,14.7,14.64,14.6
2025-03-13,21.53,20.01,18.88,18.03,16.24,15.6,15.18,15.03,14.91,14.79,14.72,14.67
2025-03-14,21.35,19.82,18.66,17.77,15.88,15.24,14.92,14.85,14.78,14.72,14.68,14.65
2025-03-17,21.26,19.67,18.48,17.58,15.69,15.07,14.75,14.67,14.61,14.54,14.51,14.48
2025-03-18,21.61,19.68,18.29,17.28,15.34,14.8,14.61,14.58,14.53,14.49,14.48,14.47
2025-03-19,21.68,19.8,18.43,17.44,15.52,14.94,14.68,14.6,14.52,14.45,14.42,14.42
2025-03-20,21.16,19.26,17.96,17.07,15.49,15.04,14.77,14.67,14.57,14.47,14.42,14.4
2025-03-21,21.01,19.38,18.22,17.4,15.8,15.27,14.93,14.78,14.65,14.51,14.46,14.43
2025-03-24,20.88,19.44,18.4,17.63,16.09,15.56,15.2,15.02,14.86,14.72,14.66,14.63
2025-03-25,21.07,19.65,18.6,17.83,16.25,15.68,15.26,15.06,14.87,14.71,14.65,14.62
2025-03-26,21.09,19.61,18.57,17.82,16.35,15.82,15.39,15.19,15.01,14.87,14.82,14.79
2025-03-27,21.25,19.74,18.67,17.91,16.41,15.89,15.51,15.31,15.1,14.91,14.83,14.81
2025-03-28,21.47,19.92,18.83,18.07,16.56,16.0,15.55,15.36,15.2,15.08,15.03,14.98
2025-03-31,21.52,20.04,18.98,18.2,16.66,16.11,15.72,15.53,15.33,15.14,15.07,15.05
2025-04-01,21.5,20.17,19.15,18.37,16.62,15.97,15.54,15.38,15.22,15.09,15.03,14.99
2025-04-02,21.59,20.17,19.11,18.31,16.63,16.06,15.67,15.48,15.32,15.18,15.13,15.09
2025-04-03,21.66,20.22,19.17,18.39,16.84,16.36,16.01,15.78,15.56,15.4,15.34,15.33
2025-04-04,21.57,20.28,19.3,18.57,17.04,16.54,16.18,15.96,15.76,15.6,15.55,15.53
2025-04-07,21.27,20.22,19.4,18.74,17.24,16.7,16.36,16.2,16.04,15.9,15.84,15.81
2025-04-08,21.47,20.04,19.03,18.3,16.9,16.47,16.16,15.98,15.79,15.63,15.58,15.57
2025-04-09,21.25,20.12,19.29,18.67,17.38,16.91,16.54,16.34,16.13,15.95,15.88,15.87
2025-04-10,21.18,20.07,19.24,18.61,17.25,16.72,16.26,16.02,15.78,15.59,15.53,15.5
2025-04-11,21.18,19.99,19.1,18.44,17.03,16.45,15.96,15.73,15.52,15.35,15.27,15.21
2025-04-14,21.0,19.95,19.14,18.51,17.06,16.42,15.89,15.65,15.45,15.26,15.16,15.1
2025-04-15,21.13,19.93,19.05,18.4,17.02,16.47,16.02,15.83,15.66,15.49,15.41,15.37
2025-04-16,21.27,19.92,18.96,18.27,16.86,16.32,15.89,15.7,15.53,15.38,15.3,15.26
2025-04-17,21.15,19.66,18.66,17.98,16.75,16.28,15.87,15.68,15.54,15.44,15.4,15.39
2025-04-18,20.78,19.77,19.01,18.41,17.07,16.48,16.0,15.79,15.62,15.46,15.38,15.33
2025-04-21,20.88,19.83,19.03,18.41,17.02,16.42,15.92,15.7,15.5,15.32,15.23,15.17
2025-04-22,21.04,19.78,18.87,18.21,16.84,16.3,15.88,15.69,15.53,15.37,15.3,15.26
2025-04-23,21.15,19.76,18.81,18.14,16.86,16.35,15.93,15.74,15.59,15.49,15.45,15.42
2025-04-24,20.88,19.77,18.94,18.32,16.98,16.38,15.86,15.62,15.44,15.28,15.21,15.17
2025-04-25,20.83,19.7,18.86,18.24,16.87,16.28,15.77,15.54,15.39,15.27,15.21,15.17
2025-04-28,20.74,19.44,18.56,17.95,16.79,16.31,15.87,15.67,15.55,15.46,15.42,15.4
2025-04-29,20.96,19.78,18.94,18.34,17.1,16.57,16.1,15.88,15.73,15.62,15.57,15.54
2025-04-30,20.33,19.4,18.71,18.19,17.06,16.53,16.04,15.81,15.63,15.49,15.43,15.41
2025-05-01,,,,,,,,,,,,
2025-05-02,20.67,19.53,18.76,18.23,17.28,16.86,16.35,16.03,15.79,15.65,15.64,15.66
2025-05-05,20.88,19.9,19.18,18.64,17.52,16.97,16.41,16.12,15.89,15.73,15.68,15.66
2025-05-06,20.88,19.7,18.89,18.34,17.33,16.9,16.43,16.16,15.96,15.84,15.82,15.83
2025-05-07,20.54,19.64,18.95,18.41,17.19,16.62,16.14,15.92,15.75,15.61,15.54,15.49
2025-05-08,20.29,19.04,18.23,17.7,16.81,16.41,16.02,15.83,15.72,15.66,15.64,15.64
2025-05-09,,,,,,,,,,,,
2025-05-12,20.54,19.42,18.63,18.06,16.92,16.44,16.02,15.84,15.71,15.62,15.58,15.57
2025-05-13,20.53,19.35,18.56,18.02,17.02,16.59,16.19,15.99,15.84,15.75,15.72,15.72
2025-05-14,20.76,19.6,18.77,18.17,16.92,16.42,16.02,15.86,15.74,15.62,15.55,15.51
2025-05-15,20.71,19.56,18.75,18.17,17.01,16.54,16.13,15.95,15.83,15.74,15.71,15.69
2025-05-16,20.38,19.32,18.56,18.02,16.93,16.47,16.08,15.9,15.79,15.7,15.67,15.65
2025-05-19,20.05,18.99,18.27,17.77,16.82,16.38,15.98,15.8,15.69,15.62,15.6,15.6
2025-05-20,20.34,19.36,18.62,18.07,16.86,16.37,16.01,15.87,15.77,15.64,15.57,15.53
2025-05-21,20.49,19.62,18.94,18.39,17.05,16.42,15.97,15.84,15.76,15.63,15.55,15.49
2025-05-22,20.46,19.45,18.68,18.08,16.73,16.2,15.89,15.83,15.8,15.72,15.67,15.65
2025-05-23,20.54,19.66,18.95,18.36,16.86,16.18,15.78,15.75,15.77,15.75,15.73,15.73
2025-05-26,20.4,19.35,18.58,18.01,16.82,16.35,16.05,15.97,15.92,15.86,15.84,15.83
2025-05-27,20.19,19.21,18.48,17.94,16.79,16.36,16.08,15.99,15.93,15.83,15.78,15.77
2025-05-28,19.82,18.4,17.52,16.99,16.26,16.06,15.92,15.87,15.85,15.82,15.8,15.78
2025-05-29,20.07,19.02,18.24,17.65,16.43,16.0,15.77,15.73,15.71,15.64,15.59,15.56
2025-05-30,20.04,18.84,18.01,17.42,16.27,15.85,15.58,15.53,15.51,15.46,15.41,15.37
2025-06-02,20.09,18.84,17.96,17.33,16.13,15.73,15.51,15.45,15.41,15.33,15.3,15.3
2025-06-03,20.05,18.64,17.68,17.01,15.81,15.47,15.34,15.32,15.3,15.23,15.19,15.17
2025-06-04,19.98,18.67,17.74,17.06,15.76,15.37,15.2,15.17,15.15,15.07,15.01,15.02
2025-06-05,19.59,18.19,17.28,16.68,15.67,15.39,15.23,15.17,15.09,14.99,14.94,14.94
2025-06-06,19.28,18.11,17.35,16.84,15.96,15.65,15.43,15.35,15.3,15.22,15.18,15.18
2025-06-09,19.46,18.38,17.62,17.08,16.03,15.64,15.35,15.25,15.16,15.06,15.01,14.99
2025-06-10,19.75,18.52,17.63,16.99,15.73,15.33,15.15,15.12,15.1,15.04,15.0,14.99
2025-06-11,19.1,18.27,17.61,17.09,15.84,15.32,15.04,15.02,15.04,15.02,14.99,14.99
2025-06-12,,,,,,,,,,,,
2025-06-13,19.52,17.99,17.03,16.41,15.47,15.23,15.07,15.01,14.98,14.93,14.91,14.92
2025-06-16,18.49,17.87,17.36,16.95,15.95,15.5,15.21,15.14,15.1,15.04,15.01,15.0
2025-06-17,19.21,18.34,17.66,17.14,15.99,15.54,15.26,15.18,15.11,15.02,14.97,14.95
2025-06-18,18.85,18.04,17.4,16.89,15.71,15.26,15.05,15.07,15.12,15.12,15.09,15.06
2025-06-19,18.79,17.95,17.3,16.78,15.6,15.16,14.95,14.94,14.97,14.95,14.93,14.92
2025-06-20,19.1,18.13,17.38,16.8,15.54,15.09,14.92,14.94,14.98,14.97,14.95,14.94
2025-06-23,17.83,17.24,16.76,16.38,15.48,15.12,14.98,15.02,15.09,15.12,15.12,15.14
2025-06-24,17.54,17.01,16.58,16.23,15.44,15.14,15.01,15.04,15.08,15.09,15.08,15.09
2025-06-25,17.56,16.94,16.45,16.07,15.2,14.89,14.82,14.89,14.97,15.0,15.01,15.03
2025-06-26,17.75,16.84,16.19,15.73,14.9,14.73,14.78,14.87,14.94,14.97,14.97,14.99
2025-06-27,17.39,16.6,16.01,15.58,14.73,14.53,14.6,14.73,14.85,14.91,14.93,14.96
2025-06-30,17.3,16.45,15.84,15.4,14.62,14.46,14.52,14.6,14.67,14.7,14.71,14.72
2025-07-01,17.24,16.4,15.81,15.38,14.62,14.47,14.53,14.62,14.7,14.71,14.7,14.7
2025-07-02,16.54,15.99,15.57,15.26,14.63,14.43,14.44,14.54,14.63,14.66,14.67,14.69
2025-07-03,16.44,15.88,15.46,15.16,14.56,14.42,14.48,14.58,14.66,14.69,14.69,14.71
2025-07-04,16.52,15.99,15.59,15.28,14.65,14.47,14.49,14.58,14.66,14.67,14.66,14.67
2025-07-07,16.26,15.73,15.35,15.08,14.58,14.48,14.55,14.63,14.7,14.71,14.71,14.72
2025-07-08,16.21,15.72,15.36,15.1,14.59,14.48,14.53,14.62,14.69,14.71,14.71,14.72
2025-07-09,16.25,15.69,15.34,15.11,14.77,14.71,14.72,14.76,14.78,14.74,14.72,14.72
2025-07-10,15.98,15.44,15.1,14.89,14.6,14.58,14.62,14.67,14.69,14.66,14.64,14.65
2025-07-11,16.13,15.62,15.27,15.03,14.65,14.59,14.63,14.68,14.71,14.69,14.68,14.69
2025-07-14,15.88,15.37,15.05,14.85,14.59,14.56,14.58,14.61,14.64,14.62,14.59,14.58
2025-07-15,15.73,15.21,14.89,14.68,14.38,14.33,14.34,14.36,14.37,14.34,14.31,14.3
2025-07-16,14.73,14.41,14.23,14.14,14.08,14.13,14.21,14.26,14.3,14.29,14.27,14.27
2025-07-17,14.27,14.1,14.02,13.99,14.02,14.09,14.18,14.22,14.26,14.24,14.23,14.24
2025-07-18,14.04,13.91,13.84,13.82,13.86,13.95,14.08,14.16,14.21,14.21,14.2,14.23
2025-07-21,14.21,13.95,13.82,13.77,13.83,13.94,14.08,14.15,14.17,14.15,14.14,14.14
2025-07-22,14.94,14.39,14.09,13.93,13.86,13.97,14.11,14.18,14.23,14.22,14.21,14.23
2025-07-23,15.06,14.44,14.1,13.92,13.83,13.93,14.08,14.15,14.17,14.14,14.13,14.16
2025-07-24,15.15,14.5,14.12,13.91,13.77,13.87,14.04,14.12,14.13,14.07,14.05,14.09
2025-07-25,15.22,14.58,14.22,14.01,13.82,13.87,13.97,14.01,14.02,13.98,13.96,13.97
2025-07-28,14.88,14.33,14.03,13.87,13.77,13.84,13.97,14.04,14.08,14.07,14.06,14.08
2025-07-29,14.94,14.25,13.85,13.62,13.48,13.62,13.86,14.0,14.09,14.1,14.09,14.09
2025-07-30,14.93,14.26,13.89,13.71,13.62,13.73,13.9,13.97,14.0,14.0,14.0,14.02
2025-07-31,14.99,14.27,13.88,13.69,13.6,13.72,13.89,13.99,14.05,14.04,14.02,14.04
2025-08-01,15.03,14.3,13.91,13.71,13.63,13.76,13.94,14.03,14.1,14.1,14.09,14.12
2025-08-04,14.79,13.96,13.52,13.3,13.3,13.56,13.91,14.09,14.19,14.21,14.2,14.21
2025-08-05,14.78,13.92,13.44,13.19,13.16,13.45,13.85,14.04,14.15,14.19,14.21,14.24
2025-08-06,15.26,14.12,13.54,13.26,13.26,13.55,13.91,14.07,14.16,14.19,14.21,14.27
2025-08-07,14.99,13.87,13.29,13.0,12.99,13.29,13.66,13.84,13.98,14.05,14.08,14.13
2025-08-08,15.12,13.94,13.28,12.94,12.8,13.1,13.53,13.76,13.93,14.04,14.08,14.12
2025-08-11,14.98,13.79,13.17,12.87,12.83,13.11,13.48,13.67,13.81,13.87,13.88,13.92
2025-08-12,14.91,13.8,13.2,12.9,12.81,13.08,13.44,13.64,13.78,13.82,13.82,13.85
2025-08-13,15.03,13.97,13.41,13.13,13.04,13.25,13.53,13.67,13.77,13.77,13.77,13.82
2025-08-14,15.1,14.12,13.59,13.31,13.15,13.3,13.51,13.62,13.7,13.7,13.69,13.72
2025-08-15,14.96,13.89,13.31,13.01,12.86,13.04,13.31,13.44,13.53,13.51,13.48,13.51
2025-08-18,15.15,14.17,13.62,13.32,13.09,13.2,13.38,13.46,13.47,13.42,13.41,13.45
2025-08-19,15.3,14.37,13.82,13.5,13.15,13.18,13.29,13.33,13.3,13.21,13.17,13.2
2025-08-20,14.83,14.04,13.6,13.35,13.18,13.29,13.49,13.58,13.59,13.53,13.48,13.48
2025-08-21,14.88,14.16,13.75,13.54,13.38,13.48,13.65,13.72,13.72,13.66,13.63,13.65
2025-08-22,14.64,13.91,13.5,13.29,13.19,13.35,13.59,13.7,13.75,13.72,13.69,13.7
2025-08-25,14.77,13.95,13.51,13.3,13.25,13.43,13.66,13.77,13.81,13.78,13.78,13.82
2025-08-26,15.04,14.18,13.72,13.49,13.39,13.55,13.78,13.88,13.89,13.84,13.82,13.87
2025-08-27,15.06,14.24,13.79,13.56,13.42,13.55,13.74,13.82,13.84,13.81,13.79,13.83
2025-08-28,14.98,14.23,13.81,13.59,13.47,13.6,13.79,13.88,13.9,13.88,13.87,13.9
2025-08-29,15.5,14.75,14.31,14.06,13.78,13.8,13.88,13.91,13.9,13.84,13.82,13.86
2025-09-01,15.27,14.67,14.3,14.08,13.79,13.79,13.84,13.87,13.85,13.8,13.78,13.8
2025-09-02,15.25,14.64,14.28,14.07,13.83,13.83,13.89,13.92,13.91,13.85,13.83,13.84
2025-09-03,15.01,14.33,13.94,13.73,13.54,13.6,13.72,13.79,13.81,13.78,13.75,13.75
2025-09-04,15.28,14.45,13.97,13.7,13.44,13.48,13.57,13.63,13.68,13.67,13.65,13.65
2025-09-05,14.94,14.25,13.86,13.64,13.44,13.48,13.58,13.63,13.67,13.66,13.64,13.64
2025-09-08,14.96,14.19,13.75,13.51,13.31,13.37,13.49,13.57,13.62,13.62,13.6,13.6
2025-09-09,15.03,14.37,13.99,13.77,13.53,13.55,13.62,13.67,13.71,13.69,13.66,13.65
2025-09-10,14.7,14.07,13.71,13.52,13.39,13.49,13.65,13.72,13.74,13.7,13.68,13.7
2025-09-11,15.1,14.39,13.97,13.74,13.53,13.6,13.73,13.8,13.81,13.76,13.72,13.71
2025-09-12,15.5,14.75,14.31,14.06,13.8,13.84,13.94,13.98,13.97,13.92,13.89,13.91
2025-09-15,14.91,14.29,13.96,13.79,13.72,13.83,14.0,14.07,14.09,14.06,14.05,14.08
2025-09-16,15.2,14.6,14.26,14.07,13.9,13.95,14.07,14.12,14.14,14.1,14.07,14.07
2025-09-17,14.84,14.34,14.07,13.92,13.82,13.9,14.01,14.07,14.08,14.05,14.04,14.05
2025-09-18,14.85,14.39,14.14,14.01,13.93,14.0,14.11,14.18,14.23,14.2,14.17,14.18
2025-09-19,14.84,14.46,14.23,14.1,14.03,14.14,14.33,14.43,14.45,14.4,14.37,14.41
2025-09-22,14.73,14.38,14.18,14.08,14.06,14.16,14.32,14.4,14.42,14.39,14.36,14.35
2025-09-23,14.3,14.01,13.88,13.84,13.97,14.13,14.34,14.43,14.48,14.47,14.45,14.46
2025-09-24,14.12,13.9,13.83,13.82,14.03,14.24,14.48,14.58,14.61,14.59,14.58,14.59
2025-09-25,14.29,14.09,14.02,14.01,14.18,14.36,14.56,14.68,14.76,14.76,14.75,14.76
2025-09-26,14.01,13.86,13.81,13.82,14.06,14.3,14.58,14.72,14.8,14.82,14.82,14.84
2025-09-29,14.2,14.05,14.01,14.03,14.29,14.5,14.76,14.88,14.93,14.92,14.92,14.96
2025-09-30,14.47,14.31,14.25,14.25,14.42,14.59,14.8,14.9,14.93,14.92,14.9,14.92
2025-10-01,14.15,14.15,14.19,14.25,14.48,14.65,14.83,14.92,14.95,14.93,14.92,14.93
2025-10-02,14.49,14.49,14.52,14.55,14.7,14.81,14.94,14.99,15.01,14.99,14.98,14.99
2025-10-03,14.63,14.61,14.6,14.6,14.67,14.77,14.9,14.96,14.98,14.94,14.93,14.94
2025-10-06,15.03,14.77,14.64,14.59,14.65,14.77,14.92,14.98,15.0,14.97,14.96,14.99
2025-10-07,15.3,14.97,14.8,14.71,14.71,14.8,14.92,14.97,14.98,14.96,14.94,14.97
2025-10-08,15.41,15.14,14.99,14.93,14.93,15.01,15.12,15.16,15.15,15.11,15.1,15.13
2025-10-09,14.87,14.84,14.83,14.84,14.9,14.95,15.02,15.04,15.02,14.97,14.96,14.99
2025-10-10,14.93,14.95,14.96,14.98,15.02,15.06,15.11,15.12,15.09,15.03,15.02,15.04
2025-10-13,14.88,14.93,14.97,15.0,15.1,15.16,15.19,15.17,15.1,15.0,14.95,14.93
2025-10-14,14.56,14.73,14.88,15.0,15.3,15.42,15.42,15.31,15.13,14.9,14.77,14.64
2025-10-15,14.48,14.67,14.83,14.97,15.31,15.45,15.44,15.31,15.08,14.81,14.66,14.54
2025-10-16,14.16,14.35,14.52,14.65,14.97,15.09,15.09,14.99,14.79,14.52,14.36,14.2
2025-10-17,13.9,14.11,14.28,14.42,14.75,14.88,14.91,14.82,14.63,14.36,14.19,14.03
2025-10-20,12.77,13.35,13.81,14.18,14.98,15.17,15.04,14.83,14.59,14.36,14.24,14.12
2025-10-21,13.15,13.54,13.88,14.16,14.91,15.25,15.34,15.16,14.81,14.4,14.17,13.97
2025-10-22,12.86,13.27,13.62,13.92,14.68,15.05,15.21,15.07,14.79,14.41,14.19,13.97
2025-10-23,12.86,13.27,13.62,13.91,14.71,15.1,15.28,15.17,14.91,14.56,14.36,14.17
2025-10-24,12.64,13.08,13.46,13.79,14.67,15.12,15.35,15.24,14.97,14.62,14.42,14.24
2025-10-27,12.72,13.19,13.59,13.92,14.76,15.2,15.46,15.4,15.15,14.81,14.6,14.4
2025-10-28,12.54,12.99,13.38,13.71,14.6,15.07,15.36,15.29,15.04,14.71,14.52,14.35
2025-10-29,12.48,12.95,13.34,13.65,14.42,14.83,15.11,15.08,14.86,14.52,14.31,14.09
2025-10-30,12.39,12.84,13.22,13.55,14.41,14.83,15.04,14.94,14.68,14.33,14.13,13.94
2025-10-31,12.3,12.76,13.15,13.48,14.38,14.84,15.11,15.02,14.77,14.41,14.2,14.02
2025-11-03,11.73,12.38,12.92,13.36,14.44,14.82,14.91,14.78,14.58,14.34,14.21,14.08
2025-11-04,,,,,,,,,,,,
2025-11-05,12.14,12.59,12.98,13.31,14.22,14.69,14.96,14.9,14.65,14.32,14.12,13.95
2025-11-06,11.86,12.38,12.83,13.22,14.26,14.78,15.06,14.96,14.68,14.3,14.09,13.9
2025-11-07,11.98,12.46,12.88,13.24,14.2,14.68,14.97,14.91,14.66,14.32,14.12,13.95
2025-11-10,11.98,12.45,12.85,13.2,14.13,14.6,14.86,14.78,14.52,14.17,13.97,13.78
2025-11-11,11.88,12.35,12.76,13.1,14.04,14.49,14.76,14.68,14.42,14.05,13.84,13.64
2025-11-12,11.63,12.15,12.59,12.97,13.97,14.45,14.72,14.63,14.36,13.98,13.75,13.54
2025-11-13,11.31,11.85,12.32,12.71,13.79,14.33,14.67,14.61,14.35,13.98,13.77,13.57
2025-11-14,11.33,11.88,12.36,12.76,13.85,14.39,14.73,14.66,14.36,13.94,13.7,13.49
2025-11-17,11.31,11.89,12.39,12.82,13.97,14.54,14.83,14.71,14.38,13.95,13.71,13.48
2025-11-18,11.84,12.32,12.73,13.08,14.03,14.5,14.78,14.69,14.38,13.96,13.72,13.52
2025-11-19,11.91,12.38,12.78,13.12,14.02,14.46,14.7,14.61,14.31,13.92,13.68,13.48
2025-11-20,12.11,12.55,12.92,13.23,14.07,14.47,14.7,14.62,14.35,13.97,13.75,13.56
2025-11-21,12.66,13.01,13.3,13.54,14.16,14.44,14.6,14.52,14.27,13.91,13.7,13.52
2025-11-24,12.62,12.98,13.29,13.55,14.23,14.54,14.68,14.56,14.27,13.88,13.66,13.48
2025-11-25,12.82,13.16,13.44,13.68,14.28,14.54,14.68,14.6,14.34,13.97,13.75,13.58
2025-11-26,13.16,13.49,13.77,13.99,14.54,14.76,14.81,14.67,14.37,13.94,13.69,13.5
2025-11-27,13.06,13.41,13.7,13.95,14.57,14.83,14.88,14.72,14.41,14.01,13.78,13.59
2025-11-28,13.23,13.55,13.81,14.03,14.57,14.78,14.82,14.65,14.33,13.91,13.67,13.48
2025-12-01,13.18,13.53,13.83,14.07,14.69,14.94,14.95,14.73,14.35,13.86,13.59,13.37
2025-12-02,13.22,13.55,13.83,14.05,14.6,14.82,14.86,14.68,14.33,13.87,13.61,13.39
2025-12-03,13.47,13.74,13.96,14.13,14.54,14.7,14.74,14.61,14.31,13.89,13.65,13.46
2025-12-04,13.1,13.41,13.66,13.87,14.39,14.61,14.67,14.54,14.25,13.82,13.58,13.4
2025-12-05,13.35,13.59,13.79,13.96,14.37,14.54,14.55,14.4,14.14,13.78,13.57,13.41
2025-12-08,13.34,13.6,13.81,13.98,14.41,14.57,14.58,14.44,14.15,13.78,13.56,13.36
2025-12-09,13.09,13.38,13.62,13.82,14.33,14.54,14.59,14.46,14.21,13.89,13.7,13.52
2025-12-10,13.19,13.47,13.7,13.9,14.39,14.59,14.63,14.48,14.21,13.87,13.67,13.51
2025-12-11,13.3,13.57,13.78,13.95,14.35,14.5,14.52,14.39,14.11,13.73,13.51,13.34
2025-12-12,13.63,13.79,13.91,14.0,14.22,14.34,14.38,14.3,14.12,13.82,13.64,13.5
2025-12-15,13.47,13.66,13.82,13.96,14.29,14.44,14.46,14.36,14.15,13.81,13.62,13.52
2025-12-16,13.34,13.55,13.72,13.86,14.17,14.33,14.42,14.38,14.2,13.87,13.66,13.5
2025-12-17,13.48,13.68,13.84,13.96,14.24,14.41,14.51,14.42,14.15,13.76,13.55,13.41
2025-12-18,13.4,13.6,13.77,13.91,14.22,14.35,14.41,14.34,14.12,13.76,13.54,13.38
2025-12-19,13.25,13.52,13.74,13.92,14.33,14.5,14.56,14.46,14.21,13.79,13.54,13.34
2025-12-22,12.94,13.29,13.57,13.81,14.4,14.64,14.71,14.57,14.27,13.85,13.6,13.41
2025-12-23,13.03,13.36,13.63,13.85,14.4,14.62,14.7,14.59,14.31,13.89,13.64,13.43
2025-12-24,12.86,13.21,13.51,13.75,14.35,14.6,14.69,14.6,14.37,13.95,13.68,13.44
2025-12-25,12.84,13.21,13.52,13.78,14.39,14.66,14.79,14.7,14.45,14.06,13.82,13.61
2025-12-26,12.72,13.09,13.4,13.66,14.34,14.66,14.8,14.7,14.44,14.07,13.85,13.68
2025-12-29,12.72,13.06,13.35,13.6,14.25,14.55,14.72,14.65,14.44,14.12,13.93,13.76
2025-12-30,12.1,12.5,12.84,13.14,13.92,14.3,14.58,14.59,14.44,14.11,13.91,13.79
2025-12-31,,,,,,,,,,,,
2026-01-01,,,,,,,,,,,,
